cond,fuel_model,t_s,fuel_lbs,weight,cg_x,cg_z,psi,rpm,ff_lbh,shp,p_rotor_hp,h,u_air,c0,c1,c2,c3,theta_deg,phi_deg
hover,chart,0.075,1780.0,10280.0,172.69260700389106,68.59338521400778,6.364198430588797,324.07032916542187,517.1962736674748,609.4495969962331,212.9529404318874,300.00000000037426,0.0,0.7066410708776002,-0.22286717348938112,0.25690766940177556,0.4122945490502536,3.1805546814635168e-15,2.9404043342097178e-15
hover,chart,60.000000000000846,1766.68793523932,10266.704559168711,172.68832391113895,68.63300382196493,59.36823846714199,306.6821611920272,797.9515431556322,1294.4990951365364,1000.7200863358981,300.011871799049,0.0636498389879897,0.7675305838246892,-0.15637987376103735,0.21149159579998317,0.5367992141433344,-0.45356724367547796,-2.9280270269907915
hover,chart,120.00000000000311,1753.3919163427988,10253.408534488417,172.68402952192557,68.67272692218849,59.14108327026227,307.6990330484839,797.6721033257345,1293.8174108651576,1000.4357903273254,300.01912881987664,0.0237269997052992,0.7626637029016818,-0.1545392888600117,0.21016070362178177,0.5326712323478879,-0.43818807821522016,-2.9030032505308347
hover,chart,180.07499999999553,1740.0833395606796,10240.09995205149,172.67971990906312,68.71259084116589,58.904683378174454,308.77577907431896,797.3999374825075,1293.1533682886102,1000.1598382002211,300.0212416050763,0.0008192125886215314,0.7575724930757479,-0.15361248961006685,0.20893143255896907,0.5283398652927971,-0.4171788910017039,-2.922816508128417
hover,chart,240.07499999998643,1726.795278330334,10226.811885973275,172.67540574921173,68.75249681979159,58.67241460068648,309.86202919394316,797.1675284501846,1292.5862811026825,999.9551217582756,300.02100572939025,0.0028619331606284755,0.7525151614172072,-0.1534286949328357,0.20823655178946673,0.524033012423267,-0.42272378885696327,-2.9159638266292025
hover,chart,300.07499999997736,1713.5111202101523,10213.527722567738,172.6710816356944,68.79249486982673,58.43829340201893,310.9544489974667,796.9182199191022,1291.978002265639,999.7149436274404,300.02280499735525,-0.00011321781751132468,0.7474604577967849,-0.15304791810339022,0.2076206523046398,0.5197123823734198,-0.4188760820797216,-2.9253266346053337
hover,chart,360.07499999996827,1700.2306653927815,10200.247263686373,172.66674746983412,68.8325859040342,58.21970446929849,312.0069375638418,796.718319094885,1291.4901745346995,999.5786295257072,300.0196735500531,0.00037572664332118555,0.7426581035736479,-0.1528391794767869,0.20687814661961404,0.5157289070606553,-0.4204773442693631,-2.9101958610613496
hover,chart,420.0749999999592,1686.953988233534,10186.970582392936,172.6624032409826,68.8727700209107,58.00150768302905,313.06326818871395,796.5220554798072,1291.0112993864836,999.4432009269258,300.02028326593654,-0.007080880076308959,0.7378841686155749,-0.15233557784493354,0.20630953419284215,0.5117749340598019,-0.41542292575166434,-2.9153875391863733
hover,chart,480.0749999999501,1673.6810234395334,10173.697612427459,172.6580488928167,68.91304774144548,57.78113273156842,314.1098368361119,796.2711385953452,1290.3990371678528,999.2080768082633,300.01924023956144,-0.0007000903965191819,0.733141503483242,-0.15235146658979426,0.2056502427139627,0.5077698012289191,-0.40054475501777265,-2.9199433167587805
hover,chart,540.0749999999623,1660.4117469653568,10160.428332176623,172.65368438333186,68.95341945418025,57.57112294635374,315.14759398272565,796.0900475196497,1289.9571749955362,999.1049543355599,300.01944801801164,-0.004800611782721548,0.7285329350195021,-0.15197390779210973,0.20524510264038806,0.504076763389199,-0.42262689331896414,-2.9246846647853038
hover,chart,600.0749999999987,1647.1460970600137,10147.162676961052,172.64930965606803,68.99388568137046,57.35817530294989,316.1650949166326,795.8367184174774,1289.3390271703452,998.8651681553614,300.01842885271344,5.5757476454742815e-05,0.7239869353789504,-0.15184490151961644,0.20427699158651846,0.5003088527976467,-0.409275631036908,-2.8986747598852323
hover,chart,660.000000000035,1633.9005692888568,10133.917144738914,172.64493013763672,69.03439622686027,57.15410904836486,317.1656557453251,795.6178052608018,1288.8048568763465,998.7040428032813,300.01747815878934,0.002312811851358494,0.7195704814612731,-0.15201777120124124,0.20357523764311078,0.49683236011613663,-0.4012166323537481,-2.882545521405373
hover,chart,720.0000000000714,1620.642059854114,10120.658631088514,172.64053484665916,69.0750526684027,56.95112155514343,318.1741734509574,795.4218959360796,1288.3268375458997,998.5607894569572,300.0177452876501,0.010837987613864033,0.7151787450267283,-0.1517502242544923,0.20326209752085592,0.49319350561049063,-0.38992629233861725,-2.8861526805448827
hover,chart,780.0000000001078,1607.3870918146404,10107.403658309431,172.63612920296816,69.11580487254463,56.74888529271229,319.1704707798441,795.1929862519896,1287.7682987975268,998.3705060075838,300.0179179686161,2.5781348420397144e-05,0.7108384405791353,-0.15117915042004118,0.2023634607521808,0.48973140360889456,-0.3890924825753415,-2.8877872848242774
hover,chart,840.0000000001442,1594.1356659713356,10094.152228065495,172.6317131709717,69.15665316851208,56.550084465123824,320.1643165797688,794.9792378703119,1287.2467455618782,998.2143511964105,300.0177466803257,-0.0004845282312824714,0.7065511600715385,-0.1509462777490064,0.2018279272950443,0.4863288646971204,-0.4004780171460486,-2.8883011767411686
hover,chart,900.0000000001805,1580.8876964542503,10080.904254327252,172.6272866855763,69.1975981584192,56.35713938353812,321.13704800809097,794.778343064065,1286.7565461171023,998.076317373917,300.0171537680717,3.659297034090817e-05,0.7023937554104945,-0.15076692910108946,0.20107978044157732,0.483076191717502,-0.38956094304262134,-2.8723962103246445
hover,chart,960.0000000002169,1567.6432615604012,10067.659814971876,172.6228497361981,69.23863994016753,56.16138870020061,322.12550744156,794.5633767368136,1286.2320252233444,997.9157368222023,300.0171875234464,-0.0009748553138383446,0.6981886472407519,-0.150502524777089,0.20056516783602568,0.47975548085762854,-0.41289807022144076,-2.8847836864901217
hover,chart,1020.0000000002533,1554.4021349246784,10054.41868408219,172.6184022101817,69.27977955581913,55.9743937626067,323.0764453202023,794.3604420170831,1285.73685834581,997.7708871940439,300.01706530460933,0.0012880531362967995,0.6941754444746816,-0.1503698907878488,0.19997689394733426,0.4766364105449717,-0.38597043859180774,-2.8778167497984835
hover,chart,1080.0000000002897,1541.1645472902142,10041.181092406207,172.6139441478938,69.3210166319822,55.78522331893394,324.05267348397365,794.1660891393658,1285.2626513544226,997.6480470917197,300.01793042838335,-0.003159624221737892,0.6900936703020965,-0.15001286139813677,0.19951471352281408,0.47343258104809166,-0.3918653506103264,-2.8833430538050373
hover,chart,1140.000000000326,1527.9302209862822,10027.946761770545,172.60947541827625,69.36235238094459,55.602736850312006,324.98786184842146,793.9556333419396,1284.7491040284137,997.5014029737654,300.0163926841865,-0.0013929961703143712,0.6861893908820346,-0.14985758827162973,0.19888374014874605,0.4704798772308853,-0.3883237713969948,-2.8758218665895128
hover,chart,1200.0000000003624,1514.6993220101326,10014.715858611266,172.60499603982626,69.40378663160709,55.41982131402615,325.93615533388055,793.75692249597,1284.264236869885,997.3643539631901,300.01596141064374,-0.0010875765472606652,0.6822709731591983,-0.1496808888668536,0.1983797178560357,0.4674642756952589,-0.3785191223579986,-2.8863644551147005
hover,chart,1260.0000000003988,1501.4717162659247,10001.48824882289,172.60050592930492,69.44532015392956,55.24160028254668,326.86709380719805,793.5612405002603,1283.7867611854208,997.244994291032,300.01557077336065,-0.0013050477900025447,0.6784468473505079,-0.14946591931124503,0.1977756295158268,0.46459665996883714,-0.38516027523676993,-2.873574914724954
hover,chart,1320.0000000004352,1488.247397817328,9988.263926209765,172.5960050464043,69.48695332076021,55.06459840704512,327.7932015037849,793.362427056971,1283.3016502887904,997.1113996275369,300.01544869687905,-0.000807814729032347,0.6746655065340994,-0.1493465690603379,0.19723095232405646,0.4617394437829465,-0.38091297525806894,-2.8759483019708645
hover,chart,1380.0000000004716,1475.02625803513,9975.042782366432,172.5914933156874,69.52868682989141,54.89306586287085,328.69563347129235,793.1678666675361,1282.826922352973,996.9915093454282,300.0155739481211,0.00025846610406131534,0.6710030047414933,-0.14918157042276392,0.196534454925594,0.4590588279260268,-0.3823851899618592,-2.855574532208165
hover,chart,1440.000000000508,1461.8085146035369,9961.825034463745,172.58697077268732,69.57052035264238,54.7156419230892,329.62686951848224,792.9513893447528,1282.2987159941767,996.8324686842411,300.0156246715719,0.0030654212654586386,0.6672342837237243,-0.14909512710259903,0.19646273506266854,0.4562246338802774,-0.3854408208399921,-2.885989228539913
hover,chart,1500.0000000005443,1448.5938442563688,9948.610360679611,172.58243726838677,69.61245526742248,54.55203548334885,330.5116579633807,792.7857046840528,1281.8944209204526,996.7616099599252,300.01465030618647,-0.0008321539666032184,0.6637069024293679,-0.14874513947746976,0.19550532195779052,0.4536420777927837,-0.3531639986818025,-2.8581647037410267
hover,chart,1560.0000000005807,1435.382375153413,9935.398887357063,172.57789280677343,69.6544915373459,54.38349154998185,331.4081574778017,792.5841065285422,1281.402521665438,996.6234658739681,300.01481652054554,0.003339364202195447,0.6601297644423209,-0.1487060555650642,0.19486357653835304,0.4510077343541287,-0.35599934854487414,-2.8590053893220664
hover,chart,1620.000000000617,1422.1741180483125,9922.190626431116,172.57333735259738,69.69662948847431,54.217591416111574,332.30614100524843,792.3993395045295,1280.9516865124044,996.5288758650611,300.01480546150606,-0.0017004788094516943,0.6565803170521513,-0.14832393367064284,0.1945483384931462,0.4484374862123736,-0.37414721898449566,-2.855270050694075
hover,chart,1680.0000000006535,1408.9689899319144,9908.985494622299,172.5687708374937,69.73886975318334,54.05607455855038,333.18652892052637,792.2251880497569,1280.5267437814302,996.4372584813884,300.0143430152234,0.0001922699831588949,0.653129302313717,-0.1482912014206662,0.19391330716470187,0.44595152134814137,-0.3464881783450188,-2.8500004614622565
hover,chart,1740.0000000006899,1395.7669286492592,9895.783429280158,172.56419319976234,69.78121290219843,53.89500116782874,334.058227448104,792.0295355572339,1280.0493465612249,996.3155023109222,300.01424708518834,-0.0010987777678631437,0.6497125996317586,-0.14799755071023155,0.1934560194833276,0.44349884675651113,-0.3444366935824217,-2.851049293757786
hover,chart,1800.0000000007262,1382.5680144560579,9882.58451112793,172.55960442719052,69.82365904848763,53.73447419071215,334.93482575012507,791.8403160956705,1279.5876454785794,996.2045234055612,300.0141411638897,-0.00115037521906933,0.6463034222816458,-0.1478252390940932,0.19286778646397124,0.44107213796119343,-0.35853973238750453,-2.8479614860746447
hover,chart,1860.0000000007626,1369.3722506385066,9869.388743502486,172.55500448065905,69.86620855390372,53.57505473783643,335.814380785647,791.6582267241807,1279.1433366517563,996.1059969669371,300.0137829814812,-0.0005431865253726993,0.6429085818995597,-0.147716189542591,0.19248302008252083,0.43862993093338903,-0.3678078532763666,-2.858317614540986
hover,chart,1920.000000000799,1356.1794690812198,9856.195957831995,172.55039326069988,69.90886233852625,53.41967264783093,336.6643192782922,791.460695144603,1278.6613313322318,995.9787863790837,300.0126184629321,0.03394793942460016,0.6396299729123291,-0.14910735250043633,0.19200150815272332,0.4363645331164553,-0.37370970444443585,-2.8461453467285645
hover,chart,1980.0000000008354,1342.989831176427,9843.006316651345,172.5457707832126,69.95162025528344,53.26514956502433,337.539683469108,791.3021184833765,1278.2744279429405,995.9339276613612,300.0138727678209,-0.0010399100485993138,0.6363059042508866,-0.14736139194394046,0.19138436158183997,0.4339994147435002,-0.37850336289459224,-2.8401146086354108
hover,chart,2040.0000000008718,1329.8030435234518,9829.819525017418,172.54113690353435,69.99448364230702,53.115843568330696,338.36502417055607,791.1113388818544,1277.8089131333495,995.813701406967,300.0134178039202,-0.0006154317728992644,0.6331591640522747,-0.1472159491096924,0.19097304876605917,0.4318147821143874,-0.3570019579521234,-2.848517302736118
hover,chart,2100.0000000007503,1316.6193111363016,9816.635788953494,172.53649165243968,70.03745221493314,52.96624466953185,339.2063548632465,790.934268480948,1277.3768517853402,995.7268799397723,300.01310743026806,-0.0006714034237250714,0.6299814526306817,-0.14708400047563097,0.19047735465990587,0.429634005136684,-0.3582847916179806,-2.842874508525399
hover,chart,2160.000000000605,1303.4749974377928,9803.491340386341,172.5318478061041,70.08040779353675,53.30934332447998,332.8547145660631,784.4520690062556,1261.556698085603,983.1661948004152,299.8504278874748,0.06736339654474434,0.648750735330673,-0.14982797997174854,0.19714025728615892,0.4426898335939804,-0.268795021550351,-2.9187841633658826
hover,chart,2220.0000000004593,1290.460779613718,9790.47699482332,172.52723763939414,70.12305183560422,53.64132524712718,326.872441182106,778.3254924557018,1246.6099687598592,971.3781595245845,299.9547277308666,0.0008420352218834496,0.6669630809100631,-0.14962949020615002,0.1966137843048165,0.45600750694231906,-0.3586964383597576,-2.8273639448310828
hover,chart,2280.000000000314,1277.511634957415,9777.527798670628,172.5226383703432,70.16559507432544,53.69988088591035,324.9364691264912,775.8570843386614,1240.587698420542,966.7231704278579,299.98684463184554,-0.0005307015236995971,0.6726333412551552,-0.15008694707393963,0.197904750023393,0.46010100588552055,-0.3610692507531405,-2.8691846025381347
hover,chart,2340.0000000001683,1264.5933379531295,9764.609471726797,172.5180379104309,70.20814932851412,53.65137974553352,324.3110085082163,774.4196497918663,1237.0805704005847,964.140846656607,299.9978920472431,0.0006023845852479374,0.6739852336626766,-0.15021977970521586,0.19812780301621438,0.46111763243478,-0.3905139446903755,-2.863807709767703
hover,chart,2400.0000000000227,1251.6958335181566,9751.711944376315,172.51343269838816,70.25074753990944,53.56838845243061,324.108779478422,773.3216419899017,1234.4014876416065,962.2194323377596,300.0013976293144,-0.00048158884036902656,0.6739352880258823,-0.15024843503483357,0.1983627553842639,0.46101858808834045,-0.3792348327292509,-2.8849067208332855
hover,chart,2460.074999999877,1238.7992425515451,9738.81533328483,172.50881561704983,70.29345554228941,53.47693452125325,324.04312936930006,772.354185786351,1232.0408973191265,960.567914523678,300.00231506781483,-0.0011721925604870514,0.6734447967979482,-0.1502262306132572,0.1981523740684459,0.46069071982591975,-0.39642870893379406,-2.866740503540194
hover,chart,2520.0749999997315,1225.9346713460077,9725.950742607927,172.5041978003188,70.3361703470513,53.38143799583327,324.0219522061432,771.4188059547112,1229.7585595700764,958.9723115828025,300.0025606388326,-0.0010117970353309613,0.6728036875392144,-0.15029417602393527,0.19825705438375787,0.4601672677438547,-0.38985244731754326,-2.8771566618103535
hover,chart,2580.074999999586,1213.08549225911,9713.10154417409,172.49957329845967,70.37894698924845,53.28418228479122,324.01524335589215,770.4914566508696,1227.4958183591514,957.3934416514732,300.00290377522606,-0.001053288570560825,0.6721124463099419,-0.15028375777738553,0.198197637307779,0.4596473078232339,-0.39909025135513915,-2.874849811264669
hover,chart,2640.0749999994405,1200.2517909463156,9700.267823833443,172.49494213794156,70.42178522404065,53.187829937147576,324.0128876893912,769.5782279193193,1225.2675242872187,955.8397773338663,300.00291851209477,-0.0022450312754509977,0.671413521301764,-0.1502853060652198,0.19819526690981618,0.4590978263659147,-0.3884719253888737,-2.878669888829467
hover,chart,2700.074999999295,1187.4331931491618,9687.449206708648,172.49030417868363,70.46468634717648,53.089645619839864,324.01240228541434,768.6464835659178,1222.9940544303472,954.2641212246953,300.0029797064303,-0.0016118522780622598,0.6706895490214005,-0.15029073844429883,0.19817868538767525,0.45855896067904706,-0.38266555684370684,-2.883553370314806
hover,chart,2760.0749999991494,1174.629796379309,9674.645791143294,172.4856594511062,70.50765007726802,52.99414591678157,324.0120427160091,767.7473608238787,1220.8001809166042,952.7366647516751,300.0030692716582,-0.0008570828260912847,0.669994368268819,-0.15028226782842605,0.19790034974773169,0.45808513005414625,-0.4038559947535018,-2.864304304856495
hover,chart,2820.074999999004,1161.8416936066928,9661.857669423032,172.48100798383732,70.55067614950498,52.897838389573764,324.01189052126307,766.8402980189135,1218.5869282146984,951.1877212117669,300.0029046917689,-0.00016701693800867152,0.6692911786660405,-0.1503753320388114,0.19802592428100763,0.4575161263507482,-0.37411598523149775,-2.8782506291058265
hover,chart,2880.0749999988584,1149.0685583717798,9649.084515256665,172.47634965304314,70.59376570935076,52.80158509278979,324.0119118412142,765.9293766001399,1216.3642671630466,949.6465332890964,300.00304050568275,-0.0006461484110446139,0.6685805390191518,-0.1503137318297784,0.19788663479951046,0.45700122720761654,-0.385438152458684,-2.867453635889383
hover,chart,2940.074999998713,1136.3107126474067,9636.326650506093,172.47168457098596,70.63691771838003,52.70485530749778,324.0118995690977,765.0168546038815,1214.1376942291652,948.095120631795,300.00288245188176,0.0007969814461266155,0.6678701338220497,-0.1504095791927883,0.197827308147138,0.4564633314989255,-0.3964876415368088,-2.8687393590617205
hover,chart,3000.0749999985674,1123.567917089061,9623.583836308233,172.4670126453595,70.68013303042491,52.61011413385243,324.0117488769316,764.1229018571562,1211.9564351511433,946.5786727833915,300.002934486266,-0.00028397107782863844,0.667174003497063,-0.1503896117535997,0.19776601728816512,0.45596352374173577,-0.37679881690373523,-2.863803623556547
hover,chart,3060.074999998422,1110.8400572821488,9610.855957648891,172.46233382855553,70.72341208586133,52.514253988459544,324.0118226226455,763.2177417110091,1209.747829159566,945.0416436687833,300.00295361280587,-0.0010723576605864774,0.6664670144108076,-0.15033054948648236,0.19772975865552816,0.45542625660879,-0.3688151890272891,-2.8661278671402868
hover,chart,3120.0749999982763,1098.127267376549,9598.143148957217,172.45764816461462,70.76675447731455,52.418738287120625,324.01185275600557,762.3147750029195,1207.5445751614316,943.510799461324,300.0029771057757,0.001272977047383831,0.6657607232438504,-0.15041201023521455,0.19766224513233047,0.4548969338537917,-0.37908230099388845,-2.865728239026514
hover,chart,3180.074999998131,1085.429660660745,9585.445523334762,172.45295569024614,70.81015986522304,52.32261460075744,324.01185167715965,761.4057450597443,1205.3265262550358,941.970370965861,300.00297036864913,0.0023486194987547325,0.6650489180900512,-0.15049159295368816,0.19762272235843756,0.45436250228400743,-0.3962931158134188,-2.866570261103297
hover,chart,3240.0749999979853,1072.7472105559175,9572.76305415187,172.44825639079684,70.8536283851292,52.225613366519205,324.0118881642299,760.4932873609054,1203.1001135918666,940.411782089808,300.0029624116446,0.0006177021866436744,0.6643366671272074,-0.15044428020838496,0.1976281419213524,0.45380928462001735,-0.39457129924195505,-2.8740646692110183
hover,chart,3300.0749999978398,1060.079583387943,9560.095408697798,172.44355013768305,70.89716122643159,52.1326841138127,324.0116423954377,759.6151118028072,1200.9573515544819,938.9266435996261,300.00304313408105,-0.0007924544479768236,0.6636492430254414,-0.15036944404513217,0.19742646269142985,0.4533400212881907,-0.39110662068628305,-2.8588896688863255
hover,chart,3360.0749999976942,1047.4270110004918,9547.44281732067,172.43883701106665,70.94075764763356,52.03611286487258,324.0117991704733,758.7036273596325,1198.733312671088,937.374962781803,300.002993432131,0.0008235087209637073,0.6629339594306541,-0.15044916948626344,0.19751820238709186,0.45276550240782953,-0.39814898688851014,-2.8717810516945077
hover,chart,3420.0749999975487,1034.7892877674676,9534.805075632255,172.43411692947006,70.98441840240194,51.94230195416554,324.01168271018025,757.8160997230807,1196.5677306788252,935.8726499179053,300.0030250965651,-0.0005041011682742591,0.6622366382317457,-0.15041363258385723,0.19743414801463352,0.4522595335496507,-0.3944325298258143,-2.8667673236906426
hover,chart,3480.074999997403,1022.1663028022349,9522.182072312546,172.42938984554175,71.02814392873933,51.84899434818423,324.01162642073785,756.936637728646,1194.4218271931963,934.380114806367,300.00298762241755,0.0002958899515069854,0.661546920367037,-0.15045785496772915,0.19733698116709356,0.45176478616486493,-0.3779104470734992,-2.8626573255049688
hover,chart,3540.0749999972577,1009.5581783402562,9509.573929130518,172.4246557991575,71.0719338577933,51.75380895823675,324.0116899348257,756.0376747231824,1192.2283412397533,932.8542240692404,300.0029553587997,-0.0012248674945377633,0.6608394760336661,-0.15036143779817576,0.19727263688146318,0.45123842228644057,-0.3856427622920647,-2.8641704805609454
hover,chart,3600.074999997112,996.9649365727768,9496.980669135253,172.41991479349872,71.11578816013709,51.66116792646612,324.01149187253486,755.1594598310785,1190.0854783430357,931.3708291117714,300.00279881495317,-0.0016771947535100128,0.6601469201289616,-0.15042007281967104,0.19717299940469712,0.45074064563442556,-0.37255817448573364,-2.856613838866859
hover,chart,3660.0749999969667,984.3863754845833,9484.402089328425,172.41516674643563,71.1597075954705,51.56597662264038,324.0116386678178,754.2627507984799,1187.8974956713416,929.8436995757005,300.00293142365035,-0.0011523764045210886,0.6594410431941632,-0.15039109585858518,0.19720841626745128,0.4501939089773244,-0.38184149636401565,-2.863765038129167
hover,chart,3720.074999996821,971.8227499798718,9471.83844492415,172.41041174871177,71.20369132441623,51.469831860550535,324.0119965219583,753.3609559599963,1185.6970999700231,928.3049545636554,300.002898646881,0.004368957416927662,0.6587324333390887,-0.15065793510469716,0.19745173936897545,0.4496707975500808,-0.3957715434006724,-2.874432385830645
hover,chart,3780.0749999966756,959.273822479648,9459.289499598715,172.40564970535658,71.24774022545158,51.37928822717272,324.01147943182633,752.498602827749,1183.5929436159927,926.8528858513228,300.0029095289665,-0.0007002559102026957,0.6580490520555052,-0.15043004433257376,0.19709377927255142,0.44916632952818053,-0.3710720188220873,-2.863711160632198
hover,chart,3840.07499999653,946.739532200872,9446.755190867629,172.4008805867153,71.29185457288379,51.28546177128319,324.0115579307702,751.6150900177213,1181.4371566861003,925.3507725116783,300.00291003010534,0.0023277453086417424,0.6573522482253333,-0.15054989112249714,0.19704873615058224,0.44865353131792296,-0.3805797748028403,-2.863004598647592
hover,chart,3900.0749999963846,934.2200355631705,9434.235675757598,172.3961044467686,71.33603386739061,51.19154255164218,324.0115814158415,750.7287635572939,1179.2745111764636,923.8447838703262,300.00321457233713,-0.0012207593525553457,0.6566514597744878,-0.15044786474412128,0.1970706742893303,0.44811356136077934,-0.38582781867375754,-2.869625093158027
hover,chart,3960.074999996239,921.7152789822346,9421.730900832188,172.39132125955783,71.3802783490899,51.098286591640495,324.01151636496314,749.8443436463494,1177.1165013419616,922.3533398829302,300.0027281675393,-0.0015360220442932216,0.6559491704723222,-0.15044826268468114,0.19703517953713157,0.44761244600063976,-0.39415497156979085,-2.8651195815398465
hover,chart,4020.0749999960935,909.2251292546119,9409.24073299065,172.38653096835014,71.42458854276107,51.00621887473528,324.0113526235478,748.9796992105889,1175.0067558266844,920.8806081953867,300.0028284674527,0.00025657565825187585,0.6552679986651331,-0.15055371434596274,0.19687199279289924,0.44714207605738004,-0.3889933130101801,-2.8573956214393057
hover,chart,4080.074999995948,896.7495209568149,9396.765106312112,172.38173354177377,71.46896473859287,50.912751415611424,324.01146298877626,748.0970826758983,1172.8531579558548,919.380717737605,300.0029100645829,-0.00027224204819116125,0.6545674627462785,-0.15050207940105356,0.1968628115111219,0.44659923811466484,-0.38499151610557536,-2.8652874426357533
hover,chart,4140.0749999958025,884.288528697094,9384.304095864569,172.3769290026542,71.51340672544833,50.820285176157405,324.0114439204358,747.223089976184,1170.7206029378558,917.898901114845,300.0030412995675,-0.0015858459980030533,0.6538732145264984,-0.15046497745338516,0.19687335404323061,0.4460688605753025,-0.3935632519681453,-2.869448911596218
hover,chart,4200.074999995657,871.8422409624482,9371.857789915573,172.3721173792687,71.55791424176456,50.72769441455044,324.0113564621625,746.349049656571,1168.587924565762,916.420074406939,300.0027962489162,-0.001009065313314736,0.6531793815991893,-0.150490496238103,0.19671201086279175,0.4456062577875662,-0.4037401864604958,-2.859390995006126
hover,chart,4260.0749999955115,859.4105144611892,9359.426045228614,172.3672986104385,71.60248785344379,50.63524617945145,324.0112896937121,745.474040414011,1166.4528852047988,914.936466574727,300.0027115716666,-0.0020130402343731526,0.6524824350104567,-0.1504919849261068,0.19660593516463878,0.44508165102477715,-0.3918910285896318,-2.860854799683957
hover,chart,4320.074999995366,846.9930008831144,9347.008513790624,172.36247255473918,71.64712886866265,50.54445208196638,324.0112381382968,744.6167717587787,1164.3611378322043,913.4838931269053,300.00285069952406,-0.0018016971696318072,0.651800352994459,-0.15044918109407626,0.1966609769429347,0.4445839414745851,-0.3622871573214344,-2.8628305737694397
hover,chart,4380.07499999522,834.5898648523056,9334.605359747768,172.35763926918506,71.69183676003826,50.45286400353962,324.0113174716513,743.7539008646384,1162.2557184848117,912.0190216308283,300.002884183265,-6.137945294921649e-05,0.6511138267928697,-0.15050889791528224,0.19658986737920411,0.44408852771149254,-0.36244937969216007,-2.861389053611852
hover,chart,4440.074999995075,822.2011750676783,9322.216651923487,172.35279877420732,71.73661133858201,50.36114629038803,324.01132792585565,742.8879973278322,1160.1428986725202,910.5509246811939,300.00287646791867,4.643860028278108e-06,0.6504233427883023,-0.15051893001785305,0.1965388581112345,0.443586203401676,-0.3625879409705411,-2.8612007134708035
hover,chart,4500.074999994929,809.8269047345376,9309.842363582731,172.34795105307072,71.78145275909593,50.26959474959865,324.0113172823959,742.0236338337289,1158.0338366969827,909.0855238531232,300.00287361729715,1.5253630958880015e-07,0.6497335282956361,-0.150526405373589,0.1964873570400589,0.44308501103856435,-0.3626734796111393,-2.861005729532528
hover,chart,4560.074999994784,797.4670269886216,9297.482467862865,172.34309608891198,71.8263611775642,50.17821546570788,324.01129949221973,741.1608862602487,1155.9287175972802,907.6229511206121,300.0028708610348,1.083783752127903e-08,0.6490443906033372,-0.15053398837295373,0.19643586508968205,0.4425849446731172,-0.3627543332293122,-2.8608109998743783
hover,chart,4620.074999994638,785.1215149426539,9285.136937876547,172.33823386477965,71.87133675078832,50.08700734741713,324.01127944072203,740.2997514612205,1153.8275336963763,906.1632023465899,300.0028681535896,4.265825749935225e-09,0.6483559100110214,-0.1505415804920748,0.19638435794710385,0.44208599789785435,-0.3628352978324602,-2.8606177096657563
hover,chart,4680.074999994493,772.790341733128,9272.805746760228,172.3333643636524,71.91637963621542,49.99596993960999,324.0112586881834,739.440227403398,1151.7302800309965,904.7062739702437,300.00286540383786,1.2898649241422905e-10,0.6476680805346121,-0.15054917588402017,0.1963328393672953,0.4415881642063952,-0.36291629931360503,-2.860425846956329
hover,chart,4740.074999994347,760.4734805448863,9260.488867698674,172.32848756844848,71.96148999185141,49.9051027615037,324.0112377457115,738.5823103328595,1149.6369474445241,903.2521592720675,300.0028627517095,-2.444945926509101e-09,0.6469808988608478,-0.150556774670024,0.19628130910800945,0.4410914398862314,-0.3629973417139855,-2.8602354133200034
hover,chart,4800.074999994202,748.1709046192923,9248.186273933181,172.32360346202887,72.00666797623288,49.814405459153086,324.01121677145727,737.7259972264261,1147.5475285574148,901.8008525626282,300.0028600670412,4.6552334544815456e-09,0.6462943636753735,-0.15056437662011402,0.19622976708689183,0.44059582237651557,-0.36307841620741343,-2.8600464170070174
hover,chart,4860.074999994056,735.8825872574665,9235.89793876479,172.3187120271982,72.0519137484169,49.72387762565553,324.0111958199822,736.8712841853715,1145.46201385777,900.3523470411067,300.00285738562843,4.635532965618181e-09,0.6456084731902076,-0.15057198165105806,0.19617821362533777,0.4401013091710712,-0.3631595176779011,-2.859858857439837
hover,chart,4920.074999993911,723.6085018197169,9223.623835553743,172.31381324670437,72.09722746798455,49.6335188922841,324.0111749051059,736.0181677794303,1143.380394974456,898.9066364282446,300.0028546651688,2.379339532272708e-09,0.6449232262569604,-0.1505795899129233,0.19612664874780103,0.43960789800779526,-0.3632406537398045,-2.859672732353107
hover,chart,4980.074999993765,711.3486217266501,9211.363937720562,172.30890710323908,72.14260929503845,49.54332886219179,324.0111540380949,735.1666444027069,1141.3026631113958,897.463713922385,300.0028520000169,5.273673816194413e-10,0.6442386216552608,-0.15058720111291835,0.19607507234354452,0.4391155861649161,-0.3633218252329849,-2.8594880481389136
hover,chart,5040.07499999362,699.1029204585769,9199.118218745483,172.30399357943716,72.18805939020638,49.45330714562259,324.011133218073,734.3167101539758,1139.2288087483882,896.0235728932139,300.0028493511463,1.758062487939624e-09,0.6435546577328842,-0.15059481550609063,0.19602348441667822,0.4386243715618671,-0.3634030293810224,-2.859304808257796
hover,chart,5100.074999993474,686.8713715558819,9186.886652168823,172.29907265787665,72.23357791464134,49.36345338623298,324.0111124414732,733.468361731727,1137.1588238292825,894.5862071836075,300.0028466925155,1.690529912432967e-09,0.642871333523152,-0.1506024329620009,0.1959718852018892,0.4381342518949649,-0.3634842654839731,-2.859123014970182
hover,chart,5160.074999993329,674.6539486184106,9174.669211590352,172.29414432107833,72.27916503002555,49.27376720442411,324.01109171292427,732.6215957408649,1135.0927000694965,893.1516102909615,300.0028440078445,2.336443667934601e-09,0.6421886480284829,-0.15061005350754728,0.1959202747079983,0.43764522475060774,-0.36356553281992404,-2.8589426703535974
hover,chart,5220.074999993183,662.4506253054769,9162.465870669306,172.28920855150577,72.32482089857172,49.18424821062939,324.01107103149985,731.7764082961318,1133.0304279901598,891.7197755538333,300.0028413492082,-1.838637079759429e-09,0.6415065995992879,-0.1506176770294477,0.19586865311582358,0.4371572877978367,-0.3636468300400218,-2.858763777482988
hover,chart,5280.074999993038,650.2613753365266,9150.276603125056,172.28426533156514,72.3705456830223,49.09489602447787,324.01105039699445,730.9327959053107,1130.9719990706144,890.2906964618705,300.0028387296211,4.616045186720179e-09,0.6408251871024669,-0.1506253035270148,0.19581702008611987,0.43667043866202654,-0.36372816314123707,-2.858586339950052
hover,chart,5340.074999992892,638.0861724887683,9138.101382734738,172.27931464360435,72.41633954665978,49.005710278221585,324.01102980821474,730.0907550381432,1128.917404695084,888.8643667125712,300.00283607749907,3.7897537043706425e-09,0.6401444092760565,-0.15063293313431783,0.19576537616832676,0.4361846752454756,-0.3638095256616366,-2.8584103588174186
hover,chart,5400.074999992747,625.9249905993181,9125.940183335402,172.2743564699135,72.46220265330017,48.91669062506879,324.0110092657131,729.2502823800133,1126.866636777652,887.4407802901721,300.00283346116566,2.4180512059845842e-09,0.6394642650274481,-0.15064056544930396,0.19571372118437794,0.4356999949705278,-0.3638909214731341,-2.8582358366563474
hover,chart,5460.074999992601,613.7778035633492,9113.792978822134,172.26939079272415,72.50813516730177,48.82783663745805,324.01098876811756,728.4113740470514,1124.8196858396407,886.0199299988936,300.0028307992775,5.641407809303623e-09,0.6387847529288172,-0.1506482011944414,0.19566205515901874,0.43521639591159095,-0.3639723443271897,-2.858062778696677
hover,chart,5520.074999992456,601.6445853356436,9101.659743149654,172.26441759420968,72.55413725356058,48.73914798203751,324.0109683180865,727.5740266666962,1122.776543653829,884.6018100369437,300.0028281764394,5.067632936520884e-09,0.6381058716966862,-0.15065583969869767,0.19561037827520314,0.4347338754646453,-0.36405380216028826,-2.85789118371156
hover,chart,5580.07499999231,589.5253099288702,9089.54045033055,172.25943685648446,72.60020907751864,48.65062426607639,324.0109479140339,726.7382368860829,1120.737202038431,883.186413716113,300.0028255470879,2.601846379632765e-09,0.6374276204640594,-0.15066348100443763,0.19555869053089767,0.4342524314575966,-0.36413528597273076,-2.857721058473392
hover,chart,5640.0749999921645,577.4199514143903,9077.435074436115,172.25444856160405,72.6463508051625,48.56226513218629,324.01092755584216,725.9040009527982,1118.7016518375754,881.7737348973121,300.00282294051794,5.731018919579492e-09,0.6367499975349613,-0.15067112525900378,0.19550699197833787,0.43377206161014276,-0.36421680290005704,-2.857552404301767
hover,chart,5700.074999992019,565.3284839211633,9065.343589595239,172.24945269156447,72.69256260302896,48.47407022938748,324.01090724213134,725.0713157311484,1116.669885399951,880.363767534634,300.00282032093764,5.901603686749496e-09,0.6360730020945156,-0.15067877256193635,0.1954552826857508,0.4332927636406071,-0.3642983533105758,-2.8573852214728164
hover,chart,5760.0749999918735,553.2508816367033,9053.265969995353,172.2444492283024,72.73884463820315,48.386039132784944,324.01088697642865,724.2401772280364,1114.6418929827416,878.9565044503339,300.0028177241252,4.737868558198997e-09,0.6353966324824326,-0.1506864224921559,0.19540356279880175,0.43281453533006314,-0.36437992995051177,-2.8572195159160443
hover,chart,5820.074999991728,541.1871188061102,9041.2021898815,172.23943815369472,72.78519707832372,48.29817155090284,324.0108667526496,723.4105825928326,1112.6176676292964,877.5519405346757,300.00281510129025,3.993797765813321e-09,0.6347208879419761,-0.15069407549218167,0.19535183225458108,0.43233737445207987,-0.3644615385117114,-2.857055288837022
hover,chart,5880.074999991582,529.1371697320684,9029.152223556275,172.2344194495584,72.83162009158477,48.21046704294102,324.0108465775816,722.5825277931866,1110.5971995024158,876.1500683553617,300.00281252075365,7.930757146502222e-09,0.6340457668296076,-0.1507017313021734,0.19530009115381536,0.4318612786614838,-0.36454317618314286,-2.856892545576891
hover,chart,5940.074999991437,517.1010087747176,9017.11604537976,172.22939309765,72.87811384673765,48.12292530041462,324.0108264467882,721.7560098065976,1108.5804812250926,874.7508825410117,300.00280991092814,5.286540037899019e-09,0.6333712682254412,-0.15070938980490672,0.19524833966032837,0.4313862458061811,-0.36462484323745825,-2.856731284251167
hover,chart,6000.074999991291,505.07861035186266,9005.093629769683,172.22435907966573,72.92467851309213,48.03554594533044,324.0108063591047,720.931025094288,1106.5675041643747,873.3543766486986,300.00280733039153,1.0478788102023659e-08,0.6326973908448879,-0.15071705131043714,0.19519657759835168,0.43091227363014517,-0.36470654047680806,-2.8565715135912533
hover,chart,6060.074999991146,493.0699489383958,8993.084951200859,172.21931737724105,72.97131426052017,47.94832857003654,324.0107863209467,720.1075698458335,1104.5582590225154,871.9605437651799,300.0028047791484,1.151912309834686e-08,0.6320241331576801,-0.150724715456891,0.19514480524606792,0.4304393598152518,-0.36478827032172256,-2.856413229010427
hover,chart,6120.074999991,481.0749990663607,8981.089984205275,172.2142679719506,73.01802125945737,47.86127290568196,324.01076632053315,719.2856413749166,1102.5527392429574,870.5693791472112,300.0028021693247,1.4315121109474345e-08,0.6313514945105173,-0.15073238251389381,0.1950930226794529,0.42996750241828896,-0.36487002309110506,-2.8562564420486196
hover,chart,6180.074999990855,469.0937353240713,8969.108703371163,172.20921084530724,73.0647996809082,47.774378518948154,324.0107463686556,718.4652358668478,1100.5509355197707,869.1808754904608,300.0027995855294,1.648229254044874e-08,0.6306794734902376,-0.15074005227028486,0.19504122984624223,0.4294966989156316,-0.3649518082908824,-2.8561011487360983
hover,chart,6240.074999990709,457.12613235717487,8957.1410833441,172.20414597876288,73.11164969644345,47.68764505385762,324.010726461979,717.6463497143523,1098.5528390508132,867.7950267003066,300.0027970180113,2.1858504029471477e-08,0.6300080685652341,-0.1507477248128707,0.19498942680135825,0.4290269472544955,-0.3650336204909779,-2.855947356351018
hover,chart,6300.074999990564,445.17216486767154,8945.187098826016,172.19907335370746,73.15857147820593,47.601072166673404,324.010706599841,716.8289797605636,1096.558442132864,866.4118268736108,300.002794453751,2.1903998568659316e-08,0.6293372787835215,-0.1507553999492954,0.19493761374887905,0.4285582451882414,-0.36511546401776945,-2.8557950622680366
hover,chart,6360.074999990418,433.231807614116,8933.246724575401,172.19399295146903,73.20556519891129,47.5146595173291,324.0106867794734,716.0131227983383,1094.567736940601,865.0312701585323,300.00279188297554,2.942157046034933e-08,0.6286671031009878,-0.15076307800715202,0.19488579058302094,0.4280905906099248,-0.36519733148945877,-2.855644277377172
hover,chart,6420.074999990273,421.3050354109129,8921.319935406582,172.18890475331324,73.25263103185269,47.428406716858696,324.0106670056163,715.1987751048551,1092.5807143907737,863.653349952907,300.00278933823256,3.148862392612913e-08,0.6279975399674004,-0.15077075856481872,0.1948339575054091,0.427623981173126,-0.3652792333580439,-2.8554949948233643
hover,chart,6480.074999990127,409.3918231293123,8909.406706190743,172.18380874044342,73.29976915089847,47.34231342517659,324.010647274561,714.3859335624437,1090.597366875056,862.278060419945,300.0027867804765,3.7792870847748006e-08,0.6273285884648088,-0.15077844192286427,0.19478211449443175,0.42715841486317757,-0.36536115846723294,-2.855347226675369
hover,chart,6540.074999989982,397.4921456954781,8897.507011853977,172.1787048939998,73.34697973050179,47.256379282668945,324.0106275883415,713.5745947015924,1088.6176859289344,860.9053954158672,300.0027842324821,3.717011727418353e-08,0.6266602472408552,-0.15078612789473694,0.19473026175847707,0.4266938894214826,-0.3654431135130316,-2.855200968819263
hover,chart,6600.074999989836,385.6059780921865,8885.620827378998,172.17359319505994,73.39426294569542,47.17060397613286,324.01060793903673,712.7647555667618,1086.6416643380333,859.5353495253516,300.00278159336995,3.6135259905141974e-08,0.6259925154640904,-0.15079381720380766,0.19467839934524642,0.42623040296209685,-0.36552508582542514,-2.8550562314739407
hover,chart,6660.074999989691,373.7332953591096,8873.748127805384,172.16847362463864,73.44161897209278,47.08498702655652,324.010588346344,711.95641167118,1084.6692911624873,858.1679147298426,300.0027792048295,1.954840170512213e-08,0.6253253908948264,-0.15080150786504035,0.19462652724843088,0.4257679525147638,-0.36560710749162384,-2.854913000161457
hover,chart,6720.074999989545,361.8740725881568,8861.888888225003,172.16334616368565,73.48904798590776,46.999528224758,324.0105687900664,711.1495609401225,1082.700561330673,856.8030872546701,300.0027766666012,2.4857086428468417e-08,0.6246588734363886,-0.15080920169800507,0.1945746453157687,0.4253065367753674,-0.36568914438841654,-2.854771301708579
hover,chart,6780.0749999894,350.0282849284895,8850.043083786937,172.15821079308787,73.5365501639372,46.91422716497643,324.0105492776696,710.3441997065113,1080.735465898827,855.4408602450901,300.00277413487674,3.218029232416426e-08,0.6239929616718617,-0.1508168981886984,0.19452275379483125,0.42484615327552283,-0.3657712083245762,-2.8546311288689705
hover,chart,6840.074999989254,338.19590758343196,8838.210689694439,172.1530674936676,73.58412568357467,46.82908348249331,324.0105298095757,709.5403244753203,1078.7739963385268,854.0812274867649,300.0027716064051,3.740041504042293e-08,0.6233276542212655,-0.15082459722210334,0.19447085278285486,0.4243867998882896,-0.36585330083790096,-2.854492482557411
hover,chart,6900.074999989109,326.3769158129923,8826.391681207451,172.14791624618357,73.63177472280229,46.74409684644229,324.0105103839839,708.737931981631,1076.8161446836468,852.7241833540438,300.0027690942102,3.726584568279231e-08,0.6226629498388028,-0.1508322987537526,0.19441894399661286,0.4239284752657499,-0.3659354201185477,-2.8543553487847206
hover,chart,6960.074999988963,314.57128493115437,8814.58603363989,172.14275703132935,73.67949746020355,46.65926690268583,324.0104910013084,707.9370190884699,1074.8619032800004,851.3697216858806,300.0027665885168,3.350327731844977e-08,0.6219988476101662,-0.15084000298703626,0.19436702429108713,0.4234711757264858,-0.3660175654563808,-2.854219765848005
hover,chart,7020.074999988818,302.77899030621205,8802.79372235998,172.13758982973366,73.72729407496378,46.57459332631676,324.01047166123436,707.1375825751694,1072.911264268689,850.017836951769,300.0027640795711,3.616840482934532e-08,0.6213353463049865,-0.15084770966749325,0.19431509524597426,0.4230148999148727,-0.3660997367150172,-2.8540857212680586
hover,chart,7080.074999988672,291.00000736132694,8791.014722790811,172.13241462196,73.77516474686989,46.49007571906124,324.01045236605137,706.3396187183472,1070.9642185652583,848.6685224349411,300.0027616031689,3.586699929027853e-08,0.620672444374688,-0.1508554188677201,0.19426315696612903,0.4225596457078613,-0.36618193294798257,-2.853953216951669
hover,chart,7140.0749999885265,279.23431157432776,8779.24901041015,172.1272313885067,73.82310965631298,46.40571379523243,324.0104331108628,705.5431248509008,1069.020759660855,847.321773154395,300.00275909422226,3.9275800932339e-08,0.6200101411927836,-0.15086313073579521,0.19421120945404083,0.4221054110655334,-0.3662641612163149,-2.8538222544939864
hover,chart,7200.074999988381,267.4818784770394,8767.496560749743,172.12204010980616,73.87112898429308,46.32150713453789,324.01041390389605,704.7480969542685,1067.080877752359,845.9775820435214,300.00275666988773,3.7847379442388096e-08,0.6193484348631069,-0.15087084476938573,0.19415925288680727,0.4216521936719204,-0.3663464138878352,-2.8536928368008487
hover,chart,7260.0749999882355,255.742683655131,8755.757349395213,172.11684076622467,73.91922291242156,46.237455506771326,324.0103947316427,703.9545329266302,1065.1445677069769,844.6359450098001,300.00275413490954,3.336100371206644e-08,0.618687325295486,-0.15087856150709078,0.194107287411339,0.42119999182279316,-0.36642868752958396,-2.853564970413402
hover,chart,7320.07499998809,244.01670274854138,8744.031351986416,172.11163333806252,73.96739162292158,46.15355848962914,324.0103756033558,703.162428701703,1063.21181960681,843.2968549469947,300.00275165199764,3.687630277400472e-08,0.6180268105183645,-0.15088628081437805,0.19405531284492605,0.4207488031159403,-0.36651098925035347,-2.853438657788569
hover,chart,7380.0749999879445,232.30391145115286,8732.318544217162,172.10641780555338,74.01563529863127,46.06981573318465,324.0103565201583,702.3717810308992,1061.2826255243342,841.9603059033802,300.0027491918686,2.5976642182332676e-08,0.617366889379158,-0.15089400230770722,0.1940033295230127,0.42029862549553293,-0.3665933083420788,-2.8533138978019563
hover,chart,7440.074999987799,220.6042855104589,8720.61890183489,172.10119414886412,74.06395412300687,45.986226938505716,324.0103374777427,701.5825871337572,1059.3569786748437,840.6262927006657,300.00274672848354,3.482149445863136e-08,0.6167075611320041,-0.1509017264423039,0.19395133706296486,0.41984945692825565,-0.36667567277569774,-2.853190695432905
hover,chart,7500.074999987653,208.91780072690656,8708.932400639977,172.09596234809428,74.11234828012775,45.902791754171254,324.0103184767163,700.7948435612803,1057.4348706422288,839.2948093627614,300.0027442520777,3.6676575716878895e-08,0.6160488243211756,-0.1509094528737204,0.1938993360370203,0.4194012953989734,-0.3667580497864049,-2.853069057164776
hover,chart,7560.074999987508,197.24443295512225,8697.259016486978,172.09072238327641,74.16081795469324,45.81950983003092,324.0102995179465,700.0085471493271,1055.5162937070932,837.965849921963,300.0027417984493,3.145182940276558e-08,0.6153906779058361,-0.15091718161522052,0.1938473263545166,0.4189541387343526,-0.3668404530102985,-2.8529489804830526
hover,chart,7620.074999987362,185.5841581024236,8685.598725283144,172.08547423437506,74.20936333203069,45.73638081903049,324.0102806019398,699.2236944360577,1053.601239421739,836.6394084799493,300.0027393676064,3.693807749428785e-08,0.6147331203698819,-0.15092491293150462,0.19379530788721808,0.4185079849677425,-0.36692288155176567,-2.8528304753686844
hover,chart,7680.074999987217,173.9369521290734,8673.951502988684,172.08021788128684,74.25798459809654,45.65340443657327,324.01026172666,698.4402830118916,1051.6897019056662,835.3154800795472,300.00273687818753,3.630778324701915e-08,0.6140761514208188,-0.1509326465283415,0.1937432809937513,0.41806283197004646,-0.36700533451601863,-2.8527135386731985
hover,chart,7740.074999987071,162.30279104875777,8662.3173256172,172.0749533038404,74.30668193947646,45.57058027160514,324.0102428925705,697.6583086263422,1049.7816707905283,833.9940578407206,300.0027344603568,3.40005613124736e-08,0.6134197687210913,-0.15094038247112176,0.19369124561561604,0.4176186778028895,-0.36708781048959055,-2.852598177579135
hover,chart,7800.074999986926,150.6816509275592,8650.696169234721,172.0696804817955,74.35545554339149,45.487908045720964,324.01022410092673,696.8777689546791,1047.8771404016118,832.6751369087004,300.0027320295112,3.8167423741402816e-08,0.6127639720453649,-0.15094812077264202,0.1936392017258368,0.41717552027088767,-0.36717031315586074,-2.852484392727645
hover,chart,7860.07499998678,139.07350788450137,8639.0880099602,172.0643993948435,74.40430559769803,45.40538740384948,324.01020534960844,696.0986605242131,1045.9761022659943,831.358711261238,300.00272959215863,4.265233964868609e-08,0.6121087599017807,-0.15095586150989584,0.1935871494464427,0.4167333574748226,-0.3672528400118153,-2.8523721894827245
hover,chart,7920.074999986635,127.47833809050623,8627.492823964496,172.05911002260603,74.45323229089414,45.32301801512706,324.01018664079373,695.3209802408755,1044.0785488340111,830.044775249744,300.0027271645681,4.1065171701394e-08,0.6114541311977222,-0.15096360433441514,0.19353508901297714,0.41629218728450074,-0.3673353886335809,-2.852261567671748
hover,chart,7980.074999986489,115.89611776950271,8615.910587471471,172.053812344636,74.50223581211709,45.240799553251,324.0101679715816,694.5447250907009,1042.1844727518683,828.7333232949354,300.00272473047016,3.255465708871085e-08,0.6108000849538778,-0.15097134950488786,0.19348302042505927,0.4158520077582775,-0.3674179630500167,-2.852152532091939
hover,chart,8040.074999986344,104.32682319748665,8604.341276757057,172.04850634041628,74.55131635114941,45.15873167949731,324.01014934432374,693.7698917164155,1040.2938658281769,827.4243496295948,300.0027223354182,3.967141911283516e-08,0.6101466197123787,-0.15097909699146217,0.19343094345539621,0.41541281678185904,-0.36750056565842865,-2.852045085929683
hover,chart,8100.074999986198,92.77043070182087,8592.784868148552,172.04319198935954,74.6004740984239,45.076814076204805,324.01013075695596,692.9964772246509,1038.4067210012322,826.1178488150674,300.0027198883049,3.6148431267593116e-08,0.6094937346175265,-0.15098684683019697,0.19337885861809165,0.41497461248453543,-0.36758318383372923,-2.851939236529038
hover,chart,8160.074999986053,81.22691666278348,8581.241338026166,172.03786927080873,74.64970924501937,44.995046392323374,324.0101122116176,692.2244782187042,1036.5230299851078,824.8138149017461,300.00271748349314,3.177497050892446e-08,0.6088414282121538,-0.15099459865770623,0.19332676575981503,0.41453739274973234,-0.3676658275163032,-2.8518349805953775
hover,chart,8220.074999986247,69.6962575118452,8569.710662821306,172.03253816403569,74.69902198266993,44.91342831042084,324.0100937076601,691.453891741473,1034.6427855636703,823.5122424466921,300.00271509494996,3.655457045202824e-08,0.6081896995206614,-0.15100235285975513,0.19327466486475686,0.4141011555431054,-0.3677484984216758,-2.851732325922841
hover,chart,8280.07499998683,58.17842973193828,8558.192819016844,172.02719864824152,74.74841250376613,44.83195950874464,324.010075242244,690.6847148789293,1032.7659806263916,822.2131259613477,300.0027126803766,3.324139251355146e-08,0.607538547665606,-0.15101010932823308,0.1932225561737346,0.41366589901524203,-0.3678311859808086,-2.8516312736843834
hover,chart,8340.074999987412,46.67340985847915,8546.687783148125,172.02185070255646,74.79788100135274,44.750639637853226,324.0100568194336,689.916944211059,1030.8926068290457,820.9164595232828,300.00271030159774,3.140250068821859e-08,0.6068879711227122,-0.1510178678458076,0.19317043966052275,0.4132316210528467,-0.3679139011490684,-2.8515318261778226
hover,chart,8400.074999987994,35.1811744771511,8535.195531800784,172.01649430603888,74.84742766914044,44.669468442505014,324.01003843215466,689.1505772734938,1029.022658156777,819.6222386606238,300.0027078772591,3.84041367281678e-08,0.6062379692907318,-0.151025628836232,0.1931183153994788,0.41279831979219606,-0.36799663904002583,-2.8514339917594347
hover,chart,8460.074999988576,23.701700224768327,8523.716041611546,172.0111294376752,74.89705270150445,44.58844548302482,324.0100200903472,688.3856100216906,1027.1561247434215,818.3304560694522,300.00270550824143,3.7095803084191584e-08,0.6055885402284991,-0.15103339179652336,0.19306618348170204,0.41236599310746347,-0.36807940067916994,-2.851337766496733
hover,chart,8520.074999989158,12.234963790252756,8512.24928926929,172.0057560763803,74.94675629348225,44.50757052516434,324.0100017868679,687.6220401846767,1025.2930010460116,817.0411076015218,300.0027031294685,3.8272158833284786e-08,0.6049396834856897,-0.15104115697330986,0.1930140440539745,0.41193463911891626,-0.3681621842392184,-2.8512431583996025
hover,chart,8580.07499998974,0.7809419126258512,8500.795251512965,172.00037420099625,74.99653864078488,44.42684322260513,324.0099835233696,686.8598645094974,1023.4332791276981,815.7541873982875,300.00270074742866,3.414174280563377e-08,0.604291397771523,-0.15104892427630512,0.19296189711755754,0.41150425585122546,-0.3682449904022926,-2.8511501680280036
hover,chart,8584.12499998978,0.008252941030591635,8500.022561470605,172.00001061713448,74.99990179150626,44.421399451277175,324.00998228962106,686.8084678652823,1023.3078704210718,815.6674077875977,300.00270060099365,4.0145934512544474e-08,0.6042476590665247,-0.15104944874640208,0.19295837684527192,0.41147523993670376,-0.3682505814248174,-2.851143951597829
60kt,chart,0.075,1780.0,10280.0,172.69260700389106,68.59338521400778,7.197017151193112,324.07032916542187,392.36657316724535,304.863063806175,226.64028538740408,300.00000000037426,101.26859399999998,0.5152879179376851,0.025920525447884837,0.07775686556263285,0.039958501109799816,3.1805546814635168e-15,2.9404043342097178e-15
60kt,chart,60.000000000000846,1770.9507666803502,10270.962092647274,172.689696671713,68.62030578665485,29.354334309865166,322.94195870582985,543.6664393126753,674.0387428963827,560.9026999818609,299.99940455729165,101.18958944843327,0.5061207721629531,0.06030233939898654,0.05365832230795575,0.03681924202063851,-1.07893129652978,-1.3643236017998088
60kt,chart,120.00000000000311,1761.8838920261346,10261.895225883805,172.68677186313099,68.64736026603835,29.3293470638759,323.66036114220026,544.025359871804,674.9146933132967,561.9335362192674,300.00612703050774,101.27247975780075,0.5035645428566367,0.058341144069637176,0.05310578772906448,0.040580559574709435,-1.0892578680600966,-1.4524733383015163
60kt,chart,180.07499999999553,1752.8068153830625,10252.818145467674,172.68383857807623,68.67449315279495,29.289036548215144,323.8935764847102,543.843742711472,674.4714848970796,561.7407469383187,300.00364755011105,101.2715031754731,0.5023870313221939,0.057732555773721786,0.053202733868463074,0.04072654459333636,-1.0893773474493849,-1.4545365381269815
60kt,chart,240.07499999998643,1743.7451103474555,10243.756434305753,172.6809050744182,68.70162806163152,29.251088677746566,323.9687425952014,543.5495954485398,673.7537326942364,561.2977030567382,300.00248566104074,101.27044612660214,0.501699996667158,0.05739662715081063,0.05325931512565539,0.04072808985066272,-1.0902749434638184,-1.4548830073993217
60kt,chart,300.07499999997736,1734.6887111592273,10234.70002813193,172.67796809808348,68.72879509272765,29.2133768192283,323.99304102056067,543.2142592918926,672.935497596829,560.7671313080978,300.0021031366655,101.27009912973355,0.5011661424773968,0.0571426106973201,0.05329519182596365,0.04070431413523135,-1.0912825649026412,-1.4551003180511108
60kt,chart,360.07499999996827,1725.6380311425419,10225.649340855689,172.67502777900316,68.75599304422094,29.17575891615006,324.0008934713371,542.8657920546366,672.0852286340992,560.2085715762048,300.0019787573724,101.2699865500156,0.5006818170154441,0.056915079900718854,0.05332432517995019,0.04067256406534257,-1.0923199548420188,-1.4552757686033637
60kt,chart,420.0749999999592,1716.59319806432,10216.604500436773,172.67208415491208,68.78322156706317,29.13820864832371,324.0034279491255,542.5134364379442,671.2254739592738,559.6415475862609,300.0019377075878,101.26994934402241,0.5002137000572533,0.05669622517792475,0.05335127142927818,0.04063845314395563,-1.0933669888348225,-1.4554380683442028
60kt,chart,480.0749999999501,1707.5542472461655,10207.565542259177,172.66913723362924,68.8104805889293,29.100718123069186,324.004242798023,542.1601828984312,670.3635289839476,559.0723759676453,300.00192358628465,101.26993647086155,0.49975102982592357,0.05648029428955603,0.0533774989980135,0.04060381086003927,-1.0944172289212626,-1.4555967757514066
60kt,chart,540.0749999999623,1698.5211841223168,10198.532471777307,172.66618701326988,68.83777012725359,29.06328490705559,324.00450158626,541.8069982965085,669.5017524255011,558.5030990176092,300.00191812630646,101.26993145591732,0.49929032975396914,0.05626542923428773,0.05340348198731034,0.04056922991291658,-1.0954685888313485,-1.455754992925257
60kt,chart,600.0749999999987,1689.4940044708155,10189.505284775709,172.66323348879365,68.86509022865901,29.025908140956027,324.004580575494,541.4541941772356,668.6409043193007,557.9343753480388,300.00191550491536,101.26992898729222,0.49883047576972994,0.05605102950551717,0.05342937356860444,0.04053490181243549,-1.0965203945870294,-1.4559137222240346
60kt,chart,660.000000000035,1680.4839739216893,10180.495246895676,172.6602803522385,68.89240674179382,28.988634165458024,324.00460141853597,541.1023112544019,667.7823039692248,557.3671271418635,300.001913766946,101.26992733558482,0.4983716788588651,0.055837168787783165,0.05345519098631305,0.04050093074855813,-1.0975711162224466,-1.4560730933294075
60kt,chart,720.0000000000714,1671.468530884863,10171.47979652944,172.6573202051091,68.91978810274087,28.951369485475183,324.0046034958865,540.7505002599366,666.9238791333596,556.8000015696368,300.00191234093563,101.2699259497744,0.49791267280395385,0.0556232487682059,0.05348101488503916,0.04046725107284137,-1.0986233151313614,-1.456233609040474
60kt,chart,780.0000000001078,1662.4589470223223,10162.470205348374,172.65435673483142,68.94720020280923,28.914160687508293,324.00459949674325,540.3992117287728,666.0667291191081,556.2337301798038,300.00191102066583,101.26992465355269,0.49745399383215155,0.05540951677235014,0.05350681820658057,0.04043391141700829,-1.099675656108616,-1.4563951081711908
60kt,chart,840.0000000001442,1653.4552135994277,10153.466464617895,172.6513899348089,68.97464310301788,28.877007687601477,324.00459353830905,540.0484483727125,665.2108605411621,555.6683189528367,300.0019096914075,101.26992338461244,0.4969956294605353,0.0551959661199721,0.05353260271704898,0.040400913322823535,-1.1007281311115817,-1.4565576011823889
60kt,chart,900.0000000001805,1644.4573218627816,10144.468565584604,172.64841979841648,69.00211686464782,28.839910361597568,324.0045869570218,539.6982100434595,664.3562730388436,555.1037683103539,300.0019084239166,101.2699221240822,0.4965375748048065,0.05498259437406134,0.053558368978577194,0.04036825676336506,-1.101780743637663,-1.4567210929164938
60kt,chart,960.0000000002169,1635.465263062063,10135.476499498174,172.64544631900796,69.02962154917645,28.802868636313825,324.00458018004025,539.3484965173634,663.5029660647349,554.5400778320007,300.00190713599613,101.26992087012982,0.49607982863885014,0.05476940062917924,0.053584117336979674,0.0403359413628051,-1.1028334924351626,-1.4568855878252502
60kt,chart,1020.0000000002533,1626.4790284587584,10126.490257620073,172.64246948991874,69.05715721825162,28.765882409025338,324.0045733487448,538.9993069294233,662.6509375087584,553.9772461409451,300.0019058528492,101.2699196186349,0.4956223900415794,0.05455638441598062,0.05360984788334975,0.04030396648543602,-1.1038863800318965,-1.457051085201953
60kt,chart,1080.0000000002897,1617.4986093273767,10117.50983122479,172.6394893044661,69.08472393368831,28.72895157594209,324.00456650876663,538.6506402887987,661.8001849537848,553.4152716781138,300.00190459641817,101.26991836814932,0.4951652582057968,0.054343545431597154,0.0536355607465037,0.040272331560130825,-1.1049394091775095,-1.4572175884449043
60kt,chart,1140.000000000326,1608.5239969573136,10108.535211601707,172.6365057559499,69.11232175746333,28.69207607188023,324.00455967100703,538.302496036657,660.9507070349946,552.8541534039776,300.0019033138037,101.26991711928288,0.4947084331402989,0.05413088343836706,0.053661255982977746,0.04024103595591508,-1.1059925803866555,-1.4573850983443384
60kt,chart,1200.0000000003624,1599.5551826519966,10099.566390054233,172.63351883765205,69.13995075171847,28.65525578697182,324.00455284247477,537.9548731410866,660.1025012350444,552.293889596409,300.00190202369777,101.26991587179523,0.49425191419087866,0.05391839816282934,0.053686933769272895,0.04021007897925398,-1.1070458967038952,-1.4575536144025805
60kt,chart,1260.0000000003988,1590.5921577298336,10090.603357900753,172.63052854283697,69.16761097875802,28.618490615705248,324.00454602633863,537.6077706008863,659.2555651115259,551.7344785951618,300.00190075455157,101.26991462418084,0.49379570083721863,0.053706089379893684,0.05371259410182709,0.04017946002579865,-1.1080993602248141,-1.457723139492707
60kt,chart,1320.0000000004352,1581.6349135232058,10081.646106473636,172.6275348647511,69.19530250105218,28.58178048590036,324.00453922118544,537.2611876942365,658.4098969028265,551.1759192357301,300.00189948926027,101.26991337983249,0.49333979276827655,0.053493956816284674,0.053738237115126104,0.0401491784336339,-1.1091529733889807,-1.4578936751913538
60kt,chart,1380.0000000004716,1572.6834413798545,10072.6946271206,172.6245377966234,69.22302538123343,28.545125293923128,324.0045324273437,536.9151234819811,657.5654943172087,550.6182098798807,300.00189822374705,101.26991213654742,0.49288418956185137,0.05328200027768235,0.05376386289633648,0.040119233611768376,-1.1102067376032774,-1.458065223575994
60kt,chart,1440.000000000508,1563.7377326615583,10063.748911203409,172.62153733166477,69.25077968210084,28.508524954723804,324.0045256445452,536.5695771782073,656.7223554372124,550.0613491678071,300.001896953916,101.26991089436368,0.4924288909639088,0.05307021950304028,0.05378947151256646,0.04008962488011153,-1.1112606562118528,-1.458237784186111
60kt,chart,1500.0000000005443,1554.7977787447767,10054.808950098502,172.61853346306822,69.27856546661873,28.471979374361865,324.00451887274147,536.2245478635189,655.8804780191335,549.5053356119569,300.00189568219685,101.26990965265611,0.49197389642455847,0.05285861428161469,0.05381506307175546,0.04006035162293929,-1.1123147300102478,-1.4584113590924057
60kt,chart,1560.0000000005807,1545.8635710200615,10045.874735196416,172.61552618400876,69.30638279791879,28.43548846049626,324.0045121122479,535.8800346656569,655.039859935186,548.9501677429296,300.00189441100656,101.26990841412314,0.4915192055676248,0.05264718434999773,0.053840637656610214,0.04003141319504262,-1.1133689613448525,-1.4585859504886054
60kt,chart,1620.000000000617,1536.935100893225,10036.94625790294,172.61251548764358,69.33423173929695,28.399052114594703,324.00450536377315,535.5360366765344,654.2004989692618,548.3958440052407,300.001893152541,101.26990717625289,0.49106481795139645,0.052435929474083764,0.05386619535286953,0.04000280899427549,-1.1144233539531279,-1.4587615595714103
60kt,chart,1680.0000000006535,1528.0123597836111,10028.023509637405,172.60950136711142,69.3621123542192,28.362670251724076,324.00449862630296,535.1925530459326,653.3623930469915,547.8423630374824,300.00189189294406,101.26990593771515,0.4906107331403879,0.05222484944381694,0.05389173624796814,0.03997453831451229,-1.1154779069176923,-1.458938184778053
60kt,chart,1740.0000000006899,1519.095339125318,10019.10648183389,172.60648381553315,69.39002470631834,28.32634278102376,324.00449190018685,534.8495829447668,652.5255401454839,547.2897234024601,300.0018906378991,101.26990470138568,0.4901569507874809,0.05201394400208493,0.053917260445440436,0.03994660060278165,-1.1165326249346084,-1.4591158310895394
60kt,chart,1800.0000000007262,1510.1840303669348,10010.195165940962,172.60346282601137,69.41796885939505,28.290069609761503,324.00448518548865,534.5071255689902,651.6899383024903,546.7379236246005,300.0018893703036,101.26990346748246,0.48970347069590725,0.051803212916973734,0.05394276800950355,0.03991899519150481,-1.117587509152138,-1.4592944981802094
60kt,chart,1860.0000000007626,1501.2784249711162,10001.289553421264,172.6004383916303,69.44594487741985,28.253850650820894,324.0044784814146,534.1651799826573,650.8555852344689,546.1869623172001,300.0018881088595,101.26990223451746,0.48925029219547167,0.051592655955638556,0.05396825905124644,0.039891721467034714,-1.1186425617986926,-1.4594741884018454
60kt,chart,1920.000000000799,1492.3785144148394,9992.389635751751,172.5974105054559,69.47395282453269,28.217685801187102,324.00447178978646,533.823745282377,650.022478737759,545.6368378580569,300.0018868690004,101.26990100308467,0.48879741494564405,0.051382272854908616,0.05399373363376552,0.03986477879901485,-1.1196977872385387,-1.459654902981847
60kt,chart,1980.0000000008354,1483.4842901896263,9983.49540442393,172.5943791605359,69.50199276504273,28.181574983939107,324.00446510918516,533.4828206893421,649.190616911517,545.0875490107068,300.0018856368988,101.26989977284961,0.4883448385689236,0.05117206340073932,0.05401919184043323,0.039838166518722226,-1.1207531852122714,-1.459836642282505
60kt,chart,2040.0000000008718,1474.5957438005503,9974.606850942855,172.59134434989926,69.53006476343194,28.145518115090105,324.00445843801316,533.1424054719714,648.3599979695016,544.5390944355254,300.00188435964174,101.26989854383478,0.4878925628210914,0.05096202745378529,0.05404463381655196,0.0398118841357865,-1.121808755783525,-1.4600194087065586
60kt,chart,2100.0000000007503,1465.7128667672434,9965.723966828142,172.5883060665565,69.55816888435233,28.10951508450578,324.00445177924223,532.8024985232153,647.5306192120224,543.9914724009169,300.00188310801605,101.26989731748291,0.48744058698477566,0.05075216465549517,0.05407005962248484,0.03978593087853026,-1.1228645035908538,-1.460203202636898
60kt,chart,2160.000000000605,1456.8356506240398,9956.846743614104,172.5852643034999,69.58630519262606,28.073565813072996,324.00444513116815,532.4630991469833,646.7024789404283,543.4446816439496,300.0018818649037,101.26989608887666,0.48698891091669566,0.05054247483206331,0.054095469302384076,0.03976030622303295,-1.1239204329103718,-1.4603880263378124
60kt,chart,2220.0000000004593,1447.9640869183108,9947.975172848099,172.5822190537026,69.61447375325112,28.037670211975055,324.0044384944074,532.1242065237415,645.8755751545002,542.898720751407,300.0018806099624,101.26989486510928,0.4865375342690242,0.05033295771044864,0.05412086299653291,0.03973500947687812,-1.124976542621882,-1.460573880961793
60kt,chart,2280.000000000314,1439.0981672123207,9939.109246092372,172.57917031011934,69.64267463139593,28.00182819042645,324.0044318683808,531.7858197257962,645.0499055911894,542.3535882842814,300.0018793651461,101.26989363878072,0.4860864564407248,0.050123613108801944,0.054146240765527834,0.03971004007337805,-1.1260328365076078,-1.4607607671467113
60kt,chart,2340.0000000001683,1430.23788308238,9930.248954923212,172.57611806568622,69.67090789240257,27.966039649967286,324.0044252543117,531.4479378959536,644.2254681589287,541.8092826864817,300.0018781296303,101.26989241674383,0.48563567714115674,0.049914440760742744,0.054171602710532965,0.03968539741839433,-1.1270893178399588,-1.4609486887426348
60kt,chart,2400.0000000000227,1421.383226118277,9921.394290930395,172.57306231332012,69.69917360178891,27.930304516233946,324.0044186511662,531.1105602684913,643.4022609888025,541.2658027662068,300.0018768895793,101.26989119376817,0.48518519595181425,0.04970544046266258,0.05419694892495911,0.03966108082322617,-1.1281459855521367,-1.4611376439542378
60kt,chart,2460.074999999877,1412.5231301393862,9912.53418792451,172.5699992196326,69.72750721839883,27.894578123474346,324.004412049757,530.7732651659,642.5792551807307,540.7224691837639,300.00187564393264,101.26988997467106,0.48473444991280074,0.04949635101955894,0.054222311161846934,0.039637059927282885,-1.1292041636562955,-1.461327874686836
60kt,chart,2520.0749999997315,1403.679709341266,9903.690760118645,172.56693642566916,69.75583806256006,27.858949588052255,324.0044054686464,530.4368940275697,641.7585038614243,540.1806371863515,300.0018744003346,101.26988875321092,0.4842845643208127,0.04928769433599717,0.05424762613052851,0.039613394125400284,-1.1302612153649705,-1.461518906269676
60kt,chart,2580.074999999586,1394.8418905528486,9894.852934332932,172.56387010240167,69.7842015527846,27.82337418585484,324.00439889806694,530.1010244933202,640.9389764647159,539.6396265276182,300.00187316600295,101.26988753763507,0.4838349755592014,0.04907920896063097,0.054272925658708476,0.039590052578413006,-1.131318461899381,-1.461710978297973
60kt,chart,2640.0749999994405,1386.0096654202077,9886.020702213431,172.5608002426712,69.81259775529148,27.78785183739597,324.00439233828183,529.7656558600058,640.1206712743757,539.0994359418801,300.00187192384465,101.26988632241738,0.4833856834721509,0.04887089469968616,0.05429820979595179,0.03956703464237444,-1.132375903914725,-1.4619040905134453
60kt,chart,2700.074999999295,1377.183025603282,9877.19405542006,172.55772683929982,69.84102673647682,27.75238243548189,324.00438579015815,529.4307870556243,639.3035856759618,538.5600637434417,300.00187071534265,101.26988510610568,0.4829366872830173,0.04866275134714445,0.05432347862454704,0.0395443397939472,-1.1334335467940584,-1.4620982452578648
60kt,chart,2760.0749999991494,1368.3619627757048,9868.37298562644,172.55464988509027,69.86948856291488,27.716965919960934,324.0043792512127,529.0964176465095,638.4877186097001,538.0215089528657,300.00186946482245,101.26988389283669,0.48248798728303194,0.04845477865936897,0.05434873226030606,0.03952196737304467,-1.1344913899473397,-1.4622934439008928
60kt,chart,2820.074999999004,1359.5464686247806,9859.557484519852,172.5515693728261,69.89798330135865,27.681602172848123,324.0043727237201,528.7625463850209,637.6730670327672,537.4837697226792,300.0018682365526,101.26988268149145,0.48203958237708827,0.04824697639030748,0.05437397081105923,0.039499916781137775,-1.1355494359916194,-1.4624896875293552
60kt,chart,2880.0749999988584,1350.7365348517912,9850.747543801564,172.5484852952714,69.92651101873933,27.646291127442097,324.0043662071681,528.42917272659,636.8596296154137,536.9468449803986,300.0018670069344,101.2698814683979,0.4815914726661004,0.04803934436744207,0.05439919428145973,0.03947818742044214,-1.1366076888262824,-1.4626869776895157
60kt,chart,2940.074999998713,1341.9321531720404,9841.943155186864,172.54539764517116,69.95507178216666,27.611032684178603,324.00435970222867,528.0962957057745,636.0474040026672,536.4107331550389,300.00186578165403,101.26988025772333,0.4811436575422255,0.047831882305831824,0.05442440281956385,0.03945677867870612,-1.1376661486286594,-1.462885315463738
60kt,chart,3000.0749999985674,1333.1333153140392,9833.144310404241,172.5423064152506,69.98366565893214,27.575826763225265,324.00435320747283,527.76391454254,635.2363882908667,535.8754329731433,300.00186455988796,101.26987904986188,0.48069613662154936,0.04762458999016302,0.05444959653605048,0.039435689977740516,-1.1387248194971231,-1.463084704081472
60kt,chart,3060.074999998422,1324.3400130204266,9824.351001196323,172.5392115982155,70.01229271650645,27.54067327355058,324.0043467239953,527.4320284177918,634.4265804814987,535.3409429944602,300.0018633473346,101.2698778424075,0.48024890962561034,0.04741746718858158,0.05447477546886462,0.03941492067274968,-1.139783703455587,-1.4632851434371767
60kt,chart,3120.0749999982763,1315.5522380468694,9815.563219318756,172.536113186752,70.04095302254369,27.50557213449109,324.00434025101305,527.100636565995,633.6179787063741,534.8072619347039,300.0018621236454,101.26987663674299,0.47980197618623854,0.047210513699760516,0.05449993973687807,0.039394470205470905,-1.1408428013249212,-1.4634866355005047
60kt,chart,3180.074999998131,1306.7699821635285,9806.780956541683,172.5330111735268,70.06964664487693,27.470523252625867,324.0043337889578,526.7697380802172,632.810580752651,534.2743883167999,300.00186090427223,101.26987543123005,0.4793553357864366,0.04700372929179487,0.05452508942834335,0.03937433793808437,-1.1419021151211073,-1.463689180636851
60kt,chart,3240.0749999979853,1297.9932371537416,9798.004204648429,172.52990555118666,70.09837365152312,27.43552655436155,324.00432733592146,526.4393322583326,632.0043849074019,533.7423209602263,300.00185967863536,101.26987422881484,0.4789089881898295,0.04679711373089835,0.05455022462979371,0.03935452332635637,-1.1429616488196446,-1.463892783131401
60kt,chart,3300.0749999978398,1289.2219948144793,9789.232955435942,172.5267963123587,70.12713411068216,27.40058193597863,324.0043208948873,526.1094181533786,631.1993888597506,533.2110582399438,300.0018584654431,101.26987302361599,0.4784629328786572,0.04659066683700662,0.05457534539723442,0.03933502577079972,-1.1440214043963648,-1.464097441221624
60kt,chart,3360.0749999976942,1280.4562469558891,9780.467200714358,172.52368344964984,70.15592809073877,27.365689317806307,324.0043144644226,525.7799950295042,630.3955908143881,532.6805988813704,300.0018572410986,101.26987182529416,0.4780171696176669,0.0463843882788038,0.05460045188654556,0.03931584459541013,-1.1450813817997256,-1.464303158024747
60kt,chart,3420.0749999975487,1271.6959854020936,9771.70693230778,172.5205669556475,70.18475566026054,27.330848619654134,324.00430804455164,525.4510620632325,629.592988761926,532.1509416127409,300.0018560210601,101.26987062270159,0.477571697874551,0.04617827798423531,0.05462554411696476,0.03929697932684883,-1.146141585251177,-1.4645099345694979
60kt,chart,3480.074999997403,1262.9412019907606,9762.952142053857,172.51744682291894,70.2136168879998,27.29605974267352,324.0043016358537,525.1226183368892,628.7915804636742,531.6220848752048,300.00185482728966,101.2698694241572,0.4771265171997505,0.04597233557785829,0.05465062222444727,0.03927842928339609,-1.1472020181274438,-1.4647177730107286
60kt,chart,3540.0749999972577,1254.1918885728019,9754.202821803488,172.51432304401132,70.24251184289511,27.26132262422687,324.0042952361637,524.7946633327642,627.9913646552371,531.0940276548735,300.0018535971394,101.26986822647123,0.47668162766602834,0.045766560924565075,0.05467568628360267,0.03926019390203597,-1.148262679726265,-1.4649266741945357
60kt,chart,3600.074999997112,1245.4480370123958,9745.458963420833,172.5111956114517,70.2714405940718,27.226637162928846,324.0042888476172,524.467195993638,627.1923387581555,530.5667683614482,300.00185239487564,101.26986703041156,0.4762370284259219,0.045560953789465265,0.054700736375906306,0.0392422726362494,-1.1493235766734866,-1.4651366414226155
60kt,chart,3660.0749999969667,1236.7096391875414,9736.720558783874,172.50806451774696,70.30040321084056,27.19200326916461,324.0042824704818,524.1402155237033,626.394500830374,530.0403055757106,300.00185119691787,101.26986583570273,0.475792719207402,0.045355513920865745,0.05472577259530153,0.039224664823961905,-1.1503847063374149,-1.4653476735488198
60kt,chart,3720.074999996821,1227.9766869894286,9727.987599783784,172.50492975538378,70.32939976270016,27.157420874306368,324.00427610177775,523.813721296205,625.5978493419664,529.5146381935857,300.00184997640326,101.26986464131909,0.4753486998561533,0.045150241142325284,0.05475079506670195,0.039207369952785044,-1.1514460738337264,-1.4655597743446043
60kt,chart,3780.0749999966756,1219.2491723224082,9719.260078324896,172.50179131682833,70.35843031933803,27.12288986767875,324.0042697464323,523.4877122463843,624.8023816958972,528.989764485918,300.00184877808215,101.2698634486907,0.4749049696767061,0.04494513519162339,0.05477580380580444,0.03919038735241488,-1.1525076782093604,-1.465772942282996
60kt,chart,3840.07499999653,1210.5270871045268,9710.537986325244,172.4986491945266,70.387494950629,27.088410191941534,324.0042634003007,523.1621878240649,624.0080965490034,528.4656835197633,300.0018475751094,101.26986225714462,0.47446152856514456,0.04474019586433709,0.054800798945003004,0.03917371649646995,-1.1535695258727896,-1.465987181299833
60kt,chart,3900.0749999963846,1201.8104232665485,9701.821315715573,172.49550338090384,70.4165937266392,27.05398175711263,324.004257063711,522.8371471453945,623.2149917447601,527.9423938728112,300.00184637318216,101.26986106456721,0.4740183759694552,0.044535422986292816,0.054825780576894315,0.039157356851839256,-1.1546316182210836,-1.4662024934916393
60kt,chart,3960.074999996239,1193.09917275287,9693.110058440261,172.49235386836503,70.44572671762347,27.019604468452115,324.00425073822095,522.5125893888891,622.4230652790043,527.4198940514916,300.00184517148546,101.26985987508715,0.4735755116358025,0.04433081625802196,0.05485074878275692,0.039141307736026074,-1.155693955667023,-1.4664188788471422
60kt,chart,4020.0749999960935,1184.393327521006,9684.40420645681,172.48920064929433,70.47489399402761,26.985278250512515,324.0042444229901,522.1885137973854,621.632315303971,526.8981828556653,300.0018439757164,101.26985869005597,0.47313293512552634,0.044126375470776275,0.054875703667285475,0.03912556864783045,-1.1567565431504956,-1.4666363409409815
60kt,chart,4080.074999995948,1175.692879541758,9675.703751736002,172.48604371605532,70.50409562648844,26.95100301437286,324.00423811865613,521.8649195416451,620.842739796396,526.377258877438,300.0018427785594,101.26985750178261,0.47269064608138206,0.043922100451532296,0.05490064529056385,0.039110138926702065,-1.1578193788084785,-1.4668548780982047
60kt,chart,4140.0749999958025,1166.997820799262,9667.00868626196,172.4828830609909,70.53333168583413,26.916778683513954,324.00423182347583,521.5418059136477,620.0543370286075,525.8571208985014,300.00184157593594,101.26985631663575,0.47224864422441387,0.04371799095358503,0.05492557375962856,0.03909501809182726,-1.158882469069577,-1.4670744951495283
60kt,chart,4200.074999995657,1158.3081432901886,9658.319002031334,172.47971867642295,70.56260224308748,26.882605159954096,324.0042255403153,521.2191719682233,619.267104694733,525.3377673788113,300.0018403865756,101.26985513054066,0.47180692896521126,0.04351404677897325,0.05495048916355191,0.03908020548098857,-1.1599458136562992,-1.4672951902900777
60kt,chart,4260.0749999955115,1149.6238390247947,9649.634691054367,172.47655055465268,70.59190736946294,26.848482381277513,324.00421926625313,520.8970170905624,618.4810412944483,524.8191973127336,300.00183919664596,101.269853947652,0.4713655001070998,0.0433102676858213,0.05497539158886598,0.03906570059217949,-1.1610094170351088,-1.4675169689698024
60kt,chart,4320.074999995366,1140.9449000267468,9640.95574535471,172.47337868796023,70.62124713636769,26.81441024802175,324.0042130025838,520.575340422821,617.6961447342364,524.3014091351836,300.0018379988305,101.26985276567558,0.4709243573280261,0.043106653425888784,0.055000281138452185,0.0390515027704213,-1.1620732789741035,-1.4677398289407408
60kt,chart,4380.07499999522,1132.2713183318701,9632.28215696817,172.47020306860472,70.65062161540659,26.78038868650345,324.0042067492507,520.2541411744772,616.9124130856623,523.7844016738826,300.00183680858663,101.26985158316867,0.47048350008589546,0.042903203874689946,0.05502515787011909,0.039037611538852615,-1.163137403361904,-1.4679637746286485
60kt,chart,4440.074999995075,1123.60308598967,9623.613917944236,172.46702368882407,70.68003087837738,26.746417612237728,324.00420050559586,519.9334185870964,616.1298444978606,523.2681735902582,300.0018356218561,101.26985040495683,0.47004292811678233,0.042699918712945824,0.05505002189928039,0.03902402627413316,-1.1642017928038269,-1.4681888073775853
60kt,chart,4500.074999994929,1114.9401950624024,9614.951020345146,172.4638405408352,70.70947499727465,26.71249692419334,324.00419427466767,519.6131717443404,615.3484367355848,522.7527233001811,300.001834454094,101.26984922477699,0.46960264094120685,0.04249679778405774,0.05507487330834313,0.03901074637843536,-1.165266449028672,-1.468414926331615
60kt,chart,4560.074999994784,1106.2826376254861,9606.293456246314,172.46065361683364,70.73895404428876,26.678626594024685,324.0041880488352,519.2934003071867,614.5681889696209,522.2380503051529,300.0018332264126,101.26984804900763,0.4691626385904392,0.04229384087155165,0.055099712240182785,0.03899777132671915,-1.1663313718100674,-1.4686421362394018
60kt,chart,4620.074999994638,1097.6304057663979,9597.641217735183,172.45746290899348,70.76846809181043,26.644806466635316,324.0041818386509,518.9741029100525,613.7890978710922,521.724152216877,300.0018320681447,101.26984687143799,0.468722920218638,0.04209104772041641,0.05512453862535922,0.038985100541043864,-1.167396569761782,-1.4688704365131675
60kt,chart,4680.074999994493,1088.9834915876593,9588.994296914268,172.45426840946803,70.7980172124209,26.611036498782667,324.00417563637785,518.6552790288517,613.011162159048,521.2110283118318,300.0018308971403,101.26984569656263,0.4682834854741933,0.04188841814208338,0.0551493527417542,0.038972733487736146,-1.1684620397844858,-1.4690998302280152
60kt,chart,4740.074999994347,1080.3418872026357,9580.352685896922,172.45107011038843,70.82760147890696,26.577316621426128,324.00416944401366,518.3369280967554,612.2343804505944,520.6986774891984,300.00182970934566,101.26984452340649,0.46784433444845885,0.041685951908084745,0.05517415457654601,0.03896066951763037,-1.1695277854067525,-1.4693303176184516
60kt,chart,4800.074999994202,1071.7055847381796,9571.716376809974,172.4478680038646,70.85722096425253,26.543646731185234,324.00416326141504,518.0190491342436,611.4587503560484,520.1870981265691,300.00182852021544,101.269843350117,0.46740546649511794,0.041483648836683595,0.055198944240261984,0.038948908156506507,-1.1705938099128181,-1.4695619012923475
60kt,chart,4860.074999994056,1063.0745763339808,9563.085361793102,172.4446620819847,70.88687574164145,26.510026754013097,324.00415708934634,517.7016413365308,610.6842699118117,519.6762890466036,300.0018273517271,101.2698421790602,0.4669668810580492,0.04128150867195668,0.05522372182546479,0.03893744878619073,-1.1716601148562282,-1.4697945826707093
60kt,chart,4920.074999993911,1054.4488541426574,9554.459632998904,172.4414523368154,70.91656588445771,26.476456597515757,324.00415092821464,517.3847039698367,609.9109373272646,519.1662487952293,300.0018261835471,101.26984100807056,0.46652857802409853,0.041079531219605336,0.05524848742121315,0.03892629086600105,-1.1727267029911421,-1.4700283626628599
60kt,chart,4980.074999993765,1045.8284103293165,9545.839182592477,172.43823876040133,70.94629146628756,26.44293620613307,324.0041447755188,517.0682364530692,609.1387511842603,518.6569764729378,300.00182499535686,101.26983983677245,0.4660905571523135,0.040877716303468786,0.05527324110924504,0.03891543385958157,-1.1737935766966043,-1.4702632438832548
60kt,chart,5040.07499999362,1037.2132370723245,9537.224002752168,172.43502134476566,70.97605256091755,26.409465475863414,324.00413863320694,516.7522377659596,608.367708993779,518.148470447525,300.00182382213825,101.269838669732,0.4656528177414224,0.04067606361956403,0.05529798300618138,0.03890487714631387,-1.1748607371741873,-1.4704992273374289
60kt,chart,5100.074999993474,1028.603326562031,9528.614085668309,172.43180008190927,71.00584924233942,26.376044328186623,324.004132501543,516.4367072242694,607.597809086176,517.6407294773117,300.0018226565785,101.26983750411839,0.46521535961655036,0.04047457298970915,0.055322713172689865,0.03889462019326997,-1.1759281879814223,-1.4707363150943722
60kt,chart,5160.074999993329,1019.9986710022083,9520.009423544658,172.4285749638113,71.03568158474572,26.342672685974932,324.0041263803052,516.1216440794839,606.8290496354253,517.1337523403565,300.00182150438104,101.26983633575031,0.4647781823774032,0.04027324425842132,0.05534743169459481,0.03888466251278183,-1.1769959335548574,-1.4709745091913418
60kt,chart,5220.074999993183,1011.3992626086889,9511.410008597037,172.4253459824286,71.06554966253523,26.309350484174402,324.004120267534,515.8070477055153,606.0614291125921,516.627537988503,300.0018203224522,101.26983517098269,0.4643412858216876,0.04007207716388928,0.05537213869623371,0.03887500344004656,-1.1780639705806457,-1.4712138095095069
60kt,chart,5280.074999993038,1002.8050936103243,9502.815833054274,172.4221131296962,71.0954535503102,26.2760776276686,324.0041141649017,515.4929172337706,605.294945399292,516.1220849315947,300.0018191457684,101.26983400915037,0.4639046695042502,0.039871071476657825,0.05539683425915166,0.03886564247914682,-1.1791323060705474,-1.4714542200198273
60kt,chart,5340.074999992892,994.2161562484378,9494.226889157679,172.41887639752662,71.12539332287878,26.242854025226663,324.0041080735069,515.1792517455999,604.5295962542737,515.6173917346805,300.00181799631446,101.26983284514142,0.46346833278078137,0.03967022703066282,0.05542151843474198,0.03885657906745823,-1.1802009402898508,-1.4716957400989366
60kt,chart,5400.074999992747,985.6324427771548,9485.643169161362,172.41563577781034,71.15536905525462,26.20967961583471,324.00410199091317,514.8660507162423,603.7653803963876,515.1134574151293,300.00181683423807,101.26983168219199,0.46303227564610294,0.03946954360431449,0.05544619135985219,0.03884781268253979,-1.1812698769369898,-1.4719383733485454
60kt,chart,5460.074999992601,977.0539454624999,9477.064665331334,172.41239126241507,71.1853808226605,26.17655431621501,324.00409591830976,514.5533133907328,603.0022959836878,514.6102806583907,300.0018156684978,101.26983052503945,0.4625964978113356,0.0392690209296518,0.05547085311040983,0.03883934274014117,-1.182339119209333,-1.4721821218459752
60kt,chart,5520.074999992456,968.4806565840097,9468.491369947114,172.40914284318663,71.21542870052345,26.143478049241736,324.00408985495085,514.241038944838,602.2403410053904,514.1078602414473,300.00181449829734,101.26982936335659,0.4621609986579733,0.03906865890313417,0.055495503763077485,0.03883116869422042,-1.1834086655682825,-1.4724269842320417
60kt,chart,5580.07499999231,959.9125684329395,9459.923275299941,172.40589051194794,71.24551276448152,26.110450720550304,324.004083802706,513.9292265744276,601.479513498952,513.6061946839466,300.0018133423541,101.26982820696445,0.46172577791994446,0.03886845720436826,0.055520143427067126,0.03882328998372881,-1.1844785219096536,-1.4726729650717227
60kt,chart,5640.0749999921645,951.3496733134225,9451.360373693933,172.40263426049938,71.2756330903804,26.077472261370865,324.0040777596856,513.6178755635427,600.7198117178737,513.1052828856947,300.00181219336355,101.2698270488769,0.4612908351964149,0.038668415670532814,0.055544772176199436,0.038815706079969765,-1.1855486897176015,-1.4729200644218272
60kt,chart,5700.074999992019,942.791963541447,9442.802657445065,172.3993740806186,71.3057897542777,26.04454260295887,324.00407172582516,513.3069853156476,599.9612342059622,512.6051237540942,300.0018110244996,101.26982589525477,0.4608561703480102,0.03846853410962079,0.05556939012905655,0.03880841643953334,-1.1866191711241498,-1.4731682855187533
60kt,chart,5760.0749999918735,934.2394314463846,9434.250118882688,172.39610996406077,71.33598283243806,26.011661642575064,324.00406570295866,512.9965548602298,599.2037785960595,512.1057156828484,300.00180987725025,101.26982473770369,0.4604217827934667,0.03826881231261809,0.05559399731611237,0.038801420539860895,-1.1876899694188185,-1.473417628496835
60kt,chart,5820.074999991728,925.6920693691632,9425.702750347722,172.39284190255782,71.36621240134036,25.97882933123558,324.004059687469,512.6865836752917,598.4474436131172,511.6070578685409,300.0018087085373,101.26982358375844,0.45998767232544646,0.03806925005443242,0.055618593907363255,0.03879471781892145,-1.1887610857318107,-1.4736680968569804
60kt,chart,5880.074999991582,917.149869663048,9417.16054419341,172.38956988781888,71.39647853767553,25.946045557500597,324.00405368399413,512.3770707413689,597.6922267710796,511.10914857829795,300.00180756309646,101.26982243228267,0.45955383831950136,0.03786984710948134,0.05564317995210317,0.03878830769295881,-1.1898325218745807,-1.4739196899749067
60kt,chart,5940.074999991437,908.6128246947884,9408.623492786486,172.38629391153046,71.42678131834317,25.913310254675586,324.0040476908255,512.068015528645,596.9381267770036,510.6119867483114,300.00180642386204,101.26982128158228,0.45912028087595735,0.03767060323631243,0.0556677555229175,0.038782189652565954,-1.1909042839506159,-1.4741724118763102
60kt,chart,6000.074999991291,900.0809268419065,9400.091588504463,172.3830139653555,71.45712082046174,25.880623358817964,324.00404170612865,511.759417242662,596.1851416914886,510.1155713514458,300.0018052802866,101.26982012989596,0.458686999213611,0.03747151833584403,0.055692320748831924,0.038776363166766366,-1.1919763699352024,-1.4744262621706261
60kt,chart,6060.074999991146,891.5541684954396,9391.56482373836,172.37973004093408,71.48749712135957,25.847984790540387,324.00403573008316,511.4512752285751,595.4332699167928,509.61990113495096,300.00180412181044,101.26981897945318,0.4582539932510537,0.03727259215907201,0.05571687570592014,0.03877082770696612,-1.1930487829032377,-1.4746812440366817
60kt,chart,6120.074999991,883.0325420578872,9383.043190890658,172.37644212988295,71.51791029858266,25.815394452457895,324.00402976510173,511.14358860912773,594.6825093132135,509.12497457405476,300.0018029834159,101.26981783236377,0.4578212625657254,0.037073824442298564,0.05574142046905674,0.03876558269967192,-1.194121528221739,-1.4749373590001822
60kt,chart,6180.074999990855,874.5160399443492,9374.526682376445,172.3731502237955,71.5483604298915,25.782852292984607,324.00402380784783,510.83635685188347,593.9328585806863,508.63079083164496,300.00180181876704,101.26981668474133,0.45738880694383083,0.03687521504774289,0.05576595517021401,0.03876062765424554,-1.195194605929763,-1.4751946092377277
60kt,chart,6240.074999990709,866.0046545820422,9366.01529062292,172.36985431424182,71.57884759326323,25.750358205202275,324.00401786253633,510.5295789494465,593.1843152622401,508.13734824145166,300.00180068562486,101.26981553963037,0.4569566257411308,0.03667676370120952,0.05579047985644166,0.038755961961064414,-1.1962680189544466,-1.475452994941031
60kt,chart,6300.074999990564,857.4983784104403,9357.509008069545,172.36655439276842,71.60937186689189,25.71791212838842,324.00401192653527,510.22325434384925,592.4368779957869,507.64464582895977,300.00179955066733,101.2698143941979,0.4565247188267185,0.0364784702505796,0.055814994627285446,0.03875158515255772,-1.1973417703766671,-1.4757125188220808
60kt,chart,6360.074999990418,848.997203881345,9349.0078271681,172.3632504508985,71.63993332918889,25.685513977207563,324.0040059999521,509.9173821812219,591.6905446976876,507.1526822456695,300.0017984196011,101.26981325013688,0.45609308563498185,0.03628033447288929,0.05583949962415238,0.038747496627715455,-1.1984158599099475,-1.4759731822127184
60kt,chart,6420.074999990273,840.5011234578581,9340.511740381682,172.35994248013114,71.67053205878724,25.653163704505772,324.00400008062445,509.61196208503554,590.9453144491137,506.66145673195336,300.00179726560236,101.26981210622634,0.4556617263403575,0.03608235619816623,0.05586399485178849,0.03874369603082053,-1.1994902958820772,-1.47623498975409
60kt,chart,6480.074999990127,832.0101296160833,9332.020740186372,172.35663047194205,71.70116813453622,25.620861194580932,324.0039941733545,509.30699294660303,590.201184545214,506.17096748319636,300.0017961334315,101.26981096578353,0.4552306401442622,0.03588453511875786,0.05588848046176588,0.03874018258189792,-1.2005650751832235,-1.4764979387581512
60kt,chart,6540.074999989982,823.5242148435808,9323.534819069717,172.353314417783,71.73184163550752,25.5886063934729,324.0039882741391,509.0024742104897,589.4581536310809,505.68121362760616,300.0017949962544,101.26980982506913,0.4547998268022057,0.03568687114568429,0.055912956521948345,0.03873695593822424,-1.201640202964868,-1.4767620341648016
60kt,chart,6600.074999989836,815.043371640563,9315.053969531913,172.349994309082,71.76255264099171,25.55639920908017,324.00398238522735,508.6984050303105,588.7162196407938,505.19219372176394,300.00179386630816,101.26980868517711,0.4543692858625785,0.03548936401067334,0.055937423158898596,0.03873401546621139,-1.202715679257061,-1.4770272755374763
60kt,chart,6660.074999989691,806.5675925190567,9306.578184084976,172.34667013724305,71.7933012305018,25.52423958292298,324.00397650463674,508.3947848889554,587.9753813125934,504.70390682720677,300.00179271676143,101.26980754581982,0.45393901728817065,0.03529201355717827,0.055961880435875314,0.038731360700838165,-1.2037915080731791,-1.4772936663772736
60kt,chart,6720.074999989545,798.0968700027756,9298.107455252599,172.34334189364603,71.82408748377453,25.492127422848263,324.003970634586,508.0916128880913,587.2356364548967,504.2163515009821,300.00179157936054,101.26980640811064,0.453509020476538,0.0350948195407286,0.055986328446671604,0.03872899108020611,-1.2048676917637748,-1.477561207401238
60kt,chart,6780.0749999894,789.6311966275398,9289.641775570592,172.34000956964655,71.85491148076942,25.46006266575928,324.00396477338063,507.7888883731944,586.496983471017,503.7295267331058,300.00179045981986,101.26980527411591,0.453079295102365,0.03489778172205799,0.05601076727085755,0.03872690606039104,-1.2059442342425444,-1.477829901580625
60kt,chart,6840.074999989254,781.170564941422,9281.18113758701,172.33667315657632,71.88577330166903,25.428045226357924,324.0039589217869,507.48661065366787,585.7594206751587,503.24343118569334,300.0017893280633,101.26980413670269,0.4526498409786729,0.03470090001751028,0.05603519701103435,0.038725105215748463,-1.2070211367381833,-1.4780997500682909
60kt,chart,6900.074999989109,772.714967504382,9272.725533861798,172.33333264574262,71.91667302688087,25.396075027879427,324.0039530795201,507.1847789164879,585.0229460840751,502.758063640782,300.00178820932524,101.26980300197829,0.45222065757189256,0.03450417410032744,0.056059617766725085,0.03872358790267082,-1.2080984008029794,-1.4783707541667175
60kt,chart,6960.074999988963,764.2643968874568,9264.274956965979,172.32998802842798,71.94761073704117,25.364152003718097,324.0039472467517,506.88339256514325,584.2875582417223,502.27342304350464,300.0017870833026,101.26980186876386,0.4517917446791475,0.03430760384891167,0.056084029629204134,0.038722353668404735,-1.2091760293513802,-1.478642916335132
60kt,chart,7020.074999988818,755.81884567495,9255.829399483842,172.32663929589108,71.9785865130075,25.332276075440653,324.0039414231055,506.58245091156704,583.5532554695691,501.7895081534178,300.0017859524519,101.26980073618068,0.4513631021401136,0.03411118899729693,0.056108432675300905,0.038721401929479295,-1.2102540258957692,-1.478916237576284
60kt,chart,7080.074999988672,747.37830646161,9247.38885401012,172.32328643936543,72.00960043586979,25.30044716314248,324.00393560883197,506.28195311190376,582.8200357083202,501.3063177127656,300.00178483225636,101.26979960525395,0.45093472925961664,0.03391492938995561,0.05613282701328487,0.038720732242230556,-1.2113323921989119,-1.4791907215018152
60kt,chart,7140.0749999885265,738.9427718549072,9238.953313152268,172.31992945006024,72.04065258694276,25.268665193272355,324.003929804122,505.9818985397476,582.0878974301721,500.82385055806185,300.0017837089026,101.26979847516718,0.4505066259175912,0.03371882482474798,0.05615721272764946,0.03872034406792556,-1.212411131137104,-1.4794663684374139
60kt,chart,7200.074999988381,730.5122344739774,9230.522769529409,172.31656831915998,72.0717430477704,25.23693010169987,324.0039240078723,505.68228649372827,581.3568389230405,500.34210566629827,300.00178259137283,101.26979734525474,0.45007879164702597,0.03352287509753642,0.05618158990524031,0.038720236862257756,-1.2134902446685831,-1.4797431804056222
60kt,chart,7260.0749999882355,722.0866869494087,9222.097215772115,172.31320303782405,72.10287190012762,25.205241799694043,324.0039182211514,505.38311626294256,580.6268584525812,499.8610816460046,300.0017814625994,101.26979621736126,0.4496512263044215,0.033327079993501,0.0562059586662492,0.038720410127764865,-1.2145697351925338,-1.4800211601181035
60kt,chart,7320.07499998809,713.6661219234348,9213.676644522606,172.30983359718704,72.13403922602012,25.173600221181538,324.0039124433277,505.08438708836644,579.8979541664903,499.3807774470963,300.00178034458486,101.26979508918512,0.44922392925495425,0.03313143933085198,0.05623031908121992,0.03872086333803484,-1.2156496051304457,-1.4803003077190726
60kt,chart,7380.0749999879445,705.2505320505682,9205.261048435377,172.30645998835863,72.16524510768282,25.142005276447122,324.00390667623697,504.7860982733154,579.1701243658475,498.90119166440894,300.0017792397698,101.26979396547443,0.44879690046607956,0.03293595284144468,0.0562546712214283,0.03872159594991901,-1.216729858353907,-1.4805806267891004
60kt,chart,7440.074999987799,696.8399099967195,9196.85042017633,172.30308220242335,72.19648962758384,25.110456916913847,324.00390091695726,504.4882492792406,578.4433677352164,498.4223235106691,300.00177810834566,101.26979283834943,0.44837013961224476,0.03274062045926794,0.05627901521962328,0.03872260753131536,-1.2178104957832434,-1.4808621187149404
60kt,chart,7500.074999987653,688.4342484389153,9188.44475242247,172.2997002304404,72.22777286842631,25.078955048447277,324.0038951676432,504.1908391451046,577.7176819307435,497.9441715135589,300.0017770048298,101.26979171114058,0.4479436459376542,0.03254544193068365,0.05630335113477509,0.03872389752871902,-1.2188915208390505,-1.4811447842366783
60kt,chart,7560.074999987508,680.0335400671461,9180.044037863778,172.29631406344407,72.25909491314216,25.047499605351348,324.0038894267171,503.89386735714766,576.9930656981172,497.4667346271446,300.0017758991521,101.26979058943428,0.4475174195506983,0.032350416948384454,0.056327679090662705,0.038725465406612605,-1.2199729368340009,-1.4814286276032311
60kt,chart,7620.074999987362,671.637777581855,9171.64826920068,172.292923692443,72.29045584490224,25.01609050701866,324.00388369580463,503.59733317518385,576.2695172319081,496.9900115851891,300.0017747872639,101.26978946699842,0.44709146007468287,0.032155545434405616,0.05635199915403326,0.038727310656149296,-1.221054744208403,-1.4817136486072084
60kt,chart,7680.074999987217,663.2469536960189,9163.257439146138,172.28952910842062,72.32185574710931,24.98472769327949,324.00387797245844,503.30123590676226,575.54703484152,496.5140014238873,300.0017736683981,101.26978834569951,0.44666576696904237,0.03196082715173549,0.05637631145522964,0.038729432770676274,-1.2221369447460788,-1.4819998490676336
60kt,chart,7740.074999987071,654.8610611326095,9154.871540423113,172.28613030233424,72.35329470340822,24.953411083147373,324.0038722589845,503.0055749007968,574.8256169393877,496.03870287545163,300.0017725580142,101.269787225627,0.44624034015107705,0.03176626193451291,0.056400616027017444,0.038731831313111566,-1.2232195460176807,-1.4822872337008237
60kt,chart,7800.074999986926,646.4800926278601,9146.49056576782,172.2827272651163,72.38477279767453,24.922140588767313,324.0038665561165,502.7103492833338,574.1052613927743,495.5641145596864,300.00177146835495,101.269786107643,0.44581517901201867,0.03157184948910985,0.056424913002511935,0.038734505639864546,-1.224302545884799,-1.4825758001173475
60kt,chart,7860.07499998678,638.1040409286651,9138.114507927143,172.27931998767298,72.41629011402486,24.890916170430806,324.00386085928614,502.4155586706869,573.3859672646566,495.09023582147114,300.0017703400772,101.26978498890746,0.445390283548598,0.03137758977129211,0.05644920249026367,0.038737455396063734,-1.2253859479672762,-1.4828655543423193
60kt,chart,7920.074999986635,629.7328987936097,9129.743359659646,172.27590846088498,72.44784673681391,24.859737718085476,324.00385517419176,502.12120205272583,572.6677320916696,494.6170649560467,300.00176925046344,101.26978387193228,0.4449656531328055,0.03118348244331289,0.05647348453505358,0.03874067996310341,-1.2264697563909555,-1.4831564955725656
60kt,chart,7980.074999986489,621.3666589925513,9121.37711373518,172.27249267560683,72.4794427506367,24.828605188194736,324.0038494960479,501.8272789671311,571.9505547445574,494.14460124906196,300.0017681401823,101.26978275684853,0.44454128759016154,0.030989527384021873,0.05649775927232105,0.03874417890138568,-1.2275539715008665,-1.4834486269108929
60kt,chart,8040.074999986344,613.0053143071463,9113.01576293538,172.2690726226673,72.51107824032744,24.797518487559202,324.0038438282035,501.5337885712974,571.23443316808,493.6728432472811,300.00176704748174,101.26978164086977,0.4441171864867334,0.030795724386279578,0.056522026777612526,0.038747951676647276,-1.2286385971057268,-1.4837419501014821
60kt,chart,8100.074999986198,604.6488575307088,9104.659300053554,172.26564829286912,72.5427532909606,24.766477575006988,324.00383816696024,501.2407305427948,570.5193665744974,493.20179027697316,300.0017659162745,101.26978052042294,0.4436933500383661,0.030602073303064428,0.05654628713070989,0.038751997838654094,-1.229723637949589,-1.4840364665889665
60kt,chart,8160.074999986053,596.2972814665583,9096.307717892996,172.2622196769883,72.57446798785833,24.735482323322053,324.00383251860586,500.94810353031403,569.8053516685094,492.73144036758896,300.0017648401217,101.2697794142828,0.44326977688043334,0.030408573754483078,0.05657054045278999,0.03875631673353831,-1.230809089709743,-1.4843321783522974
60kt,chart,8220.074999986247,587.9505789308981,9087.961009269906,172.25878676577517,72.60622241657987,24.704532709142526,324.00382687715916,500.65590740364973,569.0923881305858,492.2617931162221,300.00176374341936,101.2697783017775,0.4428464674742478,0.030215225753307023,0.05659478682943426,0.03876090803516233,-1.2318949618323505,-1.4846290884689608
60kt,chart,8280.07499998683,579.6087427506503,9079.619167011186,172.25534954995342,72.63801666293087,24.673628637403787,324.0038212455139,500.3641412825742,568.3804738139607,491.79284703949594,300.0017626546596,101.26977719086005,0.44242342130749723,0.03002202900686053,0.05661902634102052,0.038765771175156005,-1.2329812547940315,-1.4849271978995677
60kt,chart,8340.074999987412,571.2717657638815,9071.28218395489,172.2519080202203,72.66985081296242,24.642770048408316,324.0038156215369,500.0728045792115,567.6696072834751,491.32460118182473,300.00176155028885,101.26977607998894,0.44200063812390394,0.029828983355010646,0.056643259097537584,0.038770905654179635,-1.2340679702834378,-1.4852265085703682
60kt,chart,8400.074999987994,562.9396408206194,9062.950052951033,172.24846216724666,72.70172495296872,24.611956861827956,324.00381000693915,499.7818965389856,566.9597866982249,490.8570542858502,300.00176045555554,101.26977497080892,0.44157811750553366,0.029636088570042372,0.05666748518244972,0.03877631100013498,-1.235155112358971,-1.4855270230636022
60kt,chart,8460.074999988576,554.612360781334,9054.62276686007,172.24501198167636,72.73363916949367,24.581189014020893,324.0038044009024,499.4914164993861,566.2510104421303,490.39020533967005,300.00175936967935,101.26977386192006,0.44115585904577587,0.029443344502864354,0.05669170467661265,0.03878198670701172,-1.2362426828889725,-1.4858287430616077
60kt,chart,8520.074999989158,546.2899185183513,9046.300318554311,172.2415574541269,72.76559354932628,24.550466425900872,324.0037988043483,499.20136380832685,565.5432769235404,489.92405310097087,300.00175827560724,101.26977275440936,0.4407338626080952,0.02925075091853518,0.05671591771210706,0.03878793224307387,-1.2373306832269504,-1.486131670041065
60kt,chart,8580.07499998974,537.9723069152064,9037.98270091728,172.23809857518876,72.79758817950392,24.51978903146005,324.0037932152933,498.91173775611844,564.836584410984,489.4585965196312,300.0017571855751,101.26977164892617,0.44031212769642225,0.02905830764180684,0.05674012435569312,0.03879414716270205,-1.2384191175484722,-1.4864358068840482
60kt,chart,8640.074999990322,529.6595188665598,9029.669906843621,172.23463533542557,72.82962314731341,24.489156748097237,324.00378763659245,498.6225376730621,564.1309312706591,488.9938343065992,300.0017561020545,101.26977054245401,0.43989065417297296,0.028866014467761335,0.05676432469526705,0.038800630937106784,-1.2395079882655053,-1.4867411544389773
60kt,chart,8700.074999990904,521.3515472780931,9021.361929239005,172.23116772537378,72.8616985402923,24.45856952794255,324.00378206509123,498.3337630093449,563.4263161600971,488.5297656851817,300.0017550080056,101.26976943769382,0.4394694416997663,0.02867387122838992,0.05678851883899209,0.03880738310078861,-1.2405972981488513,-1.4870477163506266
60kt,chart,8760.074999991486,513.0483850663305,9013.058761019935,172.22769573554268,72.89381444623031,24.428027267434373,324.0037765042469,498.0454128327954,562.7227368064296,488.06638904676396,300.0017539384221,101.2697683350012,0.4390484897148571,0.028481877674106797,0.05681270687989188,0.03881440314730116,-1.2416870495655636,-1.4873554929263715
60kt,chart,8820.074999992068,504.75002515943953,9004.760395114574,172.2242193564144,72.92597095316698,24.39752993390718,324.0037709499852,497.7574868097398,562.0201923932925,487.6037038464578,300.00175283073213,101.26976723258896,0.438627798232614,0.028290033732179597,0.056836888928350635,0.0388216906156804,-1.2427772430439756,-1.487664487530348
60kt,chart,8880.07499999265,496.45646049668187,8996.466824462163,172.22073857844381,72.95816814939478,24.36707741874571,324.00376540720976,497.4699839572421,561.3186805246825,487.14170840260294,300.0017517719716,101.26976613067195,0.438207366689004,0.028098339050398123,0.05686106502626244,0.03882924496256645,-1.2438678864664199,-1.4879747009682884
60kt,chart,8940.074999993232,488.16768402836294,8988.178042012998,172.21725339205838,72.99040612345996,24.33666968463936,324.00375987094816,497.1829038589275,560.6182001828083,486.6804020955411,300.001750683306,101.2697650282253,0.43778719490501516,0.027906793588804397,0.05688523532585626,0.0388370657561488,-1.2449589771780993,-1.4882861360632074
60kt,chart,9000.074999993814,479.8836887156339,8979.894040728212,172.21376378765794,73.02268496416424,24.306306638286536,324.0037543441284,496.89624570080196,559.9187493822415,486.2197834737738,300.00174960624054,101.26976392772622,0.4373672825183257,0.02771539704904745,0.056909399888694236,0.03884515247540882,-1.246050520777236,-1.4885987941662093
60kt,chart,9060.074999994396,471.6044675308055,8971.614813580107,172.21026975561466,73.05500476056432,24.27598822229394,324.00374882604905,496.6100089133056,559.2203267329725,485.7598516227483,300.00174852372857,101.26976283051289,0.43694762927291186,0.027524149283090247,0.05693355883485281,0.03885350465162474,-1.24714251860315,-1.4889126794389593
60kt,chart,9120.074999994978,463.3300134572809,8963.34035355207,172.20677128627318,73.08736560197306,24.24571437417442,324.00374331524006,496.3241928603255,558.5229306830566,485.3006055488132,300.0017474350002,101.26976173288625,0.43652823480296754,0.027333050121639505,0.056957712244720106,0.03886212180569166,-1.2482349741618084,-1.4892277920601271
60kt,chart,9180.07499999556,455.0603194893909,8955.070653638415,172.2032683699502,73.11976757796096,24.215484998579086,324.00373781448457,496.0387966958439,557.8265591686543,484.84204376822544,300.0017463620461,101.26976063521988,0.43610909866517594,0.027142099341022463,0.05698186020709666,0.03887100342326045,-1.2493278886245356,-1.4895441334276454
60kt,chart,9240.074999996143,446.79537863247816,8946.805706844476,172.19976099693443,73.15221077835652,24.185300043653058,324.0037323221292,495.7538199093641,557.1312109434116,484.3841654499194,300.00174529107926,101.2697595399668,0.43569022068772834,0.02695129674677286,0.05700600282533784,0.03888014903467014,-1.2504212661856515,-1.4898617068470619
60kt,chart,9300.074999996725,438.5351839028188,8938.545506186512,172.19624915748673,73.1846952932476,24.155159437701982,324.00372683836974,495.46926187064486,556.436884469804,483.9269694637545,300.0017442148228,101.26975844429069,0.43527160068093645,0.026760642177780958,0.05703014017878283,0.03888955816114125,-1.2515151096441746,-1.4901805138494557
60kt,chart,9360.074999997307,430.27972832759895,8930.290044691697,172.19273284183978,73.21722121298218,24.125063107350208,324.00372136281175,495.1851218297403,555.7435779179505,483.4704546554025,300.0017431422475,101.2697573495959,0.43485323808983967,0.02657013543359463,0.05705427238678248,0.038899230357174075,-1.2526094211997245,-1.4905005571133856
60kt,chart,9420.074999997889,422.02900494458737,8922.039315397788,172.18921204019776,73.2497886281706,24.095010988695563,324.0037158958881,494.9013991937084,555.0512898408786,483.0146200120189,300.00174206608426,101.26975625570799,0.43443513272551826,0.026379776327680658,0.057078399530376515,0.038909165084356316,-1.2537042020438218,-1.4908218377676756
60kt,chart,9480.074999998471,413.7830068028413,8913.793311353824,172.1856867427369,73.28239762968364,24.065003007475042,324.0037104378481,494.61809329317015,554.3600186056576,482.5594643685872,300.00174099205515,101.26975516470705,0.43401728428414255,0.02618956464630458,0.05710252172963176,0.03891936189021215,-1.2547994570727086,-1.4911443593222529
60kt,chart,9540.074999999053,405.54172696217944,8905.55202561961,172.18215693960485,73.31504830865535,24.03503909045297,324.00370498953924,494.33520337291617,553.6697623699309,482.10498657213594,300.00173994867464,101.26975407446265,0.43359969225249295,0.02599950020575447,0.057126639035926526,0.03892982027566615,-1.2558951886530305,-1.4914681224645763
60kt,chart,9600.074999999635,397.30515849345244,8897.315451265991,172.17862262092078,73.34774075648292,24.0051191902238,324.00369954703507,494.0527290537559,552.9805202070014,481.65118585749923,300.00173886359426,101.26975298064141,0.4331823567191786,0.025809582926140506,0.05715075157225671,0.03894053986270769,-1.256991398635792,-1.4917931302444132
60kt,chart,9660.000000000216,389.08358137409664,8889.093868277723,172.17508820315928,73.38043412077668,23.97528053443989,324.00369412150206,493.7710217659971,552.2931496142883,481.1986268096599,300.0017378046241,101.26975189304537,0.43276579827276385,0.02562004956614716,0.05717482929871521,0.038951506119242585,-1.2580867184560494,-1.4921189753224688
60kt,chart,9720.000000000799,380.85640903608123,8880.866690072075,172.17154482928916,73.41321032907517,23.94544838020694,324.00368869663686,493.4893758504529,551.6059287704953,480.7461757693422,300.0017367360588,101.26975080410355,0.43234897399723854,0.025430425642074993,0.057198932584514084,0.03896274617398762,-1.2591838941160238,-1.4924464768285646
60kt,chart,9780.00000000138,372.63392735497314,8872.644202531945,172.1679969100646,73.44602858190264,23.915660012471378,324.0036832814305,493.20814337465606,550.9197167268754,480.2943981989101,300.0017356722592,101.26974971688662,0.4319324050832746,0.0252409482043928,0.05722303138292903,0.03897424588997149,-1.2602815553789655,-1.4927752280863376
60kt,chart,9840.000000001963,364.41612944437446,8864.426398770927,172.16444443548946,73.47888897172254,23.885915378268436,324.0036778735997,492.9273237895388,550.2345121432352,479.84329325025277,300.00173459945336,101.26974862965204,0.431516091246288,0.025051617110463067,0.057247125802032804,0.038986004859041565,-1.261379706653838,-1.4931052326864196
60kt,chart,9900.000000002545,356.20300842929515,8856.213271914017,172.160887395539,73.51179159126436,23.856214404663213,324.00367247504295,492.64691640844416,549.5503133449446,479.3928597813324,300.0017335526427,101.2697475435786,0.431100032157781,0.024862432128023335,0.057271215872489074,0.038998022545981254,-1.2624783520419935,-1.4934364909665392
60kt,chart,9960.000000003127,347.99455744379054,8848.004815095255,172.15732578015852,73.54473653353388,23.8265570206245,324.00366708507937,492.3669205542569,548.8671186790981,478.9430966717766,300.00173249853697,101.26974645871772,0.4306842274057703,0.024673393095192453,0.05729530180114893,0.039010298527927985,-1.2635774904865,-1.493769007706589
60kt,chart,10020.000000003709,339.790769634348,8839.801021461117,172.1537595792648,73.57772389180055,23.79694316488702,324.0036617026519,492.08733566695366,548.1849267792276,478.4940029499675,300.0017314428669,101.26974537305082,0.4302686768499943,0.024484499851682273,0.05731938360095553,0.03902283233691955,-1.2646771276495181,-1.4941027830471292
60kt,chart,10080.000000004291,331.59163815691306,8831.601884167534,172.1501887827448,73.61075375961026,23.767372766428288,324.0036563291625,491.80816109762327,547.5037360620702,478.04557750165975,300.0017303783452,101.26974429159101,0.4298533801753953,0.02429575217764781,0.057343461422809716,0.039035623481902156,-1.2657772644790115,-1.4944378201802853
60kt,chart,10140.000000004873,323.39715617892256,8823.407396381932,172.14661338045642,73.64382623077812,23.737845767446153,324.0036509625459,491.5293961956401,546.8235449402725,477.5978194056434,300.00172932373425,101.26974320709625,0.4294383369230304,0.024107149912983242,0.05736753531401578,0.039048671501713615,-1.2668779054038466,-1.4947741202084308
60kt,chart,10200.000000005455,315.20731687775714,8815.217551281674,172.1430333622275,73.6769413993956,23.70836208223232,324.0036456057787,491.2510403002989,546.1443518015185,477.1507273265817,300.0017282619842,101.26974212537809,0.42902354698690426,0.02391869286992082,0.05739160540463645,0.03906197592715431,-1.2679790509426638,-1.495111686035112
60kt,chart,10260.000000006037,307.02211344146633,8807.0323420548,172.13944871785637,73.71009935982849,23.678921656462627,324.00364025686764,490.97309283483105,545.4661552386649,476.70430039884457,300.00172720534374,101.26974104567373,0.4286090100459596,0.023730380822542318,0.05741567177068634,0.03907553629323417,-1.2690807074934427,-1.4954505204165873
60kt,chart,10320.00000000662,298.84153906899854,8798.851761900241,172.1358594371117,73.74330020671687,23.649524409101545,324.00363491741297,490.69555299582646,544.7889532918363,476.2585373536991,300.00172616930786,101.26973996645948,0.42819472551745474,0.023542213610243515,0.05743973451216829,0.03908935210752725,-1.2701828741859744,-1.4957906236451224
60kt,chart,10380.000000007201,290.6655869697232,8790.67580402736,172.13226550973212,73.77654403497795,23.62017029911855,324.00362958432515,490.4184204062173,544.112745039605,475.81343752647683,300.0017251140789,101.26973888647119,0.4277806934073336,0.023354191103489488,0.05746379374813094,0.03910342297854114,-1.2712855560949492,-1.4961320003877954
60kt,chart,10440.000000007783,282.49425036337334,8782.504461655872,172.12866692542624,73.80983093980728,23.590859239526203,324.0036242603236,490.14169431036225,543.4375286393847,475.3689995616918,300.00172405839066,101.26973780848328,0.42736691340135174,0.023166313048029807,0.05748784955285574,0.03911774836369768,-1.272388754461246,-1.496474650819708
60kt,chart,10500.000000008366,274.32752248031704,8774.337728016133,172.12506367387257,73.84316101667858,23.56159116669047,324.0036189440943,489.8653740239009,542.7633024209582,474.9252224514359,300.0017230112462,101.26973673009213,0.4269533849778375,0.022978579311044633,0.05751190202789703,0.03913232785868827,-1.2734924731169885,-1.4968185780176293
60kt,chart,10560.000000008948,266.16539656116515,8766.175596348741,172.12145574471933,73.87653436134619,23.532366020045664,324.00361363666104,489.5894590086037,542.0900650709433,474.4821052433204,300.00172197187385,101.2697356551253,0.426540108000416,0.022790989637276503,0.0575359512791317,0.03914716094413204,-1.2745967148473287,-1.49716378448883
60kt,chart,10620.00000000953,258.0078658573653,8758.01805990513,172.11784312758448,73.90995106984361,23.503183718375794,324.003608338195,489.31394855400026,541.4178148560553,474.0396466613548,300.0017209297407,101.26973458042367,0.42612708218243966,0.02260354390415031,0.057559997400440294,0.039162247186847125,-1.2757014810011806,-1.4975102715227642
60kt,chart,10680.000000010112,249.85492363049255,8749.865111946863,172.11422581205542,73.94341123848744,23.47404421876628,324.0036030464214,489.0388421967689,540.7465506454146,473.59784601704274,300.0017198743235,101.26973350409725,0.4257143072918498,0.02241624196220106,0.05758404047998548,0.039177586171201366,-1.2768067766878894,-1.4978580424506893
60kt,chart,10740.000000010694,241.70656315243613,8741.716745745816,172.11060378768894,73.97691496387736,23.444947440827413,324.00359776315,488.76413914413797,540.0762705048271,473.1567020514676,300.00171883088615,101.26973242868591,0.4253017827895888,0.022229083581313824,0.0576080806277068,0.039193177386056655,-1.2779126031397048,-1.498207098476206
60kt,chart,10800.000000011276,233.56277770551762,8733.572954584297,172.10697704401116,74.01046234289683,23.415893313163203,324.0035924891751,488.4898387973252,539.406972973346,472.71621364591726,300.0017177986533,101.26973135727175,0.4248895085502283,0.02204206853384286,0.0576321179245947,0.03920902035033979,-1.2790189634756113,-1.4985574425995944
60kt,chart,10860.000000011858,225.42356058270892,8725.433731755267,172.10334557051752,74.04405347271293,23.38688178801359,324.00358722251093,488.215940658671,538.7386568366733,472.2763800345553,300.00171675734055,101.26973028411307,0.4244774843255301,0.021855196712954227,0.05765615248282564,0.03922511464169782,-1.280125860939418,-1.4989090762669142
60kt,chart,10920.00000001244,217.288905087009,8717.299070561709,172.09970935667243,74.07768845078007,23.357912783414612,324.0035819635764,487.942443951932,538.0713202004854,471.83719993497135,300.0017157159464,101.26972921221571,0.4240657096095951,0.021668467941043133,0.05768018441082104,0.03924145984421539,-1.2812332972773122,-1.4992620031186588
60kt,chart,10980.000000013022,209.15880453193046,8709.168964317123,172.09606839190934,74.1113673748388,23.328986241148044,324.0035767131357,487.66934814236004,537.4049617602643,471.39867242804064,300.00171468020926,101.26972814209189,0.42365418426743867,0.021481881989764348,0.05770421378302696,0.039258055428012036,-1.2823412760186865,-1.4996162238748272
60kt,chart,11040.000000013604,201.03325224127093,8701.043406345296,172.0924226656305,74.14509034291781,23.300102088341404,324.00357147168467,487.3966525760949,536.7395799209461,470.9607963713388,300.00171365910956,101.26972707372524,0.4232429080283818,0.021295438663930907,0.057728240698087935,0.03927490096242973,-1.2834498017635998,-1.4999717421039185
60kt,chart,11100.000000014186,192.91224154877457,8692.92238997996,172.08877216720688,74.17885745333625,23.271260284874884,324.00356623588647,487.1243567721626,536.075173507476,470.5235711125067,300.0017126063676,101.26972600526159,0.4228318805223534,0.021109137881071757,0.057752265301557325,0.039291996040980624,-1.2845588735352147,-1.5003285598020748
60kt,chart,11160.000000014768,184.7957657985243,8684.805908565184,172.08511688597804,74.21266880470314,23.242460744548282,324.00356100826974,486.8524600610418,535.4117408869444,470.0869953102905,300.0017115407186,101.26972493614213,0.4224211016983984,0.020922979420172856,0.057776287636749704,0.03930934017397256,-1.2856684964732186,-1.500686678926803
60kt,chart,11220.00000001535,176.68381834533486,8676.693955455767,172.08145681125225,74.24652449591672,23.213703388493535,324.00355579098317,486.5809615668247,534.7492799236842,469.65106773391227,300.00171052645146,101.26972386758666,0.42201057070982106,0.02073696302492862,0.0578003078075009,0.039326932859163576,-1.2867786737324187,-1.5010461002510458
60kt,chart,11280.000000015933,168.57639255380218,8668.586524016295,172.077791932306,74.28042462616929,23.184988176220763,324.0035505805892,486.30986098492485,534.0877898726611,469.2157877275946,300.00170949775566,101.26972280154502,0.4216002877559349,0.02055108857587394,0.05782432593278658,0.03934477372498172,-1.2878894089298927,-1.501406829300958
60kt,chart,11340.000000016515,160.47348179884523,8660.483607621672,172.07412223838418,74.31436929494603,23.1563150290387,324.00354537908646,486.03915754900044,533.4272688648144,468.78115406121657,300.0017084766314,101.26972173616139,0.42119025232955654,0.020365355894160997,0.05784834210185907,0.0393628622736905,-1.2890007024760242,-1.5017688659714774
60kt,chart,11400.000000017097,152.3750794653797,8652.385199656805,172.0704477186997,74.3483586020274,23.127683894524658,324.003540184741,485.7688507557983,532.7677156718311,468.347165900667,300.0017074493044,101.26972067188841,0.42078046424723814,0.02017976480378444,0.057872356416988006,0.039381198073505576,-1.2901125586945166,-1.5021322137625683
60kt,chart,11460.000000017679,144.28117894836387,8644.291293516637,172.06676836243352,74.38239264748984,23.099094705383592,324.0035349979086,485.4989399769562,532.1091287601266,467.91382218805074,300.0017064085091,101.26971960715687,0.4203709231881949,0.01999431515157423,0.05789636899974307,0.039399780688802864,-1.2912249795504465,-1.5024968743432414
60kt,chart,11520.00000001826,136.1917736531261,8636.201882606485,172.06308415873457,74.41647153170544,23.07054739515857,324.0035298192209,485.2294245740911,531.451506572496,467.4811218790372,300.00170537625627,101.26971854346863,0.41996162884526533,0.01980900672554591,0.05792037990631617,0.03941860964004477,-1.292337968493895,-1.502862850272061
60kt,chart,11580.000000018843,128.10685699535173,8628.11696034202,172.05939509671967,74.45059535534311,23.042041898097793,324.00352464839517,484.9603039785513,530.7948477216939,467.04906394000136,300.0017043420089,101.26971748120138,0.4195525810556738,0.0196238393256139,0.05794438924647311,0.039437684494525886,-1.2934515293658477,-1.5032301437489433
60kt,chart,11640.000000019425,120.02642240010913,8620.036520148298,172.05570116547315,74.48476421937357,23.01357814265561,324.003519486169,484.6915774436151,530.1391503857081,466.61764725003036,300.0017033277909,101.26971642002815,0.4191437791886961,0.019438812838056607,0.05796839714740762,0.03945700487026657,-1.2945656657278655,-1.503598758859388
60kt,chart,11700.000000020007,111.95046330304979,8611.960555460959,172.05200235404703,74.5189782250653,22.98515607448511,324.0035143319768,484.4232444796887,529.4844133697376,466.18687094586846,300.0017023133132,101.26971535850033,0.4187352232028916,0.019253926989191983,0.05799240367557766,0.03947657017522006,-1.2956803765028957,-1.503968693938435
60kt,chart,11760.00000002059,103.87897422728886,8603.889060799713,172.04829865195404,74.553237469425,22.95675825491746,324.0035110502067,484.1551432137226,528.8302418660141,465.7564772575431,300.001708149146,101.26957376397318,0.41832668238617965,0.019084382918097494,0.058016633995740585,0.0394964776737901,-1.2966211972263157,-1.504340519618035
60kt,chart,11820.000000021171,95.81194765409589,8595.822028653332,172.04459004773898,74.58754205841454,22.92842315117656,324.00350491137203,483.88762902864846,528.1775025309896,465.32703773258453,300.00170078449537,101.26957549913418,0.41791855609757533,0.018925132413520774,0.058040593677050625,0.039516708401461875,-1.2974792043250523,-1.5047116723301717
60kt,chart,11880.000000021753,87.74937906088198,8587.75945449159,172.04087653127993,74.62189208566029,22.900111625232313,324.00350034991834,483.6203401144991,527.5253130237443,464.8979637809064,300.0017001731112,101.26957509671998,0.41751050990054533,0.018765977600952263,0.058064601080498754,0.03953705150016746,-1.2983302476747374,-1.5050851434696373
60kt,chart,11940.000000022335,79.691261902924,8579.701331773422,172.03715809149588,74.65628765366274,22.871842422552476,324.00349536381214,483.3534504769625,526.8740977473317,464.469538951608,300.00169912337424,101.26957429214296,0.41710271783974157,0.018606913421899178,0.058088608157531044,0.03955763649413481,-1.2991828053614194,-1.5054598000402815
60kt,chart,12000.000000022917,71.6375896538435,8571.647653972272,172.03343471727473,74.69072886520883,22.843614621330403,324.0034902892347,483.08695169272414,526.2238361604046,464.0417498599744,300.0016981093586,101.26957352355332,0.4166951709331983,0.01844793579531914,0.05811261428525709,0.03957846450856401,-1.3000365069580138,-1.5058358033547241
60kt,chart,12060.0000000235,63.58835579989597,8563.598414574393,172.0297063974724,74.72521582338007,22.81542819129661,324.0034851891768,482.82084346840713,525.5745275461987,463.61459609619124,300.00169708803196,101.26957275398738,0.41628786884730773,0.0182890448383527,0.05813661964570903,0.039599535037219025,-1.300891364439737,-1.5062131446015294
60kt,chart,12120.000000024082,55.54355383589191,8555.553607074582,172.02597312091115,74.75974863157192,22.787283072316924,324.0034800866688,482.55512522692084,524.9261704967877,463.18807674699207,300.0016960748967,101.26957198571273,0.41588081121500803,0.018130240377738336,0.05816062432684876,0.03962084762893236,-1.3017473806731568,-1.506591826038712
60kt,chart,12180.000000024664,47.50317726747785,8547.513224978475,172.02223487638,74.7943273934849,22.75917919435458,324.0034749878925,482.2897964163283,524.2787636649742,462.7621907245487,300.00169504966425,101.26957121615999,0.4154739979652879,0.017971522273397485,0.05818462841568168,0.03964240188676781,-1.302604558941144,-1.5069718499230558
60kt,chart,12240.000000025246,39.46721960940673,8539.47726180081,172.01849165263425,74.82895221313325,22.73111650151563,324.0034698958602,482.02485639866404,523.6323054949409,462.33693714836915,300.0016940343626,101.26957044725063,0.4150674285694862,0.017812890391708063,0.05820863202350101,0.039664197317710634,-1.3034629003504994,-1.507353218175721
60kt,chart,12300.000000025828,31.435674386256764,8531.445711066153,172.01474343839539,74.86362319484276,22.703094929885914,324.0034648114126,481.76030461004484,522.9867946100647,461.9123150166721,300.00169301846563,101.26956967905063,0.4146611028149955,0.01765434461892254,0.05823263526447824,0.03968623351203593,-1.3043224075303361,-1.507735934244329
60kt,chart,12360.00000002641,23.408535132548018,8523.418566309014,172.0109902223512,74.89834044325143,22.675114410008632,324.00345973493614,481.4961404082977,522.3422294439878,461.4883232387934,300.00169201097424,101.26956891394796,0.41425502041047413,0.017495884793014237,0.05825663823317247,0.039708510032945274,-1.3051830838190026,-1.5081200007210258
60kt,chart,12420.000000026992,15.385795392944294,8515.395821074044,172.00723199315573,74.93310406330967,22.64717488668137,324.00345466570997,481.23236330427267,521.6986088023435,461.06496094274087,300.0016909883634,101.26956814584942,0.41384918123811953,0.017337510848453835,0.0582806410265385,0.03973102645731817,-1.3060449313859142,-1.5085054188861073
60kt,chart,12480.000000027574,7.3674487216159505,8507.3774689154,172.00346873942874,74.96791416028415,22.61927629789789,324.0034496041534,480.9689726152087,521.0559310203821,460.6422271532079,300.00168998565096,101.26956737915202,0.4134435847358656,0.017179222628819206,0.0583046437355873,0.03975378234311837,-1.3069079531290926,-1.508892192577924
60kt,chart,12535.125000028109,0.004459361817205345,8500.014474521213,172.00000681152778,74.9999369933679,22.593680482503103,324.0034449623382,480.727322444741,520.466300474944,460.2543934109429,300.00168905888813,101.26956665881912,0.41307115666075805,0.01703387092421409,0.05832669628162514,0.03977489993292122,-1.3077018840066936,-1.5092487365274143
