cond,fuel_model,t_s,fuel_lbs,weight,cg_x,cg_z,psi,rpm,ff_lbh,shp,p_rotor_hp,h,u_air,c0,c1,c2,c3,theta_deg,phi_deg
60kt,chart,0.075,1780,10280,172.693,68.5934,6.43353,323.122,384.177,284.879,224.758,300,101.269,0.515288,0.0259205,0.0777569,0.0399585,-1.11319e-14,-3.85562e-15
60kt,chart,60,1770.96,10271,172.69,68.6203,29.3517,322.635,543.379,673.339,560.312,300.005,101.193,0.507026,0.0607998,0.053579,0.0365699,-1.07809,-1.36423
60kt,chart,120,1761.89,10261.9,172.687,68.6473,29.3297,323.561,543.944,674.715,561.76,300.008,101.274,0.503864,0.0585025,0.0530661,0.0405278,-1.08944,-1.45219
60kt,chart,180.075,1752.82,10252.8,172.684,68.6745,29.2892,323.861,543.818,674.408,561.685,300.004,101.272,0.502484,0.0577843,0.0531896,0.0407102,-1.08943,-1.45445
60kt,chart,240.075,1743.76,10243.8,172.681,68.7016,29.2512,323.958,543.541,673.734,561.28,300.003,101.271,0.501732,0.0574135,0.053255,0.0407228,-1.09029,-1.45486
60kt,chart,300.075,1734.7,10234.7,172.678,68.7288,29.2134,323.99,543.212,672.93,560.762,300.002,101.27,0.501177,0.0571482,0.0532938,0.0407026,-1.09129,-1.45509
60kt,chart,360.075,1725.65,10225.7,172.675,68.756,29.1758,324,542.865,672.084,560.207,300.002,101.27,0.500686,0.0569171,0.0533239,0.0406721,-1.09232,-1.45527
60kt,chart,420.075,1716.6,10216.6,172.672,68.7832,29.1383,324.003,542.514,671.226,559.642,300.002,101.27,0.500215,0.0566971,0.0533511,0.0406383,-1.09337,-1.45544
60kt,chart,480.075,1707.57,10207.6,172.669,68.8104,29.1008,324.004,542.161,670.364,559.073,300.002,101.27,0.499752,0.0564807,0.0533774,0.0406038,-1.09442,-1.4556
60kt,chart,540.075,1698.53,10198.5,172.666,68.8377,29.0633,324.004,541.807,669.503,558.504,300.002,101.27,0.499291,0.0562658,0.0534034,0.0405693,-1.09547,-1.45575
60kt,chart,600.075,1689.51,10189.5,172.663,68.8651,29.026,324.005,541.455,668.642,557.935,300.002,101.27,0.498831,0.0560513,0.0534293,0.0405349,-1.09652,-1.45591
60kt,chart,660,1680.5,10180.5,172.66,68.8924,28.9887,324.005,541.103,667.783,557.368,300.002,101.27,0.498372,0.0558374,0.0534552,0.040501,-1.09757,-1.45607
60kt,chart,720,1671.48,10171.5,172.657,68.9198,28.9514,324.005,540.751,666.925,556.801,300.002,101.27,0.497913,0.0556235,0.053481,0.0404673,-1.09862,-1.45623
60kt,chart,780,1662.47,10162.5,172.654,68.9472,28.9142,324.005,540.4,666.068,556.234,300.002,101.27,0.497455,0.0554098,0.0535068,0.040434,-1.09967,-1.45639
60kt,chart,840,1653.47,10153.5,172.651,68.9746,28.8771,324.005,540.049,665.212,555.669,300.002,101.27,0.496996,0.0551962,0.0535326,0.040401,-1.10073,-1.45656
60kt,chart,900,1644.47,10144.5,172.648,69.0021,28.84,324.005,539.699,664.357,555.104,300.002,101.27,0.496538,0.0549829,0.0535583,0.0403683,-1.10178,-1.45672
60kt,chart,960,1635.48,10135.5,172.645,69.0296,28.8029,324.005,539.349,663.504,554.541,300.002,101.27,0.49608,0.0547697,0.0535841,0.040336,-1.10283,-1.45689
60kt,chart,1020,1626.49,10126.5,172.642,69.0571,28.7659,324.005,539,662.652,553.978,300.002,101.27,0.495623,0.0545567,0.0536098,0.040304,-1.10389,-1.45705
60kt,chart,1080,1617.51,10117.5,172.639,69.0847,28.729,324.005,538.651,661.801,553.416,300.002,101.27,0.495166,0.0543438,0.0536355,0.0402724,-1.10494,-1.45722
60kt,chart,1140,1608.54,10108.5,172.637,69.1123,28.6921,324.005,538.303,660.952,552.855,300.002,101.27,0.494709,0.0541312,0.0536612,0.0402411,-1.10599,-1.45738
60kt,chart,1200,1599.57,10099.6,172.634,69.1399,28.6553,324.005,537.955,660.104,552.295,300.002,101.27,0.494252,0.0539187,0.0536869,0.0402101,-1.10704,-1.45755
60kt,chart,1260,1590.6,10090.6,172.631,69.1676,28.6185,324.005,537.608,659.257,551.735,300.002,101.27,0.493796,0.0537064,0.0537126,0.0401795,-1.1081,-1.45772
60kt,chart,1320,1581.65,10081.7,172.628,69.1953,28.5818,324.005,537.262,658.411,551.177,300.002,101.27,0.49334,0.0534942,0.0537382,0.0401492,-1.10915,-1.45789
60kt,chart,1380,1572.69,10072.7,172.625,69.223,28.5452,324.005,536.916,657.567,550.619,300.002,101.27,0.492885,0.0532823,0.0537638,0.0401193,-1.11021,-1.45807
60kt,chart,1440,1563.75,10063.8,172.622,69.2507,28.5086,324.005,536.57,656.723,550.062,300.002,101.27,0.492429,0.0530705,0.0537894,0.0400897,-1.11126,-1.45824
60kt,chart,1500,1554.81,10054.8,172.619,69.2785,28.472,324.005,536.225,655.882,549.506,300.002,101.27,0.491974,0.0528589,0.053815,0.0400604,-1.11231,-1.45841
60kt,chart,1560,1545.87,10045.9,172.616,69.3063,28.4355,324.005,535.881,655.041,548.951,300.002,101.27,0.49152,0.0526475,0.0538406,0.0400314,-1.11337,-1.45859
60kt,chart,1620,1536.95,10037,172.613,69.3342,28.3991,324.005,535.537,654.202,548.397,300.002,101.27,0.491065,0.0524362,0.0538662,0.0400028,-1.11442,-1.45876
60kt,chart,1680,1528.02,10028,172.61,69.3621,28.3627,324.004,535.193,653.364,547.843,300.002,101.27,0.490611,0.0522251,0.0538917,0.0399746,-1.11548,-1.45894
60kt,chart,1740,1519.11,10019.1,172.606,69.39,28.3264,324.004,534.85,652.527,547.29,300.002,101.27,0.490158,0.0520142,0.0539172,0.0399466,-1.11653,-1.45912
60kt,chart,1800,1510.2,10010.2,172.603,69.4179,28.2901,324.004,534.508,651.691,546.739,300.002,101.27,0.489704,0.0518035,0.0539427,0.039919,-1.11759,-1.45929
60kt,chart,1860,1501.29,10001.3,172.6,69.4459,28.2539,324.004,534.166,650.857,546.188,300.002,101.27,0.489251,0.0515929,0.0539682,0.0398918,-1.11864,-1.45947
60kt,chart,1920,1492.39,9992.4,172.597,69.4739,28.2177,324.004,533.824,650.024,545.638,300.002,101.27,0.488798,0.0513825,0.0539937,0.0398648,-1.1197,-1.45965
60kt,chart,1980,1483.5,9983.51,172.594,69.502,28.1816,324.004,533.483,649.192,545.088,300.002,101.27,0.488345,0.0511723,0.0540192,0.0398382,-1.12075,-1.45984
60kt,chart,2040,1474.61,9974.62,172.591,69.53,28.1456,324.004,533.143,648.361,544.54,300.002,101.27,0.487893,0.0509623,0.0540446,0.0398119,-1.12181,-1.46002
60kt,chart,2100,1465.72,9965.74,172.588,69.5581,28.1096,324.004,532.803,647.532,543.992,300.002,101.27,0.487441,0.0507524,0.05407,0.039786,-1.12286,-1.4602
60kt,chart,2160,1456.85,9956.86,172.585,69.5863,28.0736,324.004,532.464,646.704,543.445,300.002,101.27,0.486989,0.0505427,0.0540954,0.0397603,-1.12392,-1.46039
60kt,chart,2220,1447.98,9947.99,172.582,69.6144,28.0377,324.004,532.125,645.877,542.899,300.002,101.27,0.486538,0.0503332,0.0541208,0.039735,-1.12498,-1.46057
60kt,chart,2280,1439.11,9939.12,172.579,69.6426,28.0019,324.004,531.786,645.051,542.354,300.002,101.27,0.486087,0.0501239,0.0541462,0.0397101,-1.12603,-1.46076
60kt,chart,2340,1430.25,9930.26,172.576,69.6709,27.9661,324.004,531.448,644.227,541.81,300.002,101.27,0.485636,0.0499147,0.0541716,0.0396854,-1.12709,-1.46095
60kt,chart,2400,1421.39,9921.41,172.573,69.6991,27.9304,324.004,531.111,643.403,541.266,300.002,101.27,0.485186,0.0497057,0.0541969,0.0396611,-1.12814,-1.46114
60kt,chart,2460.07,1412.53,9912.55,172.57,69.7275,27.8946,324.004,530.774,642.58,540.723,300.002,101.27,0.484735,0.0494966,0.0542223,0.0396371,-1.1292,-1.46133
60kt,chart,2520.07,1403.69,9903.7,172.567,69.7558,27.859,324.004,530.437,641.76,540.181,300.002,101.27,0.484285,0.049288,0.0542476,0.0396134,-1.13026,-1.46152
60kt,chart,2580.07,1394.85,9894.86,172.564,69.7842,27.8234,324.004,530.101,640.94,539.64,300.002,101.27,0.483836,0.0490795,0.0542729,0.0395901,-1.13132,-1.46171
60kt,chart,2640.07,1386.02,9886.03,172.561,69.8126,27.7879,324.004,529.766,640.122,539.1,300.002,101.27,0.483386,0.0488712,0.0542982,0.0395671,-1.13237,-1.4619
60kt,chart,2700.07,1377.19,9877.21,172.558,69.841,27.7524,324.004,529.431,639.305,538.561,300.002,101.27,0.482937,0.048663,0.0543234,0.0395444,-1.13343,-1.4621
60kt,chart,2760.07,1368.37,9868.38,172.555,69.8695,27.717,324.004,529.097,638.489,538.022,300.002,101.27,0.482489,0.048455,0.0543487,0.039522,-1.13449,-1.46229
60kt,chart,2820.07,1359.56,9859.57,172.552,69.8979,27.6816,324.004,528.763,637.674,537.484,300.002,101.27,0.48204,0.0482472,0.0543739,0.0394999,-1.13555,-1.46249
60kt,chart,2880.07,1350.75,9850.76,172.548,69.9265,27.6463,324.004,528.43,636.861,536.948,300.002,101.27,0.481592,0.0480396,0.0543992,0.0394782,-1.13661,-1.46269
60kt,chart,2940.07,1341.94,9841.95,172.545,69.955,27.6111,324.004,528.097,636.049,536.411,300.002,101.27,0.481144,0.0478321,0.0544244,0.0394568,-1.13766,-1.46289
60kt,chart,3000.07,1333.14,9833.16,172.542,69.9836,27.5759,324.004,527.764,635.237,535.876,300.002,101.27,0.480697,0.0476249,0.0544496,0.0394357,-1.13872,-1.46308
60kt,chart,3060.07,1324.35,9824.36,172.539,70.0123,27.5407,324.004,527.432,634.428,535.342,300.002,101.27,0.480249,0.0474177,0.0544747,0.0394149,-1.13978,-1.46328
60kt,chart,3120.07,1315.56,9815.57,172.536,70.0409,27.5056,324.004,527.101,633.619,534.808,300.002,101.27,0.479803,0.0472108,0.0544999,0.0393945,-1.14084,-1.46349
60kt,chart,3180.07,1306.78,9806.79,172.533,70.0696,27.4706,324.004,526.77,632.812,534.275,300.002,101.27,0.479356,0.047004,0.0545251,0.0393744,-1.1419,-1.46369
60kt,chart,3240.07,1298,9798.02,172.53,70.0983,27.4356,324.004,526.44,632.005,533.743,300.002,101.27,0.47891,0.0467974,0.0545502,0.0393545,-1.14296,-1.46389
60kt,chart,3300.07,1289.23,9789.24,172.527,70.1271,27.4006,324.004,526.11,631.2,533.212,300.002,101.27,0.478463,0.0465909,0.0545753,0.0393351,-1.14402,-1.4641
60kt,chart,3360.07,1280.47,9780.48,172.524,70.1559,27.3657,324.004,525.78,630.397,532.681,300.002,101.27,0.478018,0.0463846,0.0546004,0.0393159,-1.14508,-1.4643
60kt,chart,3420.07,1271.71,9771.72,172.521,70.1847,27.3309,324.004,525.452,629.594,532.152,300.002,101.27,0.477572,0.0461785,0.0546255,0.039297,-1.14614,-1.46451
60kt,chart,3480.07,1262.95,9762.96,172.517,70.2136,27.2961,324.004,525.123,628.793,531.623,300.002,101.27,0.477127,0.0459726,0.0546506,0.0392785,-1.1472,-1.46472
60kt,chart,3540.07,1254.2,9754.21,172.514,70.2425,27.2614,324.004,524.795,627.992,531.095,300.002,101.27,0.476682,0.0457668,0.0546757,0.0392602,-1.14826,-1.46493
60kt,chart,3600.07,1245.46,9745.47,172.511,70.2714,27.2267,324.004,524.468,627.193,530.567,300.002,101.27,0.476238,0.0455612,0.0547007,0.0392423,-1.14932,-1.46514
60kt,chart,3660.07,1236.72,9736.73,172.508,70.3004,27.192,324.004,524.141,626.396,530.041,300.002,101.27,0.475793,0.0453558,0.0547257,0.0392247,-1.15038,-1.46535
60kt,chart,3720.07,1227.99,9728,172.505,70.3294,27.1575,324.004,523.814,625.599,529.515,300.002,101.27,0.475349,0.0451505,0.0547508,0.0392074,-1.15144,-1.46556
60kt,chart,3780.07,1219.26,9719.27,172.502,70.3584,27.1229,324.004,523.488,624.803,528.99,300.002,101.27,0.474906,0.0449454,0.0547758,0.0391904,-1.15251,-1.46577
60kt,chart,3840.07,1210.54,9710.55,172.499,70.3875,27.0885,324.004,523.163,624.009,528.466,300.002,101.27,0.474462,0.0447405,0.0548008,0.0391737,-1.15357,-1.46599
60kt,chart,3900.07,1201.82,9701.83,172.496,70.4166,27.054,324.004,522.838,623.216,527.943,300.002,101.27,0.474019,0.0445357,0.0548257,0.0391574,-1.15463,-1.4662
60kt,chart,3960.07,1193.11,9693.12,172.492,70.4457,27.0197,324.004,522.513,622.424,527.421,300.002,101.27,0.473576,0.0443311,0.0548507,0.0391413,-1.15569,-1.46642
60kt,chart,4020.07,1184.4,9684.42,172.489,70.4749,26.9853,324.004,522.189,621.633,526.899,300.002,101.27,0.473133,0.0441266,0.0548757,0.0391256,-1.15676,-1.46664
60kt,chart,4080.07,1175.7,9675.71,172.486,70.5041,26.951,324.004,521.865,620.844,526.378,300.002,101.27,0.472691,0.0439224,0.0549006,0.0391102,-1.15782,-1.46685
60kt,chart,4140.07,1167.01,9667.02,172.483,70.5333,26.9168,324.004,521.542,620.055,525.858,300.002,101.27,0.472249,0.0437182,0.0549255,0.039095,-1.15888,-1.46707
60kt,chart,4200.07,1158.32,9658.33,172.48,70.5626,26.8827,324.004,521.22,619.268,525.338,300.002,101.27,0.471807,0.0435143,0.0549505,0.0390802,-1.15994,-1.46729
60kt,chart,4260.07,1149.63,9649.65,172.477,70.5919,26.8485,324.004,520.897,618.482,524.82,300.002,101.27,0.471366,0.0433105,0.0549754,0.0390657,-1.16101,-1.46752
60kt,chart,4320.07,1140.96,9640.97,172.473,70.6212,26.8145,324.004,520.576,617.697,524.302,300.002,101.27,0.470925,0.0431069,0.0550002,0.0390515,-1.16207,-1.46774
60kt,chart,4380.07,1132.28,9632.29,172.47,70.6506,26.7804,324.004,520.255,616.913,523.785,300.002,101.27,0.470484,0.0429035,0.0550251,0.0390376,-1.16314,-1.46796
60kt,chart,4440.07,1123.61,9623.62,172.467,70.68,26.7465,324.004,519.934,616.131,523.269,300.002,101.27,0.470043,0.0427002,0.05505,0.039024,-1.1642,-1.46819
60kt,chart,4500.07,1114.95,9614.96,172.464,70.7094,26.7125,324.004,519.614,615.349,522.753,300.002,101.27,0.469603,0.0424971,0.0550748,0.0390108,-1.16527,-1.46841
60kt,chart,4560.07,1106.29,9606.3,172.461,70.7389,26.6787,324.004,519.294,614.569,522.239,300.002,101.27,0.469163,0.0422941,0.0550997,0.0389978,-1.16633,-1.46864
60kt,chart,4620.07,1097.64,9597.65,172.457,70.7684,26.6449,324.004,518.975,613.79,521.725,300.002,101.27,0.468723,0.0420913,0.0551245,0.0389851,-1.1674,-1.46887
60kt,chart,4680.07,1088.99,9589.01,172.454,70.798,26.6111,324.004,518.656,613.012,521.212,300.002,101.27,0.468284,0.0418887,0.0551493,0.0389727,-1.16846,-1.4691
60kt,chart,4740.07,1080.35,9580.36,172.451,70.8276,26.5774,324.004,518.337,612.235,520.699,300.002,101.27,0.467845,0.0416862,0.0551741,0.0389607,-1.16953,-1.46933
60kt,chart,4800.07,1071.72,9571.73,172.448,70.8572,26.5437,324.004,518.019,611.46,520.188,300.002,101.27,0.467406,0.0414839,0.0551989,0.0389489,-1.17059,-1.46956
60kt,chart,4860.07,1063.09,9563.1,172.445,70.8868,26.5101,324.004,517.702,610.685,519.677,300.002,101.27,0.466967,0.0412818,0.0552237,0.0389375,-1.17166,-1.46979
60kt,chart,4920.07,1054.46,9554.47,172.441,70.9165,26.4765,324.004,517.385,609.912,519.167,300.002,101.27,0.466529,0.0410798,0.0552485,0.0389263,-1.17273,-1.47003
60kt,chart,4980.07,1045.84,9545.85,172.438,70.9463,26.443,324.004,517.069,609.14,518.658,300.002,101.27,0.466091,0.040878,0.0552732,0.0389154,-1.17379,-1.47026
60kt,chart,5040.07,1037.22,9537.23,172.435,70.976,26.4095,324.004,516.753,608.369,518.149,300.002,101.27,0.465653,0.0406763,0.055298,0.0389049,-1.17486,-1.4705
60kt,chart,5100.07,1028.61,9528.62,172.432,71.0058,26.3761,324.004,516.437,607.599,517.641,300.002,101.27,0.465216,0.0404748,0.0553227,0.0388946,-1.17593,-1.47074
60kt,chart,5160.07,1020.01,9520.02,172.429,71.0356,26.3427,324.004,516.122,606.83,517.134,300.002,101.27,0.464779,0.0402735,0.0553474,0.0388847,-1.17699,-1.47097
60kt,chart,5220.07,1011.41,9511.42,172.425,71.0655,26.3094,324.004,515.807,606.062,516.628,300.002,101.27,0.464342,0.0400723,0.0553721,0.038875,-1.17806,-1.47121
60kt,chart,5280.07,1002.82,9502.83,172.422,71.0954,26.2761,324.004,515.493,605.296,516.123,300.002,101.27,0.463905,0.0398713,0.0553968,0.0388657,-1.17913,-1.47145
60kt,chart,5340.07,994.227,9494.24,172.419,71.1254,26.2429,324.004,515.18,604.531,515.618,300.002,101.27,0.463469,0.0396705,0.0554215,0.0388566,-1.1802,-1.4717
60kt,chart,5400.07,985.643,9485.65,172.416,71.1553,26.2097,324.004,514.866,603.766,515.114,300.002,101.27,0.463033,0.0394698,0.0554462,0.0388478,-1.18127,-1.47194
60kt,chart,5460.07,977.065,9477.08,172.412,71.1853,26.1766,324.004,514.554,603.003,514.611,300.002,101.27,0.462597,0.0392693,0.0554708,0.0388394,-1.18234,-1.47218
60kt,chart,5520.07,968.491,9468.5,172.409,71.2154,26.1435,324.004,514.241,602.241,514.108,300.002,101.27,0.462162,0.0390689,0.0554955,0.0388312,-1.18341,-1.47243
60kt,chart,5580.07,959.923,9459.93,172.406,71.2455,26.1105,324.004,513.93,601.481,513.607,300.002,101.27,0.461726,0.0388687,0.0555201,0.0388233,-1.18448,-1.47267
60kt,chart,5640.07,951.36,9451.37,172.403,71.2756,26.0775,324.004,513.618,600.721,513.106,300.002,101.27,0.461291,0.0386687,0.0555447,0.0388157,-1.18555,-1.47292
60kt,chart,5700.07,942.803,9442.81,172.399,71.3058,26.0446,324.004,513.307,599.962,512.606,300.002,101.27,0.460857,0.0384688,0.0555694,0.0388084,-1.18662,-1.47317
60kt,chart,5760.07,934.25,9434.26,172.396,71.3359,26.0117,324.004,512.997,599.205,512.106,300.002,101.27,0.460422,0.0382691,0.055594,0.0388014,-1.18769,-1.47342
60kt,chart,5820.07,925.703,9425.71,172.393,71.3662,25.9789,324.004,512.687,598.448,511.608,300.002,101.27,0.459988,0.0380695,0.0556186,0.0387947,-1.18876,-1.47367
60kt,chart,5880.07,917.161,9417.17,172.39,71.3964,25.9461,324.004,512.377,597.693,511.11,300.002,101.27,0.459554,0.0378701,0.0556431,0.0387883,-1.18983,-1.47392
60kt,chart,5940.07,908.624,9408.63,172.386,71.4267,25.9134,324.004,512.068,596.939,510.613,300.002,101.27,0.459121,0.0376709,0.0556677,0.0387822,-1.1909,-1.47417
60kt,chart,6000.07,900.092,9400.1,172.383,71.4571,25.8807,324.004,511.76,596.186,510.116,300.002,101.27,0.458688,0.0374718,0.0556923,0.0387764,-1.19198,-1.47443
60kt,chart,6060.07,891.565,9391.58,172.38,71.4875,25.848,324.004,511.452,595.434,509.621,300.002,101.27,0.458255,0.0372728,0.0557168,0.0387708,-1.19305,-1.47468
60kt,chart,6120.07,883.043,9383.05,172.376,71.5179,25.8154,324.004,511.144,594.684,509.126,300.002,101.27,0.457822,0.0370741,0.0557414,0.0387656,-1.19412,-1.47494
60kt,chart,6180.07,874.527,9374.54,172.373,71.5483,25.7829,324.004,510.837,593.934,508.631,300.002,101.27,0.457389,0.0368755,0.0557659,0.0387606,-1.19519,-1.47519
60kt,chart,6240.07,866.015,9366.03,172.37,71.5788,25.7504,324.004,510.53,593.185,508.138,300.002,101.27,0.456957,0.036677,0.0557904,0.038756,-1.19627,-1.47545
60kt,chart,6300.07,857.509,9357.52,172.367,71.6093,25.718,324.004,510.224,592.438,507.645,300.002,101.27,0.456525,0.0364787,0.055815,0.0387516,-1.19734,-1.47571
60kt,chart,6360.07,849.008,9349.02,172.363,71.6399,25.6856,324.004,509.918,591.692,507.153,300.002,101.27,0.456094,0.0362806,0.0558395,0.0387475,-1.19841,-1.47597
60kt,chart,6420.07,840.512,9340.52,172.36,71.6705,25.6532,324.004,509.612,590.946,506.662,300.002,101.27,0.455662,0.0360826,0.055864,0.0387437,-1.19949,-1.47623
60kt,chart,6480.07,832.021,9332.03,172.357,71.7011,25.6209,324.004,509.307,590.202,506.172,300.002,101.27,0.455231,0.0358848,0.0558884,0.0387402,-1.20056,-1.4765
60kt,chart,6540.07,823.535,9323.55,172.353,71.7318,25.5886,324.004,509.003,589.459,505.682,300.002,101.27,0.4548,0.0356871,0.0559129,0.038737,-1.20164,-1.47676
60kt,chart,6600.07,815.054,9315.06,172.35,71.7625,25.5564,324.004,508.699,588.717,505.193,300.002,101.27,0.45437,0.0354896,0.0559374,0.038734,-1.20271,-1.47703
60kt,chart,6660.07,806.578,9306.59,172.347,71.7933,25.5243,324.004,508.395,587.976,504.705,300.002,101.27,0.45394,0.0352923,0.0559618,0.0387314,-1.20379,-1.47729
60kt,chart,6720.07,798.107,9298.12,172.343,71.824,25.4922,324.004,508.092,587.237,504.217,300.002,101.27,0.45351,0.0350951,0.0559863,0.038729,-1.20487,-1.47756
60kt,chart,6780.07,789.642,9289.65,172.34,71.8549,25.4601,324.004,507.789,586.498,503.73,300.002,101.27,0.45308,0.034898,0.0560107,0.0387269,-1.20594,-1.47783
60kt,chart,6840.07,781.181,9281.19,172.337,71.8857,25.4281,324.004,507.487,585.76,503.244,300.002,101.27,0.45265,0.0347011,0.0560352,0.0387251,-1.20702,-1.4781
60kt,chart,6900.07,772.726,9272.74,172.333,71.9166,25.3961,324.004,507.185,585.024,502.759,300.002,101.27,0.452221,0.0345044,0.0560596,0.0387236,-1.2081,-1.47837
60kt,chart,6960.07,764.275,9264.29,172.33,71.9476,25.3642,324.004,506.884,584.289,502.274,300.002,101.27,0.451792,0.0343079,0.056084,0.0387224,-1.20917,-1.47864
60kt,chart,7020.07,755.829,9255.84,172.327,71.9785,25.3323,324.004,506.583,583.554,501.79,300.002,101.27,0.451364,0.0341114,0.0561084,0.0387214,-1.21025,-1.47892
60kt,chart,7080.07,747.389,9247.4,172.323,72.0096,25.3005,324.004,506.282,582.821,501.307,300.002,101.27,0.450935,0.0339152,0.0561328,0.0387207,-1.21133,-1.47919
60kt,chart,7140.07,738.953,9238.96,172.32,72.0406,25.2687,324.004,505.982,582.089,500.824,300.002,101.27,0.450507,0.0337191,0.0561572,0.0387203,-1.21241,-1.47947
60kt,chart,7200.07,730.523,9230.53,172.317,72.0717,25.237,324.004,505.683,581.358,500.343,300.002,101.27,0.450079,0.0335231,0.0561816,0.0387202,-1.21349,-1.47974
60kt,chart,7260.07,722.097,9222.11,172.313,72.1028,25.2053,324.004,505.384,580.628,499.862,300.002,101.27,0.449652,0.0333273,0.0562059,0.0387204,-1.21457,-1.48002
60kt,chart,7320.07,713.677,9213.69,172.31,72.134,25.1736,324.004,505.085,579.899,499.381,300.002,101.27,0.449224,0.0331317,0.0562303,0.0387209,-1.21565,-1.4803
60kt,chart,7380.07,705.261,9205.27,172.306,72.1652,25.142,324.004,504.786,579.171,498.902,300.002,101.27,0.448797,0.0329362,0.0562546,0.0387216,-1.21673,-1.48058
60kt,chart,7440.07,696.85,9196.86,172.303,72.1965,25.1105,324.004,504.489,578.444,498.423,300.002,101.27,0.448371,0.0327409,0.056279,0.0387226,-1.21781,-1.48086
60kt,chart,7500.07,688.445,9188.46,172.3,72.2277,25.079,324.004,504.191,577.719,497.945,300.002,101.27,0.447944,0.0325457,0.0563033,0.0387239,-1.21889,-1.48114
60kt,chart,7560.07,680.044,9180.05,172.296,72.2591,25.0475,324.004,503.894,576.994,497.467,300.002,101.27,0.447518,0.0323507,0.0563276,0.0387255,-1.21997,-1.48143
60kt,chart,7620.07,671.648,9171.66,172.293,72.2904,25.0161,324.004,503.598,576.27,496.991,300.002,101.27,0.447092,0.0321558,0.056352,0.0387273,-1.22105,-1.48171
60kt,chart,7680.07,663.257,9163.27,172.29,72.3218,24.9848,324.004,503.302,575.548,496.515,300.002,101.27,0.446666,0.0319611,0.0563763,0.0387294,-1.22214,-1.482
60kt,chart,7740.07,654.872,9154.88,172.286,72.3533,24.9535,324.004,503.006,574.827,496.039,300.002,101.27,0.446241,0.0317665,0.0564006,0.0387318,-1.22322,-1.48229
60kt,chart,7800.07,646.491,9146.5,172.283,72.3847,24.9222,324.004,502.711,574.106,495.565,300.002,101.27,0.445816,0.0315721,0.0564249,0.0387345,-1.2243,-1.48258
60kt,chart,7860.07,638.115,9138.12,172.279,72.4163,24.891,324.004,502.416,573.387,495.091,300.002,101.27,0.445391,0.0313778,0.0564492,0.0387375,-1.22538,-1.48287
60kt,chart,7920.07,629.743,9129.75,172.276,72.4478,24.8598,324.004,502.122,572.669,494.618,300.002,101.27,0.444966,0.0311837,0.0564735,0.0387407,-1.22647,-1.48316
60kt,chart,7980.07,621.377,9121.39,172.272,72.4794,24.8286,324.004,501.828,571.952,494.145,300.002,101.27,0.444542,0.0309898,0.0564977,0.0387442,-1.22755,-1.48345
60kt,chart,8040.07,613.016,9113.03,172.269,72.511,24.7976,324.004,501.534,571.235,493.673,300.002,101.27,0.444118,0.030796,0.056522,0.0387479,-1.22864,-1.48374
60kt,chart,8100.07,604.659,9104.67,172.266,72.5427,24.7665,324.004,501.241,570.52,493.202,300.002,101.27,0.443694,0.0306023,0.0565463,0.038752,-1.22972,-1.48404
60kt,chart,8160.07,596.308,9096.32,172.262,72.5744,24.7355,324.004,500.948,569.806,492.732,300.002,101.27,0.44327,0.0304088,0.0565705,0.0387563,-1.23081,-1.48433
60kt,chart,8220.07,587.961,9087.97,172.259,72.6062,24.7046,324.004,500.656,569.093,492.262,300.002,101.27,0.442847,0.0302155,0.0565948,0.0387609,-1.23189,-1.48463
60kt,chart,8280.07,579.619,9079.63,172.255,72.638,24.6737,324.004,500.365,568.381,491.793,300.002,101.27,0.442424,0.0300223,0.056619,0.0387658,-1.23298,-1.48493
60kt,chart,8340.07,571.282,9071.29,172.252,72.6698,24.6428,324.004,500.073,567.671,491.325,300.002,101.27,0.442001,0.0298292,0.0566432,0.0387709,-1.23407,-1.48523
60kt,chart,8400.07,562.95,9062.96,172.248,72.7017,24.612,324.004,499.782,566.961,490.858,300.002,101.27,0.441579,0.0296363,0.0566675,0.0387763,-1.23515,-1.48553
60kt,chart,8460.07,554.623,9054.63,172.245,72.7336,24.5812,324.004,499.492,566.252,490.391,300.002,101.27,0.441156,0.0294436,0.0566917,0.038782,-1.23624,-1.48583
60kt,chart,8520.07,546.3,9046.31,172.242,72.7656,24.5505,324.004,499.202,565.544,489.925,300.002,101.27,0.440734,0.029251,0.0567159,0.0387879,-1.23733,-1.48613
60kt,chart,8580.07,537.983,9037.99,172.238,72.7975,24.5198,324.004,498.912,564.838,489.459,300.002,101.27,0.440313,0.0290585,0.0567401,0.0387941,-1.23842,-1.48644
60kt,chart,8640.07,529.67,9029.68,172.235,72.8296,24.4892,324.004,498.623,564.132,488.994,300.002,101.27,0.439891,0.0288663,0.0567643,0.0388006,-1.23951,-1.48674
60kt,chart,8700.07,521.362,9021.37,172.231,72.8617,24.4586,324.004,498.334,563.427,488.53,300.002,101.27,0.43947,0.0286741,0.0567885,0.0388074,-1.2406,-1.48705
60kt,chart,8760.07,513.059,9013.07,172.228,72.8938,24.4281,324.004,498.046,562.724,488.067,300.002,101.27,0.439049,0.0284821,0.0568127,0.0388144,-1.24169,-1.48736
60kt,chart,8820.07,504.76,9004.77,172.224,72.9259,24.3976,324.004,497.758,562.021,487.604,300.002,101.27,0.438628,0.0282903,0.0568369,0.0388217,-1.24278,-1.48766
60kt,chart,8880.07,496.467,8996.48,172.221,72.9581,24.3671,324.004,497.47,561.32,487.142,300.002,101.27,0.438208,0.0280986,0.056861,0.0388292,-1.24387,-1.48797
60kt,chart,8940.07,488.178,8988.19,172.217,72.9904,24.3367,324.004,497.183,560.619,486.681,300.002,101.27,0.437788,0.027907,0.0568852,0.0388371,-1.24496,-1.48829
60kt,chart,9000.07,479.894,8979.9,172.214,73.0226,24.3063,324.004,496.897,559.92,486.22,300.002,101.27,0.437368,0.0277156,0.0569094,0.0388451,-1.24605,-1.4886
60kt,chart,9060.07,471.615,8971.63,172.21,73.055,24.276,324.004,496.61,559.221,485.76,300.002,101.27,0.436948,0.0275244,0.0569335,0.0388535,-1.24714,-1.48891
60kt,chart,9120.07,463.34,8963.35,172.207,73.0873,24.2458,324.004,496.325,558.524,485.301,300.002,101.27,0.436529,0.0273333,0.0569577,0.0388621,-1.24823,-1.48923
60kt,chart,9180.07,455.071,8955.08,172.203,73.1197,24.2155,324.004,496.039,557.827,484.843,300.002,101.27,0.43611,0.0271423,0.0569818,0.038871,-1.24933,-1.48954
60kt,chart,9240.07,446.806,8946.82,172.2,73.1522,24.1853,324.004,495.754,557.132,484.385,300.002,101.27,0.435691,0.0269515,0.057006,0.0388801,-1.25042,-1.48986
60kt,chart,9300.07,438.546,8938.56,172.196,73.1847,24.1552,324.004,495.47,556.438,483.928,300.002,101.27,0.435272,0.0267609,0.0570301,0.0388895,-1.25151,-1.49018
60kt,chart,9360.07,430.29,8930.3,172.193,73.2172,24.1251,324.004,495.186,555.745,483.471,300.002,101.27,0.434854,0.0265704,0.0570542,0.0388992,-1.25261,-1.4905
60kt,chart,9420.07,422.039,8922.05,172.189,73.2497,24.0951,324.004,494.902,555.052,483.015,300.002,101.27,0.434436,0.02638,0.0570784,0.0389092,-1.2537,-1.49082
60kt,chart,9480.07,413.793,8913.8,172.186,73.2824,24.065,324.004,494.618,554.361,482.56,300.002,101.27,0.434018,0.0261898,0.0571025,0.0389193,-1.2548,-1.49114
60kt,chart,9540.07,405.552,8905.56,172.182,73.315,24.0351,324.004,494.336,553.671,482.106,300.002,101.27,0.4336,0.0259997,0.0571266,0.0389298,-1.25589,-1.49147
60kt,chart,9600.07,397.315,8897.33,172.179,73.3477,24.0052,324.004,494.053,552.981,481.652,300.002,101.27,0.433183,0.0258098,0.0571507,0.0389405,-1.25699,-1.49179
60kt,chart,9660,389.094,8889.1,172.175,73.3804,23.9753,324.004,493.771,552.294,481.199,300.002,101.27,0.432766,0.0256203,0.0571748,0.0389515,-1.25809,-1.49212
60kt,chart,9720,380.867,8880.88,172.172,73.4132,23.9455,324.004,493.49,551.607,480.747,300.002,101.27,0.432349,0.0254307,0.0571989,0.0389627,-1.25918,-1.49245
60kt,chart,9780,372.644,8872.65,172.168,73.446,23.9157,324.004,493.209,550.921,480.295,300.002,101.27,0.431933,0.0252412,0.057223,0.0389742,-1.26028,-1.49277
60kt,chart,9840,364.426,8864.44,172.164,73.4788,23.886,324.004,492.928,550.235,479.844,300.002,101.27,0.431517,0.0250519,0.0572471,0.038986,-1.26138,-1.4931
60kt,chart,9900,356.213,8856.22,172.161,73.5118,23.8563,324.004,492.647,549.551,479.393,300.002,101.27,0.431101,0.0248627,0.0572712,0.038998,-1.26248,-1.49344
60kt,chart,9960,348.005,8848.02,172.157,73.5447,23.8266,324.004,492.367,548.868,478.944,300.002,101.27,0.430685,0.0246736,0.0572953,0.0390103,-1.26358,-1.49377
60kt,chart,10020,339.801,8839.81,172.154,73.5777,23.797,324.004,492.088,548.186,478.495,300.002,101.27,0.430269,0.0244847,0.0573194,0.0390228,-1.26468,-1.4941
60kt,chart,10080,331.602,8831.61,172.15,73.6107,23.7674,324.004,491.809,547.505,478.046,300.002,101.27,0.429854,0.024296,0.0573434,0.0390356,-1.26578,-1.49444
60kt,chart,10140,323.407,8823.42,172.147,73.6438,23.7379,324.004,491.53,546.824,477.598,300.002,101.27,0.429439,0.0241074,0.0573675,0.0390487,-1.26688,-1.49477
60kt,chart,10200,315.218,8815.23,172.143,73.6769,23.7084,324.004,491.251,546.145,477.151,300.002,101.27,0.429024,0.0239189,0.0573916,0.039062,-1.26798,-1.49511
60kt,chart,10260,307.032,8807.04,172.139,73.7101,23.679,324.004,490.973,545.467,476.705,300.002,101.27,0.42861,0.0237306,0.0574156,0.0390755,-1.26908,-1.49545
60kt,chart,10320,298.852,8798.86,172.136,73.7433,23.6496,324.004,490.696,544.79,476.259,300.002,101.27,0.428195,0.0235424,0.0574397,0.0390893,-1.27018,-1.49579
60kt,chart,10380,290.676,8790.69,172.132,73.7765,23.6202,324.004,490.419,544.114,475.814,300.002,101.27,0.427781,0.0233544,0.0574638,0.0391034,-1.27128,-1.49613
60kt,chart,10440,282.504,8782.51,172.129,73.8098,23.5909,324.004,490.142,543.438,475.37,300.002,101.27,0.427367,0.0231665,0.0574878,0.0391177,-1.27239,-1.49647
60kt,chart,10500,274.338,8774.35,172.125,73.8431,23.5616,324.004,489.866,542.764,474.926,300.002,101.27,0.426954,0.0229788,0.0575119,0.0391323,-1.27349,-1.49682
60kt,chart,10560,266.176,8766.19,172.121,73.8765,23.5324,324.004,489.59,542.091,474.483,300.002,101.27,0.426541,0.0227912,0.0575359,0.0391471,-1.2746,-1.49716
60kt,chart,10620,258.018,8758.03,172.118,73.9099,23.5032,324.004,489.314,541.419,474.04,300.002,101.27,0.426128,0.0226038,0.05756,0.0391622,-1.2757,-1.49751
60kt,chart,10680,249.865,8749.88,172.114,73.9434,23.4741,324.004,489.039,540.747,473.598,300.002,101.27,0.425715,0.0224165,0.057584,0.0391776,-1.27681,-1.49786
60kt,chart,10740,241.717,8741.73,172.111,73.9769,23.445,324.004,488.765,540.077,473.157,300.002,101.27,0.425302,0.0222293,0.0576081,0.0391932,-1.27791,-1.49821
60kt,chart,10800,233.573,8733.58,172.107,74.0104,23.4159,324.004,488.49,539.408,472.717,300.002,101.27,0.42489,0.0220423,0.0576321,0.039209,-1.27902,-1.49856
60kt,chart,10860,225.434,8725.44,172.103,74.044,23.3869,324.004,488.216,538.74,472.277,300.002,101.27,0.424478,0.0218554,0.0576561,0.0392251,-1.28012,-1.49891
60kt,chart,10920,217.299,8717.31,172.1,74.0776,23.358,324.004,487.943,538.072,471.838,300.002,101.27,0.424066,0.0216687,0.0576802,0.0392414,-1.28123,-1.49926
60kt,chart,10980,209.169,8709.18,172.096,74.1113,23.329,324.004,487.67,537.406,471.399,300.002,101.27,0.423655,0.0214821,0.0577042,0.039258,-1.28234,-1.49962
60kt,chart,11040,201.043,8701.05,172.092,74.145,23.3001,324.004,487.397,536.74,470.961,300.002,101.27,0.423243,0.0212957,0.0577282,0.0392749,-1.28345,-1.49997
60kt,chart,11100,192.922,8692.93,172.089,74.1788,23.2713,324.004,487.125,536.076,470.524,300.002,101.27,0.422832,0.0211094,0.0577522,0.039292,-1.28456,-1.50033
60kt,chart,11160,184.806,8684.82,172.085,74.2126,23.2425,324.004,486.853,535.413,470.088,300.002,101.27,0.422422,0.0209232,0.0577763,0.0393093,-1.28567,-1.50069
60kt,chart,11220,176.694,8676.7,172.081,74.2465,23.2137,324.004,486.581,534.75,469.652,300.002,101.27,0.422011,0.0207372,0.0578003,0.0393269,-1.28678,-1.50105
60kt,chart,11280,168.587,8668.6,172.078,74.2804,23.185,324.004,486.31,534.089,469.216,300.002,101.27,0.421601,0.0205513,0.0578243,0.0393448,-1.28789,-1.50141
60kt,chart,11340,160.484,8660.49,172.074,74.3143,23.1564,324.004,486.04,533.428,468.782,300.002,101.27,0.421191,0.0203656,0.0578483,0.0393628,-1.289,-1.50177
60kt,chart,11400,152.385,8652.4,172.07,74.3483,23.1277,324.004,485.769,532.769,468.348,300.002,101.27,0.420781,0.02018,0.0578723,0.0393812,-1.29011,-1.50213
60kt,chart,11460,144.291,8644.3,172.067,74.3824,23.0991,324.004,485.499,532.11,467.914,300.002,101.27,0.420371,0.0199945,0.0578963,0.0393998,-1.29122,-1.5025
60kt,chart,11520,136.202,8636.21,172.063,74.4164,23.0706,324.004,485.23,531.452,467.482,300.002,101.27,0.419962,0.0198092,0.0579203,0.0394186,-1.29234,-1.50286
60kt,chart,11580,128.117,8628.13,172.059,74.4506,23.0421,324.004,484.961,530.796,467.05,300.002,101.27,0.419553,0.0196241,0.0579444,0.0394377,-1.29345,-1.50323
60kt,chart,11640,120.037,8620.05,172.056,74.4847,23.0136,324.004,484.692,530.14,466.618,300.002,101.27,0.419144,0.019439,0.0579684,0.039457,-1.29456,-1.5036
60kt,chart,11700,111.961,8611.97,172.052,74.5189,22.9852,324.004,484.424,529.485,466.187,300.002,101.27,0.418736,0.0192542,0.0579924,0.0394765,-1.29568,-1.50397
60kt,chart,11760,103.889,8603.9,172.048,74.5532,22.9568,324.004,484.156,528.831,465.757,300.002,101.27,0.418327,0.0190846,0.0580166,0.0394965,-1.29662,-1.50434
60kt,chart,11820,95.822,8595.83,172.045,74.5875,22.9285,324.004,483.888,528.178,465.328,300.002,101.27,0.417919,0.0189253,0.0580406,0.0395167,-1.29748,-1.50471
60kt,chart,11880,87.7594,8587.77,172.041,74.6218,22.9001,324.004,483.621,527.526,464.898,300.002,101.27,0.417511,0.0187662,0.0580646,0.039537,-1.29833,-1.50508
60kt,chart,11940,79.7013,8579.71,172.037,74.6562,22.8719,324.003,483.354,526.875,464.47,300.002,101.27,0.417103,0.0186071,0.0580886,0.0395576,-1.29918,-1.50546
60kt,chart,12000,71.6476,8571.66,172.033,74.6907,22.8437,324.003,483.087,526.225,464.042,300.002,101.27,0.416696,0.0184481,0.0581126,0.0395784,-1.30004,-1.50584
60kt,chart,12060,63.5984,8563.61,172.03,74.7252,22.8155,324.003,482.821,525.575,463.615,300.002,101.27,0.416288,0.0182892,0.0581366,0.0395995,-1.30089,-1.50621
60kt,chart,12120,55.5536,8555.56,172.026,74.7597,22.7873,324.003,482.555,524.927,463.189,300.002,101.27,0.415881,0.0181304,0.0581606,0.0396208,-1.30175,-1.50659
60kt,chart,12180,47.5132,8547.52,172.022,74.7943,22.7592,324.003,482.29,524.28,462.763,300.002,101.27,0.415475,0.0179717,0.0581846,0.0396424,-1.3026,-1.50697
60kt,chart,12240,39.4772,8539.49,172.018,74.8289,22.7312,324.003,482.025,523.633,462.337,300.002,101.27,0.415068,0.0178131,0.0582086,0.0396642,-1.30346,-1.50735
60kt,chart,12300,31.4457,8531.46,172.015,74.8636,22.7031,324.003,481.761,522.988,461.913,300.002,101.27,0.414662,0.0176545,0.0582326,0.0396862,-1.30432,-1.50774
60kt,chart,12360,23.4186,8523.43,172.011,74.8983,22.6752,324.003,481.496,522.343,461.489,300.002,101.27,0.414256,0.0174961,0.0582566,0.0397085,-1.30518,-1.50812
60kt,chart,12420,15.3958,8515.41,172.007,74.9331,22.6472,324.003,481.233,521.699,461.065,300.002,101.27,0.41385,0.0173377,0.0582806,0.039731,-1.30604,-1.5085
60kt,chart,12480,7.37745,8507.39,172.003,74.9679,22.6193,324.003,480.969,521.057,460.643,300.002,101.27,0.413444,0.0171794,0.0583046,0.0397538,-1.30691,-1.50889
60kt,chart,12535.2,0.00444219,8500.01,172,74.9999,22.5937,324.003,480.727,520.466,460.254,300.002,101.27,0.413071,0.0170339,0.0583267,0.0397749,-1.3077,-1.50925
60kt,sfc_gauge,0.075,1780,10280,172.693,68.5934,6.43353,323.122,161.811,284.879,224.758,300,101.269,0.515288,0.0259205,0.0777569,0.0399585,-1.11319e-14,-3.85562e-15
60kt,sfc_gauge,60,1773.64,10273.6,172.691,68.6123,29.363,322.634,382.603,673.596,560.481,300.004,101.193,0.507167,0.0608649,0.0535714,0.0365826,-1.07778,-1.36418
60kt,sfc_gauge,120,1767.25,10267.3,172.689,68.6314,29.3521,323.56,383.53,675.229,562.099,300.007,101.273,0.504142,0.0586316,0.0530509,0.040551,-1.08881,-1.45211
60kt,sfc_gauge,180.075,1760.85,10260.9,172.686,68.6505,29.3227,323.86,383.501,675.178,562.193,300.004,101.272,0.502898,0.057977,0.0531666,0.0407439,-1.0885,-1.45432
60kt,sfc_gauge,240.075,1754.46,10254.5,172.684,68.6696,29.2958,323.957,383.264,674.76,561.957,300.002,101.27,0.502282,0.0576696,0.0532245,0.040767,-1.08904,-1.45468
60kt,sfc_gauge,300.075,1748.07,10248.1,172.682,68.6887,29.2692,323.988,382.952,674.211,561.608,300.002,101.27,0.501863,0.0574678,0.0532556,0.0407571,-1.08973,-1.45487
60kt,sfc_gauge,360.075,1741.69,10241.7,172.68,68.7078,29.2426,323.998,382.617,673.621,561.222,300.001,101.27,0.501508,0.0573001,0.053278,0.0407367,-1.09045,-1.45501
60kt,sfc_gauge,420.075,1735.32,10235.3,172.678,68.7269,29.2161,324.002,382.274,673.017,560.825,300.001,101.27,0.501174,0.0571436,0.0532976,0.040713,-1.09118,-1.45513
60kt,sfc_gauge,480.075,1728.95,10229,172.676,68.746,29.1897,324.003,381.929,672.41,560.424,300.001,101.27,0.500847,0.0569907,0.0533163,0.0406883,-1.09192,-1.45524
60kt,sfc_gauge,540.075,1722.59,10222.6,172.674,68.7652,29.1633,324.003,381.584,671.803,560.023,300.001,101.27,0.500522,0.0568391,0.0533347,0.0406635,-1.09266,-1.45535
60kt,sfc_gauge,600.075,1716.23,10216.2,172.672,68.7843,29.1369,324.003,381.239,671.196,559.622,300.001,101.27,0.500199,0.0566881,0.0533529,0.0406387,-1.0934,-1.45546
60kt,sfc_gauge,660,1709.89,10209.9,172.67,68.8034,29.1106,324.003,380.895,670.59,559.221,300.001,101.27,0.499876,0.0565375,0.0533711,0.0406141,-1.09414,-1.45557
60kt,sfc_gauge,720,1703.54,10203.6,172.668,68.8226,29.0843,324.003,380.551,669.985,558.821,300.001,101.27,0.499553,0.0563869,0.0533893,0.0405896,-1.09487,-1.45569
60kt,sfc_gauge,780,1697.2,10197.2,172.666,68.8418,29.0581,324.003,380.208,669.38,558.422,300.001,101.27,0.49923,0.0562365,0.0534074,0.0405653,-1.09561,-1.4558
60kt,sfc_gauge,840,1690.87,10190.9,172.664,68.8609,29.0319,324.003,379.865,668.776,558.023,300.001,101.27,0.498908,0.0560862,0.0534256,0.0405412,-1.09635,-1.45591
60kt,sfc_gauge,900,1684.54,10184.5,172.662,68.8801,29.0057,324.003,379.523,668.173,557.625,300.001,101.27,0.498586,0.0559361,0.0534437,0.0405173,-1.09709,-1.45603
60kt,sfc_gauge,960,1678.22,10178.2,172.66,68.8993,28.9796,324.003,379.181,667.572,557.227,300.001,101.27,0.498264,0.0557862,0.0534618,0.0404936,-1.09783,-1.45614
60kt,sfc_gauge,1020,1671.9,10171.9,172.657,68.9185,28.9535,324.003,378.839,666.971,556.83,300.001,101.27,0.497943,0.0556364,0.0534799,0.04047,-1.09856,-1.45625
60kt,sfc_gauge,1080,1665.59,10165.6,172.655,68.9377,28.9275,324.003,378.498,666.37,556.434,300.001,101.27,0.497622,0.0554868,0.053498,0.0404466,-1.0993,-1.45637
60kt,sfc_gauge,1140,1659.28,10159.3,172.653,68.9569,28.9014,324.003,378.158,665.771,556.038,300.001,101.27,0.497301,0.0553373,0.053516,0.0404234,-1.10004,-1.45648
60kt,sfc_gauge,1200,1652.98,10153,172.651,68.9761,28.8755,324.003,377.818,665.173,555.642,300.001,101.27,0.496981,0.055188,0.0535341,0.0404004,-1.10077,-1.4566
60kt,sfc_gauge,1260,1646.69,10146.7,172.649,68.9953,28.8495,324.003,377.479,664.575,555.248,300.001,101.27,0.496661,0.0550388,0.0535521,0.0403775,-1.10151,-1.45672
60kt,sfc_gauge,1320,1640.4,10140.4,172.647,69.0145,28.8236,324.003,377.14,663.979,554.854,300.001,101.27,0.496341,0.0548898,0.0535701,0.0403548,-1.10224,-1.45683
60kt,sfc_gauge,1380,1634.12,10134.1,172.645,69.0338,28.7978,324.003,376.802,663.383,554.46,300.001,101.27,0.496021,0.0547409,0.0535881,0.0403323,-1.10298,-1.45695
60kt,sfc_gauge,1440,1627.84,10127.9,172.643,69.053,28.772,324.003,376.464,662.789,554.067,300.001,101.27,0.495702,0.0545922,0.0536061,0.04031,-1.10371,-1.45707
60kt,sfc_gauge,1500,1621.57,10121.6,172.641,69.0722,28.7462,324.003,376.127,662.195,553.675,300.001,101.27,0.495383,0.0544436,0.053624,0.0402879,-1.10445,-1.45718
60kt,sfc_gauge,1560,1615.3,10115.3,172.639,69.0915,28.7204,324.003,375.79,661.602,553.283,300.001,101.27,0.495064,0.0542952,0.053642,0.0402659,-1.10518,-1.4573
60kt,sfc_gauge,1620,1609.04,10109.1,172.637,69.1107,28.6947,324.003,375.453,661.01,552.892,300.001,101.27,0.494746,0.054147,0.0536599,0.0402441,-1.10592,-1.45742
60kt,sfc_gauge,1680,1602.79,10102.8,172.635,69.13,28.6691,324.003,375.118,660.418,552.502,300.001,101.27,0.494427,0.0539989,0.0536778,0.0402225,-1.10665,-1.45754
60kt,sfc_gauge,1740,1596.54,10096.5,172.633,69.1493,28.6434,324.003,374.782,659.828,552.112,300.001,101.27,0.49411,0.0538509,0.0536957,0.040201,-1.10739,-1.45766
60kt,sfc_gauge,1800,1590.3,10090.3,172.63,69.1685,28.6179,324.003,374.447,659.239,551.722,300.001,101.27,0.493792,0.0537031,0.0537136,0.0401797,-1.10812,-1.45778
60kt,sfc_gauge,1860,1584.06,10084.1,172.628,69.1878,28.5923,324.003,374.113,658.65,551.334,300.001,101.27,0.493475,0.0535555,0.0537314,0.0401586,-1.10885,-1.4579
60kt,sfc_gauge,1920,1577.83,10077.8,172.626,69.2071,28.5668,324.003,373.779,658.062,550.946,300.001,101.27,0.493158,0.053408,0.0537493,0.0401377,-1.10959,-1.45802
60kt,sfc_gauge,1980,1571.6,10071.6,172.624,69.2264,28.5413,324.003,373.446,657.475,550.558,300.001,101.27,0.492841,0.0532606,0.0537671,0.0401169,-1.11032,-1.45814
60kt,sfc_gauge,2040,1565.38,10065.4,172.622,69.2457,28.5159,324.003,373.113,656.889,550.171,300.001,101.27,0.492525,0.0531134,0.0537849,0.0400963,-1.11105,-1.45827
60kt,sfc_gauge,2100,1559.16,10059.2,172.62,69.265,28.4905,324.003,372.781,656.304,549.784,300.001,101.27,0.492208,0.0529664,0.0538027,0.0400759,-1.11179,-1.45839
60kt,sfc_gauge,2160,1552.95,10053,172.618,69.2843,28.4651,324.003,372.449,655.72,549.399,300.001,101.27,0.491893,0.0528195,0.0538205,0.0400557,-1.11252,-1.45851
60kt,sfc_gauge,2220,1546.75,10046.8,172.616,69.3036,28.4398,324.003,372.118,655.137,549.013,300.001,101.27,0.491577,0.0526727,0.0538382,0.0400356,-1.11325,-1.45863
60kt,sfc_gauge,2280,1540.55,10040.6,172.614,69.323,28.4145,324.003,371.787,654.554,548.629,300.001,101.27,0.491262,0.0525261,0.053856,0.0400157,-1.11398,-1.45876
60kt,sfc_gauge,2340,1534.35,10034.4,172.612,69.3423,28.3893,324.003,371.456,653.973,548.245,300.001,101.27,0.490947,0.0523797,0.0538737,0.0399959,-1.11471,-1.45888
60kt,sfc_gauge,2400,1528.17,10028.2,172.61,69.3616,28.3641,324.003,371.127,653.392,547.861,300.001,101.27,0.490632,0.0522334,0.0538914,0.0399764,-1.11544,-1.45901
60kt,sfc_gauge,2460.07,1521.98,10022,172.607,69.381,28.3388,324.003,370.797,652.811,547.478,300.001,101.27,0.490317,0.052087,0.0539091,0.0399569,-1.11618,-1.45913
60kt,sfc_gauge,2520.07,1515.8,10015.8,172.605,69.4004,28.3137,324.003,370.468,652.232,547.095,300.001,101.27,0.490003,0.051941,0.0539268,0.0399377,-1.11691,-1.45926
60kt,sfc_gauge,2580.07,1509.63,10009.6,172.603,69.4197,28.2886,324.003,370.139,651.654,546.713,300.001,101.27,0.489689,0.0517952,0.0539445,0.0399186,-1.11764,-1.45938
60kt,sfc_gauge,2640.07,1503.46,10003.5,172.601,69.4391,28.2635,324.003,369.811,651.077,546.332,300.001,101.269,0.489376,0.0516495,0.0539621,0.0398998,-1.11837,-1.45951
60kt,sfc_gauge,2700.07,1497.3,9997.31,172.599,69.4585,28.2385,324.003,369.484,650.5,545.951,300.001,101.269,0.489062,0.0515039,0.0539798,0.039881,-1.1191,-1.45963
60kt,sfc_gauge,2760.07,1491.14,9991.15,172.597,69.4779,28.2135,324.003,369.157,649.924,545.571,300.001,101.269,0.48875,0.0513585,0.0539974,0.0398625,-1.11983,-1.45976
60kt,sfc_gauge,2820.07,1484.99,9985,172.595,69.4972,28.1886,324.003,368.831,649.35,545.192,300.001,101.269,0.488437,0.0512132,0.054015,0.0398441,-1.12056,-1.45989
60kt,sfc_gauge,2880.07,1478.85,9978.86,172.593,69.5166,28.1637,324.003,368.505,648.776,544.813,300.001,101.269,0.488124,0.0510681,0.0540326,0.0398258,-1.12128,-1.46002
60kt,sfc_gauge,2940.07,1472.71,9972.72,172.591,69.536,28.1388,324.003,368.179,648.203,544.434,300.001,101.269,0.487812,0.0509231,0.0540501,0.0398078,-1.12201,-1.46014
60kt,sfc_gauge,3000.07,1466.58,9966.59,172.589,69.5554,28.114,324.003,367.854,647.63,544.057,300.001,101.269,0.4875,0.0507783,0.0540677,0.0397898,-1.12274,-1.46027
60kt,sfc_gauge,3060.07,1460.45,9960.46,172.587,69.5749,28.0891,324.003,367.529,647.059,543.679,300.001,101.269,0.487189,0.0506336,0.0540852,0.0397721,-1.12347,-1.4604
60kt,sfc_gauge,3120.07,1454.33,9954.33,172.584,69.5943,28.0644,324.003,367.205,646.488,543.303,300.001,101.269,0.486877,0.0504891,0.0541028,0.0397545,-1.1242,-1.46053
60kt,sfc_gauge,3180.07,1448.21,9948.22,172.582,69.6137,28.0396,324.003,366.882,645.919,542.926,300.001,101.269,0.486566,0.0503447,0.0541203,0.0397371,-1.12493,-1.46066
60kt,sfc_gauge,3240.07,1442.1,9942.1,172.58,69.6331,28.015,324.003,366.559,645.35,542.551,300.001,101.269,0.486256,0.0502005,0.0541378,0.0397199,-1.12566,-1.46079
60kt,sfc_gauge,3300.07,1435.99,9936,172.578,69.6526,27.9903,324.003,366.236,644.782,542.176,300.001,101.269,0.485945,0.0500564,0.0541553,0.0397028,-1.12638,-1.46092
60kt,sfc_gauge,3360.07,1429.89,9929.9,172.576,69.672,27.9657,324.003,365.914,644.214,541.801,300.001,101.269,0.485635,0.0499124,0.0541727,0.0396859,-1.12711,-1.46106
60kt,sfc_gauge,3420.07,1423.79,9923.8,172.574,69.6915,27.9411,324.003,365.592,643.648,541.427,300.001,101.269,0.485325,0.0497686,0.0541902,0.0396691,-1.12784,-1.46119
60kt,sfc_gauge,3480.07,1417.7,9917.71,172.572,69.7109,27.9165,324.003,365.271,643.083,541.054,300.001,101.269,0.485016,0.049625,0.0542076,0.0396525,-1.12856,-1.46132
60kt,sfc_gauge,3540.07,1411.62,9911.63,172.57,69.7304,27.892,324.003,364.95,642.518,540.681,300.001,101.269,0.484706,0.0494815,0.054225,0.0396361,-1.12929,-1.46145
60kt,sfc_gauge,3600.07,1405.54,9905.55,172.568,69.7499,27.8675,324.003,364.63,641.954,540.309,300.001,101.269,0.484397,0.0493381,0.0542424,0.0396198,-1.13002,-1.46159
60kt,sfc_gauge,3660.07,1399.46,9899.47,172.565,69.7694,27.8431,324.003,364.31,641.391,539.937,300.001,101.269,0.484088,0.0491949,0.0542598,0.0396037,-1.13074,-1.46172
60kt,sfc_gauge,3720.07,1393.39,9893.4,172.563,69.7889,27.8187,324.003,363.991,640.829,539.566,300.001,101.269,0.48378,0.0490518,0.0542772,0.0395877,-1.13147,-1.46185
60kt,sfc_gauge,3780.07,1387.33,9887.34,172.561,69.8084,27.7943,324.003,363.672,640.267,539.195,300.001,101.269,0.483472,0.0489089,0.0542945,0.0395719,-1.1322,-1.46199
60kt,sfc_gauge,3840.07,1381.27,9881.28,172.559,69.8279,27.77,324.003,363.353,639.707,538.825,300.001,101.269,0.483164,0.0487661,0.0543119,0.0395563,-1.13292,-1.46212
60kt,sfc_gauge,3900.07,1375.22,9875.23,172.557,69.8474,27.7457,324.003,363.035,639.147,538.456,300.001,101.269,0.482856,0.0486234,0.0543292,0.0395408,-1.13365,-1.46226
60kt,sfc_gauge,3960.07,1369.17,9869.18,172.555,69.8669,27.7214,324.003,362.718,638.588,538.087,300.001,101.269,0.482548,0.0484809,0.0543465,0.0395255,-1.13437,-1.46239
60kt,sfc_gauge,4020.07,1363.13,9863.14,172.553,69.8864,27.6972,324.003,362.401,638.03,537.718,300.001,101.269,0.482241,0.0483386,0.0543638,0.0395103,-1.1351,-1.46253
60kt,sfc_gauge,4080.07,1357.09,9857.1,172.551,69.9059,27.673,324.003,362.084,637.472,537.351,300.001,101.269,0.481934,0.0481963,0.0543811,0.0394953,-1.13582,-1.46267
60kt,sfc_gauge,4140.07,1351.06,9851.07,172.549,69.9255,27.6488,324.003,361.768,636.916,536.983,300.001,101.269,0.481628,0.0480543,0.0543984,0.0394804,-1.13654,-1.4628
60kt,sfc_gauge,4200.07,1345.03,9845.04,172.546,69.945,27.6247,324.003,361.453,636.36,536.616,300.001,101.269,0.481322,0.0479123,0.0544156,0.0394657,-1.13727,-1.46294
60kt,sfc_gauge,4260.07,1339.01,9839.02,172.544,69.9646,27.6006,324.003,361.137,635.805,536.25,300.001,101.269,0.481016,0.0477705,0.0544329,0.0394512,-1.13799,-1.46308
60kt,sfc_gauge,4320.07,1332.99,9833,172.542,69.9841,27.5766,324.003,360.823,635.251,535.885,300.001,101.269,0.48071,0.0476289,0.0544501,0.0394368,-1.13872,-1.46322
60kt,sfc_gauge,4380.07,1326.98,9826.99,172.54,70.0037,27.5526,324.003,360.509,634.698,535.519,300.001,101.269,0.480404,0.0474874,0.0544673,0.0394226,-1.13944,-1.46336
60kt,sfc_gauge,4440.07,1320.98,9820.98,172.538,70.0233,27.5286,324.003,360.195,634.146,535.155,300.001,101.269,0.480099,0.047346,0.0544845,0.0394085,-1.14016,-1.46349
60kt,sfc_gauge,4500.07,1314.98,9814.98,172.536,70.0428,27.5046,324.003,359.881,633.594,534.791,300.001,101.269,0.479794,0.0472048,0.0545017,0.0393946,-1.14089,-1.46363
60kt,sfc_gauge,4560.07,1308.98,9808.99,172.534,70.0624,27.4807,324.003,359.569,633.043,534.427,300.001,101.269,0.479489,0.0470637,0.0545189,0.0393808,-1.14161,-1.46377
60kt,sfc_gauge,4620.07,1302.99,9803,172.532,70.082,27.4568,324.003,359.256,632.493,534.064,300.001,101.269,0.479185,0.0469227,0.054536,0.0393672,-1.14233,-1.46391
60kt,sfc_gauge,4680.07,1297.01,9797.01,172.53,70.1016,27.433,324.003,358.944,631.944,533.702,300.001,101.269,0.478881,0.0467819,0.0545532,0.0393538,-1.14305,-1.46406
60kt,sfc_gauge,4740.07,1291.03,9791.03,172.527,70.1212,27.4092,324.003,358.633,631.395,533.34,300.001,101.269,0.478577,0.0466413,0.0545703,0.0393405,-1.14378,-1.4642
60kt,sfc_gauge,4800.07,1285.05,9785.06,172.525,70.1408,27.3854,324.003,358.322,630.848,532.978,300.001,101.269,0.478273,0.0465008,0.0545874,0.0393273,-1.1445,-1.46434
60kt,sfc_gauge,4860.07,1279.08,9779.09,172.523,70.1605,27.3617,324.003,358.011,630.301,532.617,300.001,101.269,0.47797,0.0463604,0.0546045,0.0393143,-1.14522,-1.46448
60kt,sfc_gauge,4920.07,1273.12,9773.12,172.521,70.1801,27.338,324.003,357.701,629.755,532.257,300.001,101.269,0.477667,0.0462201,0.0546216,0.0393015,-1.14594,-1.46462
60kt,sfc_gauge,4980.07,1267.16,9767.17,172.519,70.1997,27.3143,324.003,357.391,629.21,531.897,300.001,101.269,0.477364,0.04608,0.0546387,0.0392888,-1.14666,-1.46477
60kt,sfc_gauge,5040.07,1261.2,9761.21,172.517,70.2194,27.2907,324.003,357.082,628.665,531.538,300.001,101.269,0.477062,0.0459401,0.0546557,0.0392762,-1.14738,-1.46491
60kt,sfc_gauge,5100.07,1255.26,9755.26,172.515,70.239,27.2671,324.003,356.773,628.122,531.179,300.001,101.269,0.476759,0.0458002,0.0546728,0.0392638,-1.14811,-1.46505
60kt,sfc_gauge,5160.07,1249.31,9749.32,172.513,70.2587,27.2435,324.003,356.465,627.579,530.821,300.001,101.269,0.476457,0.0456605,0.0546898,0.0392516,-1.14883,-1.4652
60kt,sfc_gauge,5220.07,1243.37,9743.38,172.51,70.2783,27.22,324.003,356.157,627.037,530.463,300.001,101.269,0.476156,0.045521,0.0547068,0.0392395,-1.14955,-1.46534
60kt,sfc_gauge,5280.07,1237.44,9737.45,172.508,70.298,27.1965,324.003,355.849,626.495,530.106,300.001,101.269,0.475854,0.0453816,0.0547238,0.0392276,-1.15027,-1.46549
60kt,sfc_gauge,5340.07,1231.51,9731.52,172.506,70.3177,27.173,324.003,355.542,625.955,529.749,300.001,101.269,0.475553,0.0452423,0.0547408,0.0392158,-1.15099,-1.46563
60kt,sfc_gauge,5400.07,1225.59,9725.6,172.504,70.3374,27.1496,324.003,355.236,625.415,529.393,300.001,101.269,0.475252,0.0451032,0.0547578,0.0392041,-1.15171,-1.46578
60kt,sfc_gauge,5460.07,1219.67,9719.68,172.502,70.357,27.1262,324.003,354.93,624.876,529.038,300.001,101.269,0.474951,0.0449642,0.0547747,0.0391926,-1.15243,-1.46593
60kt,sfc_gauge,5520.07,1213.76,9713.76,172.5,70.3767,27.1028,324.003,354.624,624.338,528.682,300.001,101.269,0.474651,0.0448253,0.0547917,0.0391813,-1.15315,-1.46607
60kt,sfc_gauge,5580.07,1207.85,9707.86,172.498,70.3964,27.0795,324.003,354.319,623.8,528.328,300.001,101.269,0.474351,0.0446866,0.0548086,0.0391701,-1.15386,-1.46622
60kt,sfc_gauge,5640.07,1201.95,9701.95,172.496,70.4161,27.0562,324.003,354.014,623.264,527.974,300.001,101.269,0.474051,0.044548,0.0548255,0.039159,-1.15458,-1.46637
60kt,sfc_gauge,5700.07,1196.05,9696.06,172.493,70.4359,27.0329,324.003,353.709,622.728,527.62,300.001,101.269,0.473751,0.0444096,0.0548424,0.0391481,-1.1553,-1.46652
60kt,sfc_gauge,5760.07,1190.16,9690.16,172.491,70.4556,27.0097,324.003,353.406,622.193,527.267,300.001,101.269,0.473452,0.0442713,0.0548593,0.0391374,-1.15602,-1.46667
60kt,sfc_gauge,5820.07,1184.27,9684.28,172.489,70.4753,26.9865,324.003,353.102,621.659,526.915,300.001,101.269,0.473153,0.0441331,0.0548762,0.0391267,-1.15674,-1.46681
60kt,sfc_gauge,5880.07,1178.39,9678.39,172.487,70.4951,26.9634,324.003,352.799,621.125,526.563,300.001,101.269,0.472854,0.0439951,0.0548931,0.0391163,-1.15746,-1.46696
60kt,sfc_gauge,5940.07,1172.51,9672.52,172.485,70.5148,26.9402,324.003,352.496,620.592,526.211,300.001,101.269,0.472556,0.0438572,0.0549099,0.0391059,-1.15818,-1.46711
60kt,sfc_gauge,6000.07,1166.64,9666.64,172.483,70.5346,26.9171,324.003,352.194,620.06,525.86,300.001,101.269,0.472257,0.0437194,0.0549267,0.0390958,-1.15889,-1.46726
60kt,sfc_gauge,6060.07,1160.77,9660.78,172.481,70.5543,26.8941,324.003,351.893,619.529,525.51,300.001,101.269,0.471959,0.0435818,0.0549436,0.0390857,-1.15961,-1.46741
60kt,sfc_gauge,6120.07,1154.91,9654.91,172.478,70.5741,26.871,324.003,351.591,618.999,525.16,300.001,101.269,0.471661,0.0434443,0.0549604,0.0390759,-1.16033,-1.46757
60kt,sfc_gauge,6180.07,1149.05,9649.06,172.476,70.5939,26.8481,324.003,351.29,618.469,524.81,300.001,101.269,0.471364,0.0433069,0.0549772,0.0390661,-1.16105,-1.46772
60kt,sfc_gauge,6240.07,1143.2,9643.2,172.474,70.6136,26.8251,324.003,350.99,617.94,524.461,300.001,101.269,0.471067,0.0431697,0.054994,0.0390565,-1.16176,-1.46787
60kt,sfc_gauge,6300.07,1137.35,9637.36,172.472,70.6334,26.8022,324.003,350.69,617.412,524.113,300.001,101.269,0.47077,0.0430326,0.0550107,0.0390471,-1.16248,-1.46802
60kt,sfc_gauge,6360.07,1131.51,9631.51,172.47,70.6532,26.7793,324.003,350.39,616.884,523.765,300.001,101.269,0.470473,0.0428957,0.0550275,0.0390377,-1.1632,-1.46818
60kt,sfc_gauge,6420.07,1125.67,9625.68,172.468,70.673,26.7564,324.003,350.091,616.358,523.418,300.001,101.269,0.470177,0.0427589,0.0550442,0.0390286,-1.16391,-1.46833
60kt,sfc_gauge,6480.07,1119.84,9619.85,172.466,70.6928,26.7336,324.003,349.792,615.832,523.071,300.001,101.269,0.46988,0.0426222,0.055061,0.0390195,-1.16463,-1.46848
60kt,sfc_gauge,6540.07,1114.01,9614.02,172.463,70.7127,26.7108,324.003,349.494,615.307,522.724,300.001,101.269,0.469584,0.0424856,0.0550777,0.0390107,-1.16535,-1.46864
60kt,sfc_gauge,6600.07,1108.19,9608.2,172.461,70.7325,26.688,324.003,349.196,614.782,522.379,300.001,101.269,0.469289,0.0423492,0.0550944,0.0390019,-1.16606,-1.46879
60kt,sfc_gauge,6660.07,1102.37,9602.38,172.459,70.7523,26.6653,324.003,348.899,614.259,522.033,300.001,101.269,0.468993,0.0422129,0.0551111,0.0389933,-1.16678,-1.46895
60kt,sfc_gauge,6720.07,1096.56,9596.57,172.457,70.7721,26.6426,324.003,348.602,613.736,521.688,300.001,101.269,0.468698,0.0420768,0.0551278,0.0389848,-1.16749,-1.4691
60kt,sfc_gauge,6780.07,1090.75,9590.76,172.455,70.792,26.6199,324.003,348.305,613.214,521.344,300.001,101.269,0.468403,0.0419408,0.0551444,0.0389765,-1.16821,-1.46926
60kt,sfc_gauge,6840.07,1084.95,9584.96,172.453,70.8118,26.5973,324.003,348.009,612.692,521,300.001,101.269,0.468109,0.0418049,0.0551611,0.0389683,-1.16892,-1.46941
60kt,sfc_gauge,6900.07,1079.15,9579.16,172.451,70.8317,26.5747,324.003,347.714,612.172,520.657,300.001,101.269,0.467814,0.0416692,0.0551777,0.0389603,-1.16964,-1.46957
60kt,sfc_gauge,6960.07,1073.36,9573.36,172.448,70.8516,26.5521,324.003,347.418,611.652,520.314,300.001,101.269,0.46752,0.0415335,0.0551944,0.0389524,-1.17035,-1.46973
60kt,sfc_gauge,7020.07,1067.57,9567.58,172.446,70.8714,26.5296,324.003,347.123,611.133,519.971,300.001,101.269,0.467226,0.0413981,0.055211,0.0389446,-1.17107,-1.46989
60kt,sfc_gauge,7080.07,1061.79,9561.79,172.444,70.8913,26.5071,324.003,346.829,610.614,519.629,300.001,101.269,0.466932,0.0412627,0.0552276,0.038937,-1.17178,-1.47004
60kt,sfc_gauge,7140.07,1056.01,9556.02,172.442,70.9112,26.4846,324.003,346.535,610.097,519.288,300.001,101.269,0.466639,0.0411275,0.0552442,0.0389295,-1.1725,-1.4702
60kt,sfc_gauge,7200.07,1050.24,9550.24,172.44,70.9311,26.4622,324.003,346.241,609.58,518.947,300.001,101.269,0.466346,0.0409924,0.0552607,0.0389222,-1.17321,-1.47036
60kt,sfc_gauge,7260.07,1044.47,9544.47,172.438,70.951,26.4398,324.003,345.948,609.063,518.607,300.001,101.269,0.466053,0.0408575,0.0552773,0.038915,-1.17392,-1.47052
60kt,sfc_gauge,7320.07,1038.7,9538.71,172.436,70.9709,26.4174,324.003,345.655,608.548,518.267,300.001,101.269,0.46576,0.0407226,0.0552939,0.0389079,-1.17464,-1.47068
60kt,sfc_gauge,7380.07,1032.95,9532.95,172.433,70.9908,26.395,324.003,345.363,608.033,517.927,300.001,101.269,0.465468,0.040588,0.0553104,0.0389009,-1.17535,-1.47084
60kt,sfc_gauge,7440.07,1027.19,9527.2,172.431,71.0108,26.3727,324.003,345.071,607.519,517.588,300.001,101.269,0.465176,0.0404534,0.0553269,0.0388941,-1.17606,-1.471
60kt,sfc_gauge,7500.07,1021.44,9521.45,172.429,71.0307,26.3505,324.003,344.779,607.006,517.25,300.001,101.269,0.464884,0.040319,0.0553434,0.0388875,-1.17678,-1.47116
60kt,sfc_gauge,7560.07,1015.7,9515.71,172.427,71.0506,26.3282,324.003,344.488,606.494,516.912,300.001,101.269,0.464593,0.0401847,0.0553599,0.038881,-1.17749,-1.47132
60kt,sfc_gauge,7620.07,1009.96,9509.97,172.425,71.0706,26.306,324.003,344.198,605.982,516.574,300.001,101.269,0.464301,0.0400505,0.0553764,0.0388746,-1.1782,-1.47148
60kt,sfc_gauge,7680.07,1004.23,9504.23,172.423,71.0905,26.2838,324.003,343.907,605.471,516.237,300.001,101.269,0.46401,0.0399165,0.0553929,0.0388683,-1.17892,-1.47165
60kt,sfc_gauge,7740.07,998.496,9498.5,172.42,71.1105,26.2617,324.003,343.618,604.96,515.901,300.001,101.269,0.463719,0.0397826,0.0554094,0.0388622,-1.17963,-1.47181
60kt,sfc_gauge,7800.07,992.772,9492.78,172.418,71.1304,26.2395,324.003,343.328,604.451,515.565,300.001,101.269,0.463429,0.0396488,0.0554258,0.0388562,-1.18034,-1.47197
60kt,sfc_gauge,7860.07,987.052,9487.06,172.416,71.1504,26.2174,324.003,343.039,603.942,515.229,300.001,101.269,0.463138,0.0395151,0.0554423,0.0388503,-1.18105,-1.47214
60kt,sfc_gauge,7920.07,981.337,9481.34,172.414,71.1704,26.1954,324.003,342.75,603.434,514.894,300.001,101.269,0.462848,0.0393816,0.0554587,0.0388446,-1.18176,-1.4723
60kt,sfc_gauge,7980.07,975.627,9475.63,172.412,71.1904,26.1734,324.003,342.462,602.926,514.56,300.001,101.269,0.462558,0.0392482,0.0554751,0.038839,-1.18248,-1.47246
60kt,sfc_gauge,8040.07,969.922,9469.93,172.41,71.2104,26.1514,324.003,342.174,602.42,514.225,300.001,101.269,0.462269,0.039115,0.0554915,0.0388336,-1.18319,-1.47263
60kt,sfc_gauge,8100.07,964.221,9464.23,172.408,71.2304,26.1294,324.003,341.887,601.914,513.892,300.001,101.269,0.461979,0.0389819,0.0555079,0.0388283,-1.1839,-1.47279
60kt,sfc_gauge,8160.07,958.526,9458.53,172.405,71.2504,26.1075,324.003,341.6,601.409,513.559,300.001,101.269,0.46169,0.0388489,0.0555243,0.0388231,-1.18461,-1.47296
60kt,sfc_gauge,8220.07,952.835,9452.84,172.403,71.2704,26.0856,324.003,341.313,600.904,513.226,300.001,101.269,0.461402,0.038716,0.0555407,0.038818,-1.18532,-1.47313
60kt,sfc_gauge,8280.07,947.148,9447.16,172.401,71.2904,26.0637,324.003,341.027,600.4,512.894,300.001,101.269,0.461113,0.0385833,0.055557,0.0388131,-1.18603,-1.47329
60kt,sfc_gauge,8340.07,941.467,9441.47,172.399,71.3105,26.0419,324.003,340.742,599.897,512.562,300.001,101.269,0.460825,0.0384506,0.0555734,0.0388083,-1.18674,-1.47346
60kt,sfc_gauge,8400.07,935.79,9435.8,172.397,71.3305,26.02,324.003,340.456,599.395,512.231,300.001,101.269,0.460536,0.0383182,0.0555897,0.0388037,-1.18745,-1.47363
60kt,sfc_gauge,8460.07,930.118,9430.13,172.395,71.3506,25.9983,324.003,340.171,598.893,511.9,300.001,101.269,0.460249,0.0381858,0.055606,0.0387991,-1.18816,-1.47379
60kt,sfc_gauge,8520.07,924.451,9424.46,172.392,71.3706,25.9765,324.003,339.887,598.392,511.57,300.001,101.269,0.459961,0.0380536,0.0556223,0.0387947,-1.18887,-1.47396
60kt,sfc_gauge,8580.07,918.789,9418.8,172.39,71.3907,25.9548,324.003,339.603,597.892,511.24,300.001,101.269,0.459674,0.0379215,0.0556386,0.0387905,-1.18958,-1.47413
60kt,sfc_gauge,8640.07,913.131,9413.14,172.388,71.4107,25.9331,324.003,339.319,597.392,510.911,300.001,101.269,0.459387,0.0377895,0.0556549,0.0387863,-1.19029,-1.4743
60kt,sfc_gauge,8700.07,907.478,9407.49,172.386,71.4308,25.9115,324.003,339.035,596.893,510.582,300.001,101.269,0.4591,0.0376577,0.0556712,0.0387823,-1.191,-1.47447
60kt,sfc_gauge,8760.07,901.83,9401.84,172.384,71.4509,25.8898,324.003,338.752,596.395,510.253,300.001,101.269,0.458813,0.0375259,0.0556875,0.0387784,-1.19171,-1.47464
60kt,sfc_gauge,8820.07,896.186,9396.19,172.382,71.471,25.8682,324.003,338.47,595.898,509.925,300.001,101.269,0.458527,0.0373943,0.0557037,0.0387747,-1.19242,-1.47481
60kt,sfc_gauge,8880.07,890.548,9390.55,172.379,71.4911,25.8467,324.003,338.188,595.401,509.598,300.001,101.269,0.458241,0.0372629,0.05572,0.0387711,-1.19313,-1.47498
60kt,sfc_gauge,8940.07,884.914,9384.92,172.377,71.5112,25.8251,324.003,337.906,594.905,509.271,300.001,101.269,0.457955,0.0371315,0.0557362,0.0387676,-1.19384,-1.47515
60kt,sfc_gauge,9000.07,879.284,9379.29,172.375,71.5313,25.8036,324.003,337.625,594.41,508.944,300.001,101.269,0.457669,0.0370003,0.0557524,0.0387642,-1.19455,-1.47532
60kt,sfc_gauge,9060.07,873.659,9373.67,172.373,71.5514,25.7822,324.003,337.344,593.915,508.618,300.001,101.269,0.457384,0.0368692,0.0557686,0.038761,-1.19526,-1.4755
60kt,sfc_gauge,9120.07,868.039,9368.05,172.371,71.5716,25.7607,324.003,337.063,593.421,508.293,300.001,101.269,0.457099,0.0367383,0.0557848,0.0387579,-1.19596,-1.47567
60kt,sfc_gauge,9180.07,862.424,9362.43,172.368,71.5917,25.7393,324.003,336.783,592.928,507.968,300.001,101.269,0.456814,0.0366074,0.055801,0.0387549,-1.19667,-1.47584
60kt,sfc_gauge,9240.07,856.813,9356.82,172.366,71.6118,25.7179,324.003,336.503,592.435,507.643,300.001,101.269,0.456529,0.0364767,0.0558172,0.038752,-1.19738,-1.47601
60kt,sfc_gauge,9300.07,851.207,9351.21,172.364,71.632,25.6966,324.003,336.224,591.943,507.319,300.001,101.269,0.456245,0.0363462,0.0558333,0.0387493,-1.19809,-1.47619
60kt,sfc_gauge,9360.07,845.606,9345.61,172.362,71.6522,25.6753,324.003,335.945,591.452,506.995,300.001,101.269,0.45596,0.0362157,0.0558495,0.0387467,-1.1988,-1.47636
60kt,sfc_gauge,9420.07,840.009,9340.02,172.36,71.6723,25.654,324.003,335.666,590.962,506.672,300.001,101.269,0.455676,0.0360854,0.0558656,0.0387442,-1.1995,-1.47654
60kt,sfc_gauge,9480.07,834.417,9334.42,172.358,71.6925,25.6327,324.003,335.388,590.472,506.349,300.001,101.269,0.455393,0.0359552,0.0558818,0.0387419,-1.20021,-1.47671
60kt,sfc_gauge,9540.07,828.829,9328.84,172.355,71.7127,25.6115,324.003,335.11,589.983,506.026,300.001,101.269,0.455109,0.0358251,0.0558979,0.0387396,-1.20092,-1.47689
60kt,sfc_gauge,9600.07,823.246,9323.25,172.353,71.7329,25.5903,324.003,334.833,589.495,505.704,300.001,101.269,0.454826,0.0356951,0.055914,0.0387375,-1.20163,-1.47706
60kt,sfc_gauge,9660,817.675,9317.68,172.351,71.753,25.5691,324.003,334.556,589.008,505.383,300.001,101.269,0.454544,0.0355654,0.05593,0.0387356,-1.20233,-1.47724
60kt,sfc_gauge,9720,812.102,9312.11,172.349,71.7732,25.548,324.003,334.28,588.52,505.062,300.001,101.269,0.454261,0.0354357,0.0559461,0.0387337,-1.20304,-1.47742
60kt,sfc_gauge,9780,806.533,9306.54,172.347,71.7934,25.5269,324.003,334.003,588.034,504.742,300.001,101.269,0.453978,0.0353061,0.0559622,0.038732,-1.20375,-1.47759
60kt,sfc_gauge,9840,800.968,9300.98,172.344,71.8137,25.5058,324.003,333.728,587.549,504.422,300.001,101.269,0.453696,0.0351767,0.0559783,0.0387304,-1.20445,-1.47777
60kt,sfc_gauge,9900,795.408,9295.42,172.342,71.8339,25.4847,324.003,333.452,587.064,504.102,300.001,101.269,0.453414,0.0350473,0.0559943,0.0387289,-1.20516,-1.47795
60kt,sfc_gauge,9960,789.853,9289.86,172.34,71.8541,25.4637,324.003,333.177,586.579,503.783,300.001,101.269,0.453132,0.0349181,0.0560104,0.0387275,-1.20586,-1.47813
60kt,sfc_gauge,10020,784.302,9284.31,172.338,71.8744,25.4427,324.003,332.902,586.096,503.464,300.001,101.269,0.452851,0.034789,0.0560264,0.0387263,-1.20657,-1.4783
60kt,sfc_gauge,10080,778.756,9278.76,172.336,71.8946,25.4218,324.003,332.628,585.613,503.146,300.001,101.269,0.452569,0.0346601,0.0560424,0.0387252,-1.20728,-1.47848
60kt,sfc_gauge,10140,773.215,9273.22,172.334,71.9149,25.4008,324.003,332.354,585.13,502.828,300.001,101.269,0.452288,0.0345312,0.0560584,0.0387242,-1.20798,-1.47866
60kt,sfc_gauge,10200,767.678,9267.68,172.331,71.9351,25.3799,324.003,332.081,584.649,502.511,300.001,101.269,0.452008,0.0344025,0.0560744,0.0387233,-1.20869,-1.47884
60kt,sfc_gauge,10260,762.145,9262.15,172.329,71.9554,25.3591,324.003,331.807,584.168,502.194,300.001,101.269,0.451727,0.0342739,0.0560904,0.0387226,-1.20939,-1.47902
60kt,sfc_gauge,10320,756.618,9256.62,172.327,71.9757,25.3382,324.003,331.535,583.688,501.877,300.001,101.269,0.451447,0.0341454,0.0561064,0.0387219,-1.2101,-1.4792
60kt,sfc_gauge,10380,751.094,9251.1,172.325,71.996,25.3174,324.003,331.262,583.208,501.561,300.001,101.269,0.451167,0.0340171,0.0561223,0.0387214,-1.2108,-1.47939
60kt,sfc_gauge,10440,745.575,9245.58,172.323,72.0162,25.2966,324.003,330.99,582.729,501.246,300.001,101.269,0.450887,0.0338888,0.0561383,0.0387211,-1.21151,-1.47957
60kt,sfc_gauge,10500,740.061,9240.07,172.32,72.0365,25.2758,324.003,330.719,582.251,500.931,300.001,101.269,0.450607,0.0337607,0.0561542,0.0387208,-1.21221,-1.47975
60kt,sfc_gauge,10560,734.552,9234.56,172.318,72.0569,25.2551,324.003,330.447,581.773,500.616,300.001,101.269,0.450328,0.0336327,0.0561702,0.0387206,-1.21292,-1.47993
60kt,sfc_gauge,10620,729.046,9229.05,172.316,72.0772,25.2344,324.003,330.176,581.297,500.302,300.001,101.269,0.450049,0.0335048,0.0561861,0.0387206,-1.21362,-1.48012
60kt,sfc_gauge,10680,723.546,9223.55,172.314,72.0975,25.2137,324.003,329.906,580.82,499.988,300.001,101.269,0.44977,0.0333771,0.056202,0.0387207,-1.21433,-1.4803
60kt,sfc_gauge,10740,718.049,9218.06,172.312,72.1178,25.1931,324.003,329.636,580.345,499.674,300.001,101.269,0.449491,0.0332495,0.0562179,0.0387209,-1.21503,-1.48048
60kt,sfc_gauge,10800,712.558,9212.56,172.309,72.1382,25.1725,324.003,329.366,579.87,499.361,300.001,101.269,0.449213,0.033122,0.0562338,0.0387213,-1.21574,-1.48067
60kt,sfc_gauge,10860,707.071,9207.08,172.307,72.1585,25.1519,324.003,329.097,579.396,499.049,300.001,101.269,0.448934,0.0329946,0.0562497,0.0387217,-1.21644,-1.48085
60kt,sfc_gauge,10920,701.588,9201.59,172.305,72.1789,25.1313,324.003,328.828,578.922,498.737,300.001,101.269,0.448656,0.0328673,0.0562655,0.0387223,-1.21714,-1.48104
60kt,sfc_gauge,10980,696.11,9196.12,172.303,72.1992,25.1108,324.003,328.559,578.449,498.425,300.001,101.269,0.448379,0.0327402,0.0562814,0.038723,-1.21785,-1.48122
60kt,sfc_gauge,11040,690.636,9190.64,172.301,72.2196,25.0903,324.003,328.291,577.977,498.114,300.001,101.269,0.448101,0.0326131,0.0562972,0.0387238,-1.21855,-1.48141
60kt,sfc_gauge,11100,685.167,9185.17,172.298,72.24,25.0698,324.003,328.023,577.505,497.803,300.001,101.269,0.447824,0.0324862,0.0563131,0.0387247,-1.21926,-1.48159
60kt,sfc_gauge,11160,679.702,9179.71,172.296,72.2603,25.0494,324.003,327.755,577.034,497.493,300.001,101.269,0.447547,0.0323594,0.0563289,0.0387257,-1.21996,-1.48178
60kt,sfc_gauge,11220,674.241,9174.25,172.294,72.2807,25.029,324.003,327.488,576.564,497.183,300.001,101.269,0.44727,0.0322328,0.0563447,0.0387269,-1.22066,-1.48197
60kt,sfc_gauge,11280,668.785,9168.79,172.292,72.3011,25.0086,324.003,327.222,576.094,496.874,300.001,101.269,0.446993,0.0321062,0.0563605,0.0387281,-1.22137,-1.48216
60kt,sfc_gauge,11340,663.334,9163.34,172.29,72.3215,24.9882,324.003,326.955,575.625,496.565,300.001,101.269,0.446717,0.0319798,0.0563763,0.0387295,-1.22207,-1.48234
60kt,sfc_gauge,11400,657.887,9157.89,172.287,72.342,24.9679,324.003,326.689,575.157,496.256,300.001,101.269,0.446441,0.0318535,0.0563921,0.038731,-1.22277,-1.48253
60kt,sfc_gauge,11460,652.444,9152.45,172.285,72.3624,24.9476,324.003,326.424,574.689,495.948,300.001,101.269,0.446165,0.0317273,0.0564079,0.0387326,-1.22347,-1.48272
60kt,sfc_gauge,11520,647.006,9147.01,172.283,72.3828,24.9273,324.003,326.158,574.222,495.64,300.001,101.269,0.445889,0.0316012,0.0564237,0.0387344,-1.22418,-1.48291
60kt,sfc_gauge,11580,641.572,9141.58,172.281,72.4032,24.9071,324.003,325.893,573.756,495.333,300.001,101.269,0.445614,0.0314753,0.0564394,0.0387362,-1.22488,-1.4831
60kt,sfc_gauge,11640,636.143,9136.15,172.279,72.4237,24.8869,324.002,325.629,573.29,495.026,300.001,101.269,0.445339,0.0313494,0.0564552,0.0387382,-1.22558,-1.48329
60kt,sfc_gauge,11700,630.718,9130.72,172.276,72.4441,24.8667,324.002,325.365,572.825,494.72,300.001,101.269,0.445064,0.0312237,0.0564709,0.0387403,-1.22628,-1.48348
60kt,sfc_gauge,11760,625.298,9125.3,172.274,72.4646,24.8465,324.002,325.101,572.361,494.414,300.001,101.269,0.444789,0.0310981,0.0564866,0.0387425,-1.22698,-1.48367
60kt,sfc_gauge,11820,619.881,9119.89,172.272,72.4851,24.8264,324.002,324.837,571.897,494.108,300.001,101.269,0.444515,0.0309727,0.0565024,0.0387448,-1.22769,-1.48386
60kt,sfc_gauge,11880,614.47,9114.48,172.27,72.5055,24.8063,324.002,324.574,571.434,493.803,300.001,101.269,0.44424,0.0308473,0.0565181,0.0387472,-1.22839,-1.48405
60kt,sfc_gauge,11940,609.062,9109.07,172.267,72.526,24.7862,324.002,324.312,570.971,493.499,300.001,101.269,0.443966,0.0307221,0.0565338,0.0387497,-1.22909,-1.48425
60kt,sfc_gauge,12000,603.659,9103.67,172.265,72.5465,24.7661,324.002,324.049,570.509,493.194,300.001,101.269,0.443692,0.0305969,0.0565495,0.0387524,-1.22979,-1.48444
60kt,sfc_gauge,12060,598.261,9098.27,172.263,72.567,24.7461,324.002,323.787,570.048,492.891,300.001,101.269,0.443419,0.0304719,0.0565651,0.0387551,-1.23049,-1.48463
60kt,sfc_gauge,12120,592.866,9092.87,172.261,72.5875,24.7261,324.002,323.526,569.587,492.587,300.001,101.269,0.443145,0.030347,0.0565808,0.038758,-1.23119,-1.48482
60kt,sfc_gauge,12180,587.476,9087.48,172.259,72.608,24.7061,324.002,323.264,569.128,492.284,300.001,101.269,0.442872,0.0302223,0.0565965,0.038761,-1.23189,-1.48502
60kt,sfc_gauge,12240,582.091,9082.1,172.256,72.6286,24.6862,324.002,323.004,568.668,491.982,300.001,101.269,0.442599,0.0300976,0.0566121,0.0387641,-1.2326,-1.48521
60kt,sfc_gauge,12300,576.71,9076.72,172.254,72.6491,24.6663,324.002,322.743,568.209,491.679,300.001,101.269,0.442327,0.0299731,0.0566278,0.0387673,-1.2333,-1.48541
60kt,sfc_gauge,12360,571.333,9071.34,172.252,72.6696,24.6464,324.002,322.483,567.751,491.378,300.001,101.269,0.442054,0.0298486,0.0566434,0.0387706,-1.234,-1.4856
60kt,sfc_gauge,12420,565.96,9065.97,172.25,72.6902,24.6266,324.002,322.223,567.294,491.076,300.001,101.269,0.441782,0.0297243,0.056659,0.038774,-1.2347,-1.4858
60kt,sfc_gauge,12480,560.592,9060.6,172.247,72.7107,24.6067,324.002,321.964,566.837,490.776,300.001,101.269,0.44151,0.0296001,0.0566746,0.0387775,-1.2354,-1.48599
60kt,sfc_gauge,12540,555.228,9055.23,172.245,72.7313,24.5869,324.002,321.704,566.381,490.475,300.001,101.269,0.441238,0.0294761,0.0566902,0.0387812,-1.2361,-1.48619
60kt,sfc_gauge,12600,549.868,9049.88,172.243,72.7519,24.5671,324.002,321.446,565.925,490.175,300.001,101.269,0.440967,0.0293521,0.0567058,0.0387849,-1.2368,-1.48639
60kt,sfc_gauge,12660,544.513,9044.52,172.241,72.7724,24.5474,324.002,321.187,565.471,489.875,300.001,101.269,0.440695,0.0292282,0.0567214,0.0387888,-1.2375,-1.48658
60kt,sfc_gauge,12720,539.162,9039.17,172.239,72.793,24.5277,324.002,320.929,565.016,489.576,300.001,101.269,0.440424,0.0291045,0.056737,0.0387928,-1.2382,-1.48678
60kt,sfc_gauge,12780,533.816,9033.82,172.236,72.8136,24.508,324.002,320.672,564.563,489.277,300.001,101.269,0.440154,0.0289809,0.0567526,0.0387969,-1.2389,-1.48698
60kt,sfc_gauge,12840,528.473,9028.48,172.234,72.8342,24.4883,324.002,320.414,564.11,488.979,300.001,101.269,0.439883,0.0288574,0.0567681,0.0388011,-1.2396,-1.48718
60kt,sfc_gauge,12900,523.135,9023.14,172.232,72.8548,24.4687,324.002,320.157,563.657,488.681,300.001,101.269,0.439612,0.028734,0.0567837,0.0388054,-1.2403,-1.48738
60kt,sfc_gauge,12960,517.801,9017.81,172.23,72.8754,24.4491,324.002,319.901,563.205,488.383,300.001,101.269,0.439342,0.0286108,0.0567992,0.0388098,-1.241,-1.48758
60kt,sfc_gauge,13020,512.472,9012.48,172.227,72.8961,24.4295,324.002,319.644,562.754,488.086,300.001,101.269,0.439072,0.0284876,0.0568147,0.0388143,-1.2417,-1.48778
60kt,sfc_gauge,13080,507.146,9007.15,172.225,72.9167,24.4099,324.002,319.388,562.304,487.79,300.001,101.269,0.438803,0.0283646,0.0568303,0.038819,-1.2424,-1.48798
60kt,sfc_gauge,13140,501.825,9001.83,172.223,72.9373,24.3904,324.002,319.133,561.854,487.493,300.001,101.269,0.438533,0.0282416,0.0568458,0.0388237,-1.2431,-1.48818
60kt,sfc_gauge,13200,496.509,8996.52,172.221,72.958,24.3709,324.002,318.878,561.404,487.197,300.001,101.269,0.438264,0.0281188,0.0568613,0.0388285,-1.24379,-1.48838
60kt,sfc_gauge,13260,491.196,8991.2,172.219,72.9786,24.3514,324.002,318.623,560.956,486.902,300.001,101.269,0.437995,0.0279961,0.0568768,0.0388335,-1.24449,-1.48858
60kt,sfc_gauge,13320,485.888,8985.89,172.216,72.9993,24.332,324.002,318.368,560.508,486.607,300.001,101.269,0.437726,0.0278735,0.0568923,0.0388385,-1.24519,-1.48878
60kt,sfc_gauge,13380,480.584,8980.59,172.214,73.02,24.3125,324.002,318.114,560.06,486.312,300.001,101.269,0.437457,0.0277511,0.0569077,0.0388437,-1.24589,-1.48898
60kt,sfc_gauge,13440,475.284,8975.29,172.212,73.0406,24.2931,324.002,317.86,559.613,486.018,300.001,101.269,0.437189,0.0276287,0.0569232,0.038849,-1.24659,-1.48918
60kt,sfc_gauge,13500,469.989,8970,172.21,73.0613,24.2738,324.002,317.607,559.167,485.724,300.001,101.269,0.436921,0.0275065,0.0569387,0.0388544,-1.24729,-1.48939
60kt,sfc_gauge,13560,464.697,8964.7,172.207,73.082,24.2544,324.002,317.354,558.721,485.43,300.001,101.269,0.436653,0.0273843,0.0569541,0.0388599,-1.24799,-1.48959
60kt,sfc_gauge,13620,459.41,8959.42,172.205,73.1027,24.2351,324.002,317.101,558.276,485.137,300.001,101.269,0.436385,0.0272623,0.0569695,0.0388654,-1.24868,-1.48979
60kt,sfc_gauge,13680,454.127,8954.13,172.203,73.1234,24.2158,324.002,316.848,557.832,484.845,300.001,101.269,0.436117,0.0271404,0.056985,0.0388711,-1.24938,-1.49
60kt,sfc_gauge,13740,448.848,8948.86,172.201,73.1442,24.1965,324.002,316.596,557.388,484.553,300.001,101.269,0.43585,0.0270186,0.0570004,0.0388769,-1.25008,-1.4902
60kt,sfc_gauge,13800,443.574,8943.58,172.198,73.1649,24.1773,324.002,316.345,556.945,484.261,300.001,101.269,0.435583,0.0268969,0.0570158,0.0388828,-1.25078,-1.49041
60kt,sfc_gauge,13860,438.304,8938.31,172.196,73.1856,24.1581,324.002,316.093,556.502,483.969,300.001,101.269,0.435316,0.0267754,0.0570312,0.0388889,-1.25148,-1.49061
60kt,sfc_gauge,13920,433.037,8933.04,172.194,73.2064,24.1389,324.002,315.842,556.06,483.678,300.001,101.269,0.435049,0.0266539,0.0570466,0.038895,-1.25217,-1.49082
60kt,sfc_gauge,13980,427.776,8927.78,172.192,73.2271,24.1197,324.002,315.592,555.619,483.388,300.001,101.269,0.434783,0.0265326,0.057062,0.0389012,-1.25287,-1.49103
60kt,sfc_gauge,14040,422.518,8922.52,172.189,73.2479,24.1006,324.002,315.341,555.178,483.097,300.001,101.269,0.434517,0.0264114,0.0570774,0.0389075,-1.25357,-1.49123
60kt,sfc_gauge,14100,417.264,8917.27,172.187,73.2686,24.0815,324.002,315.091,554.738,482.807,300.001,101.269,0.434251,0.0262902,0.0570927,0.0389139,-1.25427,-1.49144
60kt,sfc_gauge,14160,412.015,8912.02,172.185,73.2894,24.0624,324.002,314.841,554.298,482.518,300.001,101.269,0.433985,0.0261692,0.0571081,0.0389205,-1.25496,-1.49165
60kt,sfc_gauge,14220,406.769,8906.78,172.183,73.3102,24.0434,324.002,314.592,553.859,482.229,300.001,101.269,0.433719,0.0260483,0.0571235,0.0389271,-1.25566,-1.49186
60kt,sfc_gauge,14280,401.528,8901.53,172.18,73.331,24.0243,324.002,314.343,553.421,481.94,300.001,101.269,0.433454,0.0259275,0.0571388,0.0389338,-1.25636,-1.49206
60kt,sfc_gauge,14340,396.291,8896.3,172.178,73.3518,24.0053,324.002,314.094,552.983,481.652,300.001,101.269,0.433189,0.0258069,0.0571541,0.0389407,-1.25705,-1.49227
60kt,sfc_gauge,14400,391.058,8891.07,172.176,73.3726,23.9863,324.002,313.846,552.546,481.364,300.001,101.269,0.432924,0.0256863,0.0571695,0.0389476,-1.25775,-1.49248
60kt,sfc_gauge,14460,385.83,8885.84,172.174,73.3934,23.9674,324.002,313.598,552.109,481.077,300.001,101.269,0.432659,0.0255659,0.0571848,0.0389546,-1.25845,-1.49269
60kt,sfc_gauge,14520,380.605,8880.61,172.171,73.4142,23.9485,324.002,313.35,551.673,480.79,300.001,101.269,0.432395,0.0254455,0.0572001,0.0389618,-1.25914,-1.4929
60kt,sfc_gauge,14580,375.385,8875.39,172.169,73.4351,23.9296,324.002,313.103,551.238,480.503,300.001,101.269,0.432131,0.0253253,0.0572154,0.038969,-1.25984,-1.49311
60kt,sfc_gauge,14640,370.168,8870.17,172.167,73.4559,23.9107,324.002,312.856,550.803,480.217,300.001,101.269,0.431866,0.0252052,0.0572307,0.0389764,-1.26054,-1.49332
60kt,sfc_gauge,14700,364.956,8864.96,172.165,73.4767,23.8918,324.002,312.609,550.369,479.931,300.001,101.269,0.431603,0.0250852,0.057246,0.0389838,-1.26123,-1.49353
60kt,sfc_gauge,14760,359.748,8859.75,172.162,73.4976,23.873,324.002,312.363,549.935,479.645,300.001,101.269,0.431339,0.0249653,0.0572613,0.0389914,-1.26193,-1.49375
60kt,sfc_gauge,14820,354.544,8854.55,172.16,73.5185,23.8542,324.002,312.117,549.502,479.36,300.001,101.269,0.431076,0.0248455,0.0572765,0.038999,-1.26263,-1.49396
60kt,sfc_gauge,14880,349.344,8849.35,172.158,73.5393,23.8354,324.002,311.872,549.07,479.076,300.001,101.269,0.430812,0.0247258,0.0572918,0.0390068,-1.26332,-1.49417
60kt,sfc_gauge,14940,344.148,8844.15,172.156,73.5602,23.8167,324.002,311.626,548.638,478.791,300.001,101.269,0.430549,0.0246062,0.057307,0.0390146,-1.26402,-1.49438
60kt,sfc_gauge,15000,338.957,8838.96,172.153,73.5811,23.798,324.002,311.381,548.206,478.507,300.001,101.269,0.430287,0.0244868,0.0573223,0.0390226,-1.26471,-1.4946
60kt,sfc_gauge,15060,333.769,8833.78,172.151,73.602,23.7793,324.002,311.137,547.776,478.224,300.001,101.269,0.430024,0.0243674,0.0573375,0.0390306,-1.26541,-1.49481
60kt,sfc_gauge,15120,328.585,8828.59,172.149,73.6229,23.7606,324.002,310.892,547.346,477.941,300.001,101.269,0.429762,0.0242482,0.0573528,0.0390388,-1.2661,-1.49502
60kt,sfc_gauge,15180,323.406,8823.41,172.147,73.6438,23.7419,324.002,310.648,546.916,477.658,300.001,101.269,0.4295,0.024129,0.057368,0.039047,-1.2668,-1.49524
60kt,sfc_gauge,15240,318.23,8818.24,172.144,73.6647,23.7233,324.002,310.405,546.487,477.376,300.001,101.269,0.429238,0.02401,0.0573832,0.0390553,-1.2675,-1.49545
60kt,sfc_gauge,15300,313.059,8813.07,172.142,73.6857,23.7047,324.002,310.161,546.059,477.094,300.001,101.269,0.428976,0.0238911,0.0573984,0.0390638,-1.26819,-1.49567
60kt,sfc_gauge,15360,307.892,8807.9,172.14,73.7066,23.6862,324.002,309.918,545.631,476.812,300.001,101.269,0.428715,0.0237723,0.0574136,0.0390723,-1.26889,-1.49589
60kt,sfc_gauge,15420,302.728,8802.73,172.138,73.7275,23.6676,324.002,309.676,545.204,476.531,300.001,101.269,0.428453,0.0236536,0.0574288,0.039081,-1.26958,-1.4961
60kt,sfc_gauge,15480,297.569,8797.58,172.135,73.7485,23.6491,324.002,309.433,544.777,476.25,300.001,101.269,0.428192,0.023535,0.057444,0.0390897,-1.27028,-1.49632
60kt,sfc_gauge,15540,292.414,8792.42,172.133,73.7694,23.6306,324.002,309.191,544.351,475.969,300.001,101.269,0.427931,0.0234165,0.0574591,0.0390985,-1.27097,-1.49654
60kt,sfc_gauge,15600,287.263,8787.27,172.131,73.7904,23.6121,324.002,308.95,543.925,475.689,300.001,101.269,0.427671,0.0232981,0.0574743,0.0391075,-1.27167,-1.49675
60kt,sfc_gauge,15660,282.116,8782.12,172.128,73.8114,23.5937,324.002,308.708,543.501,475.41,300.001,101.269,0.42741,0.0231798,0.0574895,0.0391165,-1.27236,-1.49697
60kt,sfc_gauge,15720,276.973,8776.98,172.126,73.8324,23.5753,324.002,308.467,543.076,475.13,300.001,101.269,0.42715,0.0230617,0.0575046,0.0391256,-1.27306,-1.49719
60kt,sfc_gauge,15780,271.833,8771.84,172.124,73.8534,23.5569,324.002,308.227,542.652,474.851,300.001,101.269,0.42689,0.0229436,0.0575197,0.0391348,-1.27375,-1.49741
60kt,sfc_gauge,15840,266.698,8766.7,172.122,73.8744,23.5385,324.002,307.986,542.229,474.573,300.001,101.269,0.42663,0.0228257,0.0575349,0.0391442,-1.27444,-1.49763
60kt,sfc_gauge,15900,261.567,8761.57,172.119,73.8954,23.5201,324.002,307.746,541.807,474.295,300.001,101.269,0.426371,0.0227078,0.05755,0.0391536,-1.27514,-1.49785
60kt,sfc_gauge,15960,256.44,8756.45,172.117,73.9164,23.5018,324.002,307.506,541.384,474.017,300.001,101.269,0.426111,0.0225901,0.0575651,0.0391631,-1.27583,-1.49807
60kt,sfc_gauge,16020,251.317,8751.32,172.115,73.9374,23.4835,324.002,307.267,540.963,473.74,300.001,101.269,0.425852,0.0224725,0.0575802,0.0391727,-1.27653,-1.49829
60kt,sfc_gauge,16080,246.198,8746.2,172.113,73.9585,23.4653,324.002,307.028,540.542,473.462,300.001,101.269,0.425593,0.022355,0.0575953,0.0391824,-1.27722,-1.49851
60kt,sfc_gauge,16140,241.083,8741.09,172.11,73.9795,23.447,324.002,306.789,540.122,473.186,300.001,101.269,0.425335,0.0222376,0.0576104,0.0391922,-1.27792,-1.49873
60kt,sfc_gauge,16200,235.972,8735.98,172.108,74.0005,23.4288,324.002,306.551,539.702,472.91,300.001,101.269,0.425076,0.0221203,0.0576255,0.0392021,-1.27861,-1.49895
60kt,sfc_gauge,16260,230.864,8730.87,172.106,74.0216,23.4106,324.002,306.313,539.283,472.634,300.001,101.269,0.424818,0.0220031,0.0576406,0.039212,-1.2793,-1.49917
60kt,sfc_gauge,16320,225.761,8725.77,172.103,74.0427,23.3924,324.002,306.075,538.864,472.358,300.001,101.269,0.42456,0.021886,0.0576557,0.0392221,-1.28,-1.49939
60kt,sfc_gauge,16380,220.662,8720.67,172.101,74.0638,23.3743,324.002,305.837,538.446,472.083,300.001,101.269,0.424302,0.021769,0.0576708,0.0392323,-1.28069,-1.49962
60kt,sfc_gauge,16440,215.567,8715.57,172.099,74.0848,23.3561,324.002,305.6,538.028,471.808,300.001,101.269,0.424044,0.0216521,0.0576858,0.0392426,-1.28138,-1.49984
60kt,sfc_gauge,16500,210.475,8710.48,172.097,74.1059,23.338,324.002,305.363,537.611,471.534,300.001,101.269,0.423787,0.0215353,0.0577009,0.0392529,-1.28208,-1.50006
60kt,sfc_gauge,16560,205.388,8705.39,172.094,74.127,23.32,324.002,305.127,537.195,471.26,300.001,101.269,0.423529,0.0214186,0.0577159,0.0392634,-1.28277,-1.50029
60kt,sfc_gauge,16620,200.304,8700.31,172.092,74.1481,23.3019,324.002,304.891,536.779,470.986,300.001,101.269,0.423272,0.0213021,0.0577309,0.0392739,-1.28347,-1.50051
60kt,sfc_gauge,16680,195.225,8695.23,172.09,74.1693,23.2839,324.002,304.655,536.364,470.713,300.001,101.269,0.423015,0.0211856,0.057746,0.0392846,-1.28416,-1.50074
60kt,sfc_gauge,16740,190.149,8690.16,172.088,74.1904,23.2659,324.002,304.419,535.949,470.44,300.001,101.269,0.422759,0.0210693,0.057761,0.0392953,-1.28485,-1.50096
60kt,sfc_gauge,16800,185.077,8685.08,172.085,74.2115,23.2479,324.002,304.184,535.535,470.167,300.001,101.269,0.422502,0.020953,0.057776,0.0393061,-1.28554,-1.50119
60kt,sfc_gauge,16860,180.01,8680.02,172.083,74.2327,23.2299,324.002,303.949,535.121,469.895,300.001,101.269,0.422246,0.0208369,0.057791,0.039317,-1.28624,-1.50142
60kt,sfc_gauge,16920,174.946,8674.95,172.081,74.2538,23.212,324.002,303.714,534.708,469.623,300.001,101.269,0.42199,0.0207208,0.057806,0.0393281,-1.28693,-1.50164
60kt,sfc_gauge,16980,169.886,8669.89,172.078,74.275,23.1941,324.002,303.48,534.296,469.352,300.001,101.269,0.421734,0.0206049,0.057821,0.0393392,-1.28762,-1.50187
60kt,sfc_gauge,17040,164.83,8664.84,172.076,74.2961,23.1762,324.002,303.246,533.884,469.081,300.001,101.269,0.421478,0.020489,0.057836,0.0393503,-1.28832,-1.5021
60kt,sfc_gauge,17100,159.778,8659.78,172.074,74.3173,23.1583,324.002,303.012,533.472,468.81,300.001,101.269,0.421223,0.0203733,0.057851,0.0393616,-1.28901,-1.50232
60kt,sfc_gauge,17160,154.729,8654.74,172.072,74.3385,23.1405,324.002,302.779,533.061,468.54,300.001,101.269,0.420968,0.0202577,0.057866,0.039373,-1.2897,-1.50255
60kt,sfc_gauge,17220,149.685,8649.69,172.069,74.3597,23.1227,324.002,302.546,532.651,468.27,300.001,101.269,0.420713,0.0201422,0.0578809,0.0393845,-1.29039,-1.50278
60kt,sfc_gauge,17280,144.645,8644.65,172.067,74.3809,23.1049,324.002,302.313,532.241,468,300.001,101.269,0.420458,0.0200268,0.0578959,0.039396,-1.29109,-1.50301
60kt,sfc_gauge,17340,139.608,8639.61,172.065,74.4021,23.0871,324.002,302.081,531.832,467.731,300.001,101.269,0.420203,0.0199114,0.0579108,0.0394077,-1.29178,-1.50324
60kt,sfc_gauge,17400,134.575,8634.58,172.062,74.4233,23.0694,324.002,301.848,531.423,467.462,300.001,101.269,0.419949,0.0197962,0.0579258,0.0394194,-1.29247,-1.50347
60kt,sfc_gauge,17460,129.546,8629.55,172.06,74.4445,23.0517,324.002,301.617,531.015,467.193,300.001,101.269,0.419695,0.0196811,0.0579407,0.0394312,-1.29316,-1.5037
60kt,sfc_gauge,17520,124.521,8624.53,172.058,74.4658,23.034,324.002,301.385,530.607,466.925,300.001,101.269,0.419441,0.0195661,0.0579557,0.0394432,-1.29386,-1.50393
60kt,sfc_gauge,17580,119.5,8619.51,172.055,74.487,23.0163,324.002,301.154,530.2,466.657,300.001,101.269,0.419187,0.0194512,0.0579706,0.0394552,-1.29455,-1.50416
60kt,sfc_gauge,17640,114.483,8614.49,172.053,74.5083,22.9987,324.002,300.923,529.794,466.39,300.001,101.269,0.418933,0.0193364,0.0579855,0.0394673,-1.29524,-1.50439
60kt,sfc_gauge,17700,109.469,8609.48,172.051,74.5295,22.981,324.002,300.692,529.388,466.123,300.001,101.269,0.41868,0.0192217,0.0580004,0.0394795,-1.29593,-1.50463
60kt,sfc_gauge,17760,104.46,8604.47,172.049,74.5508,22.9634,324.002,300.462,528.982,465.856,300.001,101.269,0.418426,0.0191155,0.0580154,0.0394919,-1.29653,-1.50486
60kt,sfc_gauge,17820,99.4539,8599.46,172.046,74.5721,22.9459,324.002,300.232,528.577,465.589,300.001,101.269,0.418173,0.0190168,0.0580303,0.0395043,-1.29706,-1.50509
60kt,sfc_gauge,17880,94.452,8594.46,172.044,74.5933,22.9283,324.002,300.002,528.173,465.323,300.001,101.269,0.41792,0.0189181,0.0580452,0.0395167,-1.29759,-1.50532
60kt,sfc_gauge,17940,89.4539,8589.46,172.042,74.6146,22.9108,324.002,299.773,527.769,465.057,300.001,101.269,0.417668,0.0188195,0.0580601,0.0395293,-1.29811,-1.50556
60kt,sfc_gauge,18000,84.4596,8584.47,172.039,74.6359,22.8932,324.002,299.544,527.365,464.792,300.001,101.269,0.417415,0.018721,0.058075,0.039542,-1.29864,-1.50579
60kt,sfc_gauge,18060,79.4691,8579.48,172.037,74.6573,22.8758,324.002,299.315,526.962,464.527,300.001,101.269,0.417163,0.0186225,0.0580899,0.0395547,-1.29917,-1.50602
60kt,sfc_gauge,18120,74.4824,8574.49,172.035,74.6786,22.8583,324.002,299.086,526.56,464.262,300.001,101.269,0.416911,0.0185241,0.0581047,0.0395675,-1.2997,-1.50626
60kt,sfc_gauge,18180,69.4995,8569.51,172.032,74.6999,22.8408,324.002,298.858,526.158,463.998,300.001,101.269,0.416659,0.0184258,0.0581196,0.0395804,-1.30023,-1.50649
60kt,sfc_gauge,18240,64.5205,8564.53,172.03,74.7212,22.8234,324.002,298.63,525.757,463.734,300.001,101.269,0.416407,0.0183276,0.0581344,0.0395935,-1.30076,-1.50673
60kt,sfc_gauge,18300,59.5452,8559.55,172.028,74.7426,22.806,324.002,298.402,525.356,463.47,300.001,101.269,0.416155,0.0182294,0.0581493,0.0396065,-1.30128,-1.50696
60kt,sfc_gauge,18360,54.5737,8554.58,172.026,74.7639,22.7886,324.002,298.175,524.956,463.207,300.001,101.269,0.415904,0.0181314,0.0581641,0.0396197,-1.30181,-1.5072
60kt,sfc_gauge,18420,49.606,8549.61,172.023,74.7853,22.7713,324.002,297.948,524.556,462.944,300.001,101.269,0.415653,0.0180333,0.058179,0.039633,-1.30234,-1.50744
60kt,sfc_gauge,18480,44.6421,8544.65,172.021,74.8067,22.754,324.002,297.721,524.157,462.681,300.001,101.269,0.415402,0.0179354,0.0581938,0.0396463,-1.30287,-1.50767
60kt,sfc_gauge,18540,39.682,8539.69,172.019,74.828,22.7367,324.002,297.495,523.758,462.419,300.001,101.269,0.415151,0.0178376,0.0582086,0.0396598,-1.3034,-1.50791
60kt,sfc_gauge,18600,34.7256,8534.73,172.016,74.8494,22.7194,324.002,297.268,523.36,462.157,300.001,101.269,0.414901,0.0177398,0.0582234,0.0396733,-1.30393,-1.50815
60kt,sfc_gauge,18660,29.773,8529.78,172.014,74.8708,22.7021,324.002,297.043,522.962,461.895,300.001,101.269,0.41465,0.0176421,0.0582382,0.0396869,-1.30446,-1.50839
60kt,sfc_gauge,18720,24.8242,8524.83,172.012,74.8922,22.6849,324.002,296.817,522.565,461.634,300.001,101.269,0.4144,0.0175444,0.058253,0.0397006,-1.30499,-1.50863
60kt,sfc_gauge,18780,19.8791,8519.89,172.009,74.9136,22.6677,324.002,296.592,522.169,461.373,300.001,101.269,0.41415,0.0174469,0.0582678,0.0397144,-1.30552,-1.50887
60kt,sfc_gauge,18840,14.9378,8514.94,172.007,74.9351,22.6505,324.002,296.367,521.773,461.113,300.001,101.269,0.413901,0.0173494,0.0582826,0.0397283,-1.30605,-1.5091
60kt,sfc_gauge,18900,10.0002,8510.01,172.005,74.9565,22.6333,324.002,296.142,521.377,460.853,300.001,101.269,0.413651,0.0172519,0.0582974,0.0397422,-1.30659,-1.50934
60kt,sfc_gauge,18960,5.06639,8505.07,172.002,74.9779,22.6162,324.002,295.918,520.982,460.593,300.001,101.269,0.413402,0.0171546,0.0583122,0.0397562,-1.30712,-1.50958
60kt,sfc_gauge,19020,0.136291,8500.14,172,74.9994,22.599,324.002,295.694,520.588,460.333,300.001,101.269,0.413153,0.0170573,0.058327,0.0397704,-1.30765,-1.50983
60kt,sfc_gauge,19021.7,0.000765839,8500.01,172,75,22.5986,324.002,295.688,520.577,460.326,300.001,101.269,0.413146,0.0170547,0.0583274,0.0397707,-1.30766,-1.50983
60kt,sfc_rotor,0.075,1780,10280,172.693,68.5934,6.43353,323.122,180.256,317.353,224.758,300,101.269,0.515288,0.0259205,0.0777569,0.0399585,-1.11319e-14,-3.85562e-15
60kt,sfc_rotor,60,1774.7,10274.7,172.691,68.6091,29.3675,322.633,318.411,560.583,560.549,300.004,101.193,0.507223,0.0608907,0.0535683,0.0365879,-1.07766,-1.36417
60kt,sfc_rotor,120,1769.38,10269.4,172.689,68.625,29.361,323.559,319.35,562.235,562.234,300.007,101.273,0.504253,0.058683,0.0530448,0.0405604,-1.08856,-1.45207
60kt,sfc_rotor,180.075,1764.05,10264.1,172.687,68.6409,29.3361,323.86,319.441,562.396,562.396,300.003,101.271,0.503064,0.0580539,0.0531575,0.0407575,-1.08812,-1.45427
60kt,sfc_rotor,240.075,1758.73,10258.7,172.686,68.6568,29.3137,323.956,319.345,562.228,562.228,300.002,101.27,0.502502,0.0577719,0.0532123,0.0407847,-1.08855,-1.45461
60kt,sfc_rotor,300.075,1753.41,10253.4,172.684,68.6727,29.2914,323.988,319.185,561.946,561.946,300.001,101.27,0.502137,0.0575954,0.0532404,0.040779,-1.08911,-1.45478
60kt,sfc_rotor,360.075,1748.09,10248.1,172.682,68.6886,29.2693,323.998,319.004,561.627,561.627,300.001,101.269,0.501837,0.057453,0.0532597,0.0407627,-1.0897,-1.4549
60kt,sfc_rotor,420.075,1742.78,10242.8,172.681,68.7045,29.2472,324.001,318.816,561.296,561.297,300.001,101.269,0.501557,0.0573216,0.0532763,0.0407431,-1.09032,-1.455
60kt,sfc_rotor,480.075,1737.46,10237.5,172.679,68.7205,29.2251,324.002,318.627,560.962,560.963,300.001,101.269,0.501283,0.0571938,0.053292,0.0407225,-1.09093,-1.4551
60kt,sfc_rotor,540.075,1732.16,10232.2,172.677,68.7364,29.2031,324.003,318.436,560.627,560.628,300.001,101.269,0.501012,0.0570672,0.0533073,0.0407016,-1.09154,-1.45519
60kt,sfc_rotor,600.075,1726.85,10226.9,172.675,68.7524,29.1811,324.003,318.246,560.293,560.293,300.001,101.269,0.500742,0.0569412,0.0533225,0.0406807,-1.09216,-1.45529
60kt,sfc_rotor,660,1721.55,10221.6,172.674,68.7683,29.1591,324.003,318.056,559.958,559.959,300.001,101.269,0.500473,0.0568155,0.0533377,0.0406599,-1.09278,-1.45538
60kt,sfc_rotor,720,1716.25,10216.3,172.672,68.7843,29.1372,324.003,317.866,559.624,559.624,300.001,101.269,0.500203,0.0566897,0.0533529,0.0406393,-1.09339,-1.45547
60kt,sfc_rotor,780,1710.96,10211,172.67,68.8002,29.1152,324.003,317.677,559.29,559.29,300.001,101.269,0.499934,0.0565641,0.0533681,0.0406187,-1.09401,-1.45557
60kt,sfc_rotor,840,1705.67,10205.7,172.669,68.8162,29.0933,324.003,317.487,558.956,558.957,300.001,101.269,0.499664,0.0564385,0.0533832,0.0405983,-1.09462,-1.45566
60kt,sfc_rotor,900,1700.38,10200.4,172.667,68.8322,29.0714,324.003,317.298,558.623,558.623,300.001,101.269,0.499395,0.0563131,0.0533984,0.040578,-1.09524,-1.45576
60kt,sfc_rotor,960,1695.09,10195.1,172.665,68.8482,29.0495,324.003,317.109,558.29,558.291,300.001,101.269,0.499127,0.0561877,0.0534135,0.0405578,-1.09585,-1.45585
60kt,sfc_rotor,1020,1689.81,10189.8,172.663,68.8642,29.0277,324.003,316.92,557.958,557.958,300.001,101.269,0.498858,0.0560624,0.0534287,0.0405377,-1.09647,-1.45595
60kt,sfc_rotor,1080,1684.52,10184.5,172.662,68.8802,29.0059,324.003,316.731,557.625,557.626,300.001,101.269,0.498589,0.0559372,0.0534438,0.0405178,-1.09709,-1.45604
60kt,sfc_rotor,1140,1679.25,10179.3,172.66,68.8962,28.9841,324.003,316.543,557.294,557.294,300.001,101.269,0.498321,0.0558121,0.0534589,0.0404979,-1.0977,-1.45614
60kt,sfc_rotor,1200,1673.97,10174,172.658,68.9122,28.9623,324.003,316.355,556.962,556.963,300.001,101.269,0.498053,0.0556871,0.053474,0.0404782,-1.09832,-1.45624
60kt,sfc_rotor,1260,1668.7,10168.7,172.656,68.9282,28.9405,324.003,316.167,556.631,556.632,300.001,101.269,0.497785,0.0555621,0.0534891,0.0404587,-1.09893,-1.45633
60kt,sfc_rotor,1320,1663.43,10163.4,172.655,68.9442,28.9188,324.003,315.979,556.301,556.301,300.001,101.269,0.497517,0.0554373,0.0535042,0.0404392,-1.09955,-1.45643
60kt,sfc_rotor,1380,1658.17,10158.2,172.653,68.9603,28.8971,324.003,315.791,555.97,555.971,300.001,101.269,0.497249,0.0553125,0.0535193,0.0404199,-1.10016,-1.45653
60kt,sfc_rotor,1440,1652.91,10152.9,172.651,68.9763,28.8754,324.003,315.604,555.64,555.641,300.001,101.269,0.496982,0.0551879,0.0535343,0.0404006,-1.10078,-1.45662
60kt,sfc_rotor,1500,1647.65,10147.7,172.649,68.9924,28.8538,324.003,315.416,555.311,555.311,300.001,101.269,0.496714,0.0550633,0.0535494,0.0403815,-1.10139,-1.45672
60kt,sfc_rotor,1560,1642.39,10142.4,172.648,69.0084,28.8321,324.003,315.229,554.981,554.982,300.001,101.269,0.496447,0.0549388,0.0535644,0.0403626,-1.102,-1.45682
60kt,sfc_rotor,1620,1637.14,10137.1,172.646,69.0245,28.8105,324.003,315.043,554.653,554.653,300.001,101.269,0.49618,0.0548144,0.0535795,0.0403437,-1.10262,-1.45692
60kt,sfc_rotor,1680,1631.89,10131.9,172.644,69.0406,28.7889,324.003,314.856,554.324,554.324,300.001,101.269,0.495913,0.0546901,0.0535945,0.040325,-1.10323,-1.45702
60kt,sfc_rotor,1740,1626.65,10126.7,172.643,69.0567,28.7674,324.003,314.67,553.996,553.996,300.001,101.269,0.495646,0.0545658,0.0536095,0.0403063,-1.10385,-1.45712
60kt,sfc_rotor,1800,1621.4,10121.4,172.641,69.0727,28.7458,324.003,314.484,553.668,553.669,300.001,101.269,0.49538,0.0544417,0.0536245,0.0402878,-1.10446,-1.45722
60kt,sfc_rotor,1860,1616.16,10116.2,172.639,69.0888,28.7243,324.003,314.298,553.341,553.341,300.001,101.269,0.495113,0.0543176,0.0536395,0.0402695,-1.10508,-1.45732
60kt,sfc_rotor,1920,1610.93,10110.9,172.637,69.1049,28.7028,324.003,314.112,553.014,553.014,300.001,101.269,0.494847,0.0541937,0.0536545,0.0402512,-1.10569,-1.45742
60kt,sfc_rotor,1980,1605.69,10105.7,172.636,69.1211,28.6813,324.003,313.926,552.687,552.687,300.001,101.269,0.494581,0.0540698,0.0536695,0.0402331,-1.1063,-1.45752
60kt,sfc_rotor,2040,1600.46,10100.5,172.634,69.1372,28.6599,324.003,313.741,552.361,552.361,300.001,101.269,0.494315,0.053946,0.0536845,0.040215,-1.10692,-1.45762
60kt,sfc_rotor,2100,1595.24,10095.2,172.632,69.1533,28.6385,324.003,313.556,552.035,552.035,300.001,101.269,0.494049,0.0538223,0.0536995,0.0401971,-1.10753,-1.45772
60kt,sfc_rotor,2160,1590.01,10090,172.63,69.1694,28.6171,324.003,313.371,551.709,551.709,300.001,101.269,0.493784,0.0536986,0.0537144,0.0401794,-1.10815,-1.45782
60kt,sfc_rotor,2220,1584.79,10084.8,172.629,69.1856,28.5957,324.003,313.186,551.384,551.384,300.001,101.269,0.493518,0.0535751,0.0537294,0.0401617,-1.10876,-1.45792
60kt,sfc_rotor,2280,1579.57,10079.6,172.627,69.2017,28.5743,324.003,313.001,551.059,551.059,300.001,101.269,0.493253,0.0534516,0.0537443,0.0401441,-1.10937,-1.45802
60kt,sfc_rotor,2340,1574.36,10074.4,172.625,69.2179,28.553,324.003,312.817,550.734,550.735,300.001,101.269,0.492988,0.0533283,0.0537592,0.0401267,-1.10999,-1.45813
60kt,sfc_rotor,2400,1569.14,10069.2,172.623,69.234,28.5317,324.003,312.633,550.41,550.411,300.001,101.269,0.492723,0.053205,0.0537741,0.0401094,-1.1106,-1.45823
60kt,sfc_rotor,2460.07,1563.93,10063.9,172.622,69.2502,28.5104,324.003,312.449,550.086,550.086,300.001,101.269,0.492458,0.0530816,0.0537891,0.0400922,-1.11122,-1.45833
60kt,sfc_rotor,2520.07,1558.72,10058.7,172.62,69.2664,28.4891,324.003,312.265,549.762,549.763,300.001,101.269,0.492193,0.0529585,0.053804,0.0400751,-1.11183,-1.45844
60kt,sfc_rotor,2580.07,1553.52,10053.5,172.618,69.2826,28.4679,324.003,312.082,549.439,549.44,300.001,101.269,0.491929,0.0528355,0.0538189,0.0400581,-1.11244,-1.45854
60kt,sfc_rotor,2640.07,1548.32,10048.3,172.616,69.2987,28.4467,324.003,311.898,549.117,549.117,300.001,101.269,0.491664,0.0527126,0.0538338,0.0400413,-1.11306,-1.45864
60kt,sfc_rotor,2700.07,1543.12,10043.1,172.615,69.3149,28.4255,324.003,311.715,548.794,548.795,300.001,101.269,0.4914,0.0525897,0.0538486,0.0400246,-1.11367,-1.45875
60kt,sfc_rotor,2760.07,1537.93,10037.9,172.613,69.3311,28.4043,324.003,311.532,548.472,548.473,300.001,101.269,0.491136,0.0524669,0.0538635,0.040008,-1.11428,-1.45885
60kt,sfc_rotor,2820.07,1532.74,10032.7,172.611,69.3474,28.3832,324.003,311.349,548.15,548.151,300.001,101.269,0.490872,0.0523442,0.0538784,0.0399915,-1.11489,-1.45896
60kt,sfc_rotor,2880.07,1527.55,10027.6,172.609,69.3636,28.362,324.003,311.167,547.829,547.83,300.001,101.269,0.490608,0.0522216,0.0538932,0.0399751,-1.11551,-1.45906
60kt,sfc_rotor,2940.07,1522.37,10022.4,172.608,69.3798,28.3409,324.003,310.985,547.508,547.509,300.001,101.269,0.490345,0.0520991,0.053908,0.0399588,-1.11612,-1.45917
60kt,sfc_rotor,3000.07,1517.19,10017.2,172.606,69.396,28.3199,324.003,310.802,547.187,547.188,300.001,101.269,0.490082,0.0519767,0.0539229,0.0399427,-1.11673,-1.45928
60kt,sfc_rotor,3060.07,1512.01,10012,172.604,69.4123,28.2988,324.003,310.621,546.867,546.868,300.001,101.269,0.489818,0.0518544,0.0539377,0.0399266,-1.11735,-1.45938
60kt,sfc_rotor,3120.07,1506.83,10006.8,172.602,69.4285,28.2778,324.003,310.439,546.547,546.548,300.001,101.269,0.489555,0.0517321,0.0539525,0.0399107,-1.11796,-1.45949
60kt,sfc_rotor,3180.07,1501.66,10001.7,172.601,69.4448,28.2568,324.003,310.257,546.228,546.228,300.001,101.269,0.489292,0.0516099,0.0539673,0.0398949,-1.11857,-1.4596
60kt,sfc_rotor,3240.07,1496.49,9996.5,172.599,69.461,28.2358,324.003,310.076,545.908,545.909,300.001,101.269,0.48903,0.0514878,0.0539821,0.0398792,-1.11918,-1.4597
60kt,sfc_rotor,3300.07,1491.32,9991.33,172.597,69.4773,28.2148,324.003,309.895,545.59,545.59,300.001,101.269,0.488767,0.0513658,0.0539969,0.0398637,-1.1198,-1.45981
60kt,sfc_rotor,3360.07,1486.16,9986.17,172.595,69.4936,28.1939,324.003,309.714,545.271,545.271,300.001,101.269,0.488505,0.0512439,0.0540117,0.0398482,-1.12041,-1.45992
60kt,sfc_rotor,3420.07,1481,9981.01,172.594,69.5099,28.173,324.003,309.533,544.953,544.953,300.001,101.269,0.488242,0.0511221,0.0540264,0.0398329,-1.12102,-1.46003
60kt,sfc_rotor,3480.07,1475.84,9975.85,172.592,69.5261,28.1521,324.003,309.353,544.635,544.635,300.001,101.269,0.48798,0.0510003,0.0540412,0.0398176,-1.12163,-1.46014
60kt,sfc_rotor,3540.07,1470.69,9970.69,172.59,69.5424,28.1312,324.003,309.172,544.317,544.318,300.001,101.269,0.487718,0.0508787,0.054056,0.0398025,-1.12224,-1.46024
60kt,sfc_rotor,3600.07,1465.54,9965.54,172.588,69.5587,28.1103,324.003,308.992,544,544.001,300.001,101.269,0.487456,0.0507571,0.0540707,0.0397875,-1.12286,-1.46035
60kt,sfc_rotor,3660.07,1460.39,9960.39,172.586,69.5751,28.0895,324.003,308.812,543.683,543.684,300.001,101.269,0.487195,0.0506356,0.0540854,0.0397726,-1.12347,-1.46046
60kt,sfc_rotor,3720.07,1455.24,9955.25,172.585,69.5914,28.0687,324.003,308.632,543.367,543.367,300.001,101.269,0.486933,0.0505142,0.0541002,0.0397578,-1.12408,-1.46057
60kt,sfc_rotor,3780.07,1450.1,9950.11,172.583,69.6077,28.0479,324.003,308.453,543.051,543.051,300.001,101.269,0.486672,0.0503928,0.0541149,0.0397432,-1.12469,-1.46068
60kt,sfc_rotor,3840.07,1444.96,9944.97,172.581,69.624,28.0272,324.003,308.274,542.735,542.736,300.001,101.269,0.486411,0.0502716,0.0541296,0.0397286,-1.1253,-1.46079
60kt,sfc_rotor,3900.07,1439.82,9939.83,172.579,69.6404,28.0064,324.003,308.094,542.42,542.42,300.001,101.269,0.48615,0.0501504,0.0541443,0.0397142,-1.12591,-1.4609
60kt,sfc_rotor,3960.07,1434.69,9934.7,172.578,69.6567,27.9857,324.003,307.915,542.105,542.105,300.001,101.269,0.485889,0.0500293,0.054159,0.0396999,-1.12653,-1.46102
60kt,sfc_rotor,4020.07,1429.56,9929.57,172.576,69.6731,27.965,324.003,307.737,541.79,541.79,300.001,101.269,0.485628,0.0499083,0.0541737,0.0396856,-1.12714,-1.46113
60kt,sfc_rotor,4080.07,1424.43,9924.44,172.574,69.6894,27.9443,324.003,307.558,541.476,541.476,300.001,101.269,0.485368,0.0497874,0.0541884,0.0396715,-1.12775,-1.46124
60kt,sfc_rotor,4140.07,1419.31,9919.31,172.572,69.7058,27.9237,324.003,307.38,541.161,541.162,300.001,101.269,0.485107,0.0496666,0.054203,0.0396576,-1.12836,-1.46135
60kt,sfc_rotor,4200.07,1414.19,9914.19,172.571,69.7222,27.9031,324.003,307.202,540.848,540.848,300.001,101.269,0.484847,0.0495458,0.0542177,0.0396437,-1.12897,-1.46146
60kt,sfc_rotor,4260.07,1409.07,9909.07,172.569,69.7386,27.8824,324.003,307.024,540.534,540.535,300.001,101.269,0.484587,0.0494252,0.0542323,0.0396299,-1.12958,-1.46158
60kt,sfc_rotor,4320.07,1403.95,9903.96,172.567,69.755,27.8619,324.003,306.846,540.221,540.222,300.001,101.269,0.484327,0.0493046,0.054247,0.0396163,-1.13019,-1.46169
60kt,sfc_rotor,4380.07,1398.84,9898.85,172.565,69.7714,27.8413,324.003,306.668,539.909,539.909,300.001,101.269,0.484067,0.0491841,0.0542616,0.0396027,-1.13081,-1.4618
60kt,sfc_rotor,4440.07,1393.73,9893.74,172.563,69.7878,27.8208,324.003,306.491,539.596,539.597,300.001,101.269,0.483807,0.0490637,0.0542762,0.0395893,-1.13142,-1.46192
60kt,sfc_rotor,4500.07,1388.62,9888.63,172.562,69.8042,27.8002,324.003,306.314,539.284,539.285,300.001,101.269,0.483548,0.0489433,0.0542909,0.039576,-1.13203,-1.46203
60kt,sfc_rotor,4560.07,1383.52,9883.53,172.56,69.8206,27.7798,324.003,306.137,538.973,538.973,300.001,101.269,0.483289,0.0488231,0.0543055,0.0395628,-1.13264,-1.46215
60kt,sfc_rotor,4620.07,1378.42,9878.43,172.558,69.8371,27.7593,324.003,305.96,538.661,538.662,300.001,101.269,0.483029,0.0487029,0.0543201,0.0395497,-1.13325,-1.46226
60kt,sfc_rotor,4680.07,1373.32,9873.33,172.556,69.8535,27.7388,324.003,305.783,538.35,538.351,300.001,101.269,0.48277,0.0485828,0.0543347,0.0395367,-1.13386,-1.46237
60kt,sfc_rotor,4740.07,1368.23,9868.23,172.555,69.8699,27.7184,324.003,305.607,538.04,538.04,300.001,101.269,0.482512,0.0484628,0.0543493,0.0395238,-1.13447,-1.46249
60kt,sfc_rotor,4800.07,1363.13,9863.14,172.553,69.8864,27.698,324.003,305.43,537.729,537.73,300.001,101.269,0.482253,0.0483429,0.0543638,0.039511,-1.13508,-1.46261
60kt,sfc_rotor,4860.07,1358.05,9858.05,172.551,69.9029,27.6776,324.003,305.254,537.419,537.42,300.001,101.269,0.481994,0.0482231,0.0543784,0.0394983,-1.13569,-1.46272
60kt,sfc_rotor,4920.07,1352.96,9852.97,172.549,69.9193,27.6572,324.003,305.078,537.11,537.11,300.001,101.269,0.481736,0.0481033,0.054393,0.0394858,-1.1363,-1.46284
60kt,sfc_rotor,4980.07,1347.88,9847.88,172.547,69.9358,27.6369,324.003,304.903,536.801,536.801,300.001,101.269,0.481478,0.0479836,0.0544075,0.0394734,-1.13691,-1.46296
60kt,sfc_rotor,5040.07,1342.8,9842.8,172.546,69.9523,27.6166,324.003,304.727,536.492,536.492,300.001,101.269,0.48122,0.047864,0.0544221,0.039461,-1.13752,-1.46307
60kt,sfc_rotor,5100.07,1337.72,9837.72,172.544,69.9688,27.5963,324.003,304.552,536.183,536.183,300.001,101.269,0.480962,0.0477445,0.0544366,0.0394488,-1.13813,-1.46319
60kt,sfc_rotor,5160.07,1332.64,9832.65,172.542,69.9853,27.576,324.003,304.377,535.875,535.875,300.001,101.269,0.480704,0.0476251,0.0544511,0.0394367,-1.13874,-1.46331
60kt,sfc_rotor,5220.07,1327.57,9827.58,172.54,70.0018,27.5558,324.003,304.202,535.567,535.567,300.001,101.269,0.480446,0.0475057,0.0544657,0.0394247,-1.13935,-1.46342
60kt,sfc_rotor,5280.07,1322.5,9822.51,172.539,70.0183,27.5355,324.003,304.027,535.259,535.259,300.001,101.269,0.480189,0.0473865,0.0544802,0.0394128,-1.13997,-1.46354
60kt,sfc_rotor,5340.07,1317.44,9817.44,172.537,70.0348,27.5153,324.002,303.853,534.952,534.952,300.001,101.269,0.479931,0.0472673,0.0544947,0.039401,-1.14058,-1.46366
60kt,sfc_rotor,5400.07,1312.38,9812.38,172.535,70.0513,27.4951,324.002,303.678,534.645,534.645,300.001,101.269,0.479674,0.0471482,0.0545092,0.0393893,-1.14119,-1.46378
60kt,sfc_rotor,5460.07,1307.32,9807.32,172.533,70.0679,27.475,324.002,303.504,534.338,534.339,300.001,101.269,0.479417,0.0470292,0.0545237,0.0393777,-1.1418,-1.4639
60kt,sfc_rotor,5520.07,1302.26,9802.26,172.531,70.0844,27.4548,324.002,303.33,534.032,534.032,300.001,101.269,0.47916,0.0469102,0.0545381,0.0393663,-1.14241,-1.46402
60kt,sfc_rotor,5580.07,1297.2,9797.21,172.53,70.101,27.4347,324.002,303.156,533.726,533.726,300.001,101.269,0.478904,0.0467914,0.0545526,0.0393549,-1.14302,-1.46414
60kt,sfc_rotor,5640.07,1292.15,9792.16,172.528,70.1175,27.4146,324.002,302.983,533.42,533.421,300.001,101.269,0.478647,0.0466726,0.0545671,0.0393437,-1.14363,-1.46426
60kt,sfc_rotor,5700.07,1287.11,9787.11,172.526,70.1341,27.3945,324.002,302.809,533.115,533.115,300.001,101.269,0.478391,0.0465539,0.0545815,0.0393325,-1.14423,-1.46438
60kt,sfc_rotor,5760.07,1282.06,9782.07,172.524,70.1507,27.3744,324.002,302.636,532.81,532.81,300.001,101.269,0.478134,0.0464353,0.054596,0.0393215,-1.14484,-1.4645
60kt,sfc_rotor,5820.07,1277.02,9777.02,172.522,70.1673,27.3544,324.002,302.463,532.505,532.506,300.001,101.269,0.477878,0.0463167,0.0546104,0.0393105,-1.14545,-1.46462
60kt,sfc_rotor,5880.07,1271.98,9771.98,172.521,70.1838,27.3344,324.002,302.29,532.201,532.202,300.001,101.269,0.477622,0.0461983,0.0546249,0.0392997,-1.14606,-1.46474
60kt,sfc_rotor,5940.07,1266.94,9766.95,172.519,70.2004,27.3144,324.002,302.118,531.897,531.898,300.001,101.269,0.477366,0.0460799,0.0546393,0.039289,-1.14667,-1.46487
60kt,sfc_rotor,6000.07,1261.91,9761.91,172.517,70.217,27.2944,324.002,301.945,531.593,531.594,300.001,101.269,0.477111,0.0459616,0.0546537,0.0392784,-1.14728,-1.46499
60kt,sfc_rotor,6060.07,1256.88,9756.88,172.515,70.2337,27.2745,324.002,301.773,531.29,531.291,300.001,101.269,0.476855,0.0458434,0.0546681,0.0392679,-1.14789,-1.46511
60kt,sfc_rotor,6120.07,1251.85,9751.85,172.513,70.2503,27.2545,324.002,301.601,530.987,530.988,300.001,101.269,0.4766,0.0457252,0.0546825,0.0392575,-1.1485,-1.46523
60kt,sfc_rotor,6180.07,1246.82,9746.83,172.512,70.2669,27.2346,324.002,301.429,530.685,530.685,300.001,101.269,0.476345,0.0456072,0.0546969,0.0392472,-1.14911,-1.46536
60kt,sfc_rotor,6240.07,1241.8,9741.81,172.51,70.2835,27.2147,324.002,301.257,530.382,530.383,300.001,101.269,0.476089,0.0454892,0.0547113,0.039237,-1.14972,-1.46548
60kt,sfc_rotor,6300.07,1236.78,9736.79,172.508,70.3002,27.1948,324.002,301.086,530.08,530.081,300.001,101.269,0.475835,0.0453713,0.0547257,0.0392269,-1.15033,-1.4656
60kt,sfc_rotor,6360.07,1231.76,9731.77,172.506,70.3168,27.175,324.002,300.914,529.778,529.779,300.001,101.269,0.47558,0.0452535,0.0547401,0.0392169,-1.15094,-1.46573
60kt,sfc_rotor,6420.07,1226.75,9726.76,172.504,70.3335,27.1552,324.002,300.743,529.477,529.477,300.001,101.269,0.475325,0.0451358,0.0547545,0.0392071,-1.15155,-1.46585
60kt,sfc_rotor,6480.07,1221.74,9721.75,172.503,70.3502,27.1354,324.002,300.572,529.176,529.176,300.001,101.269,0.475071,0.0450181,0.0547688,0.0391973,-1.15216,-1.46598
60kt,sfc_rotor,6540.07,1216.73,9716.74,172.501,70.3668,27.1156,324.002,300.401,528.875,528.876,300.001,101.269,0.474816,0.0449005,0.0547832,0.0391876,-1.15277,-1.4661
60kt,sfc_rotor,6600.07,1211.73,9711.73,172.499,70.3835,27.0958,324.002,300.231,528.575,528.575,300.001,101.269,0.474562,0.044783,0.0547975,0.0391781,-1.15338,-1.46623
60kt,sfc_rotor,6660.07,1206.72,9706.73,172.497,70.4002,27.0761,324.002,300.06,528.275,528.275,300.001,101.269,0.474308,0.0446656,0.0548118,0.0391686,-1.15398,-1.46635
60kt,sfc_rotor,6720.07,1201.72,9701.73,172.495,70.4169,27.0564,324.002,299.89,527.975,527.976,300.001,101.269,0.474054,0.0445483,0.0548262,0.0391593,-1.15459,-1.46648
60kt,sfc_rotor,6780.07,1196.73,9696.73,172.494,70.4336,27.0367,324.002,299.72,527.676,527.676,300.001,101.269,0.473801,0.044431,0.0548405,0.03915,-1.1552,-1.46661
60kt,sfc_rotor,6840.07,1191.73,9691.74,172.492,70.4503,27.017,324.002,299.55,527.377,527.377,300.001,101.269,0.473547,0.0443139,0.0548548,0.0391409,-1.15581,-1.46673
60kt,sfc_rotor,6900.07,1186.74,9686.75,172.49,70.467,26.9973,324.002,299.38,527.078,527.078,300.001,101.269,0.473294,0.0441968,0.0548691,0.0391318,-1.15642,-1.46686
60kt,sfc_rotor,6960.07,1181.75,9681.76,172.488,70.4838,26.9777,324.002,299.211,526.779,526.78,300.001,101.269,0.47304,0.0440797,0.0548834,0.0391229,-1.15703,-1.46699
60kt,sfc_rotor,7020.07,1176.77,9676.77,172.486,70.5005,26.9581,324.002,299.041,526.481,526.482,300.001,101.269,0.472787,0.0439628,0.0548977,0.0391141,-1.15764,-1.46711
60kt,sfc_rotor,7080.07,1171.79,9671.79,172.485,70.5172,26.9385,324.002,298.872,526.183,526.184,300.001,101.269,0.472534,0.0438459,0.054912,0.0391053,-1.15825,-1.46724
60kt,sfc_rotor,7140.07,1166.81,9666.81,172.483,70.534,26.9189,324.002,298.703,525.886,525.886,300.001,101.269,0.472281,0.0437291,0.0549263,0.0390967,-1.15886,-1.46737
60kt,sfc_rotor,7200.07,1161.83,9661.84,172.481,70.5508,26.8993,324.002,298.534,525.589,525.589,300.001,101.269,0.472029,0.0436124,0.0549405,0.0390882,-1.15946,-1.4675
60kt,sfc_rotor,7260.07,1156.85,9656.86,172.479,70.5675,26.8798,324.002,298.366,525.292,525.292,300.001,101.269,0.471776,0.0434958,0.0549548,0.0390798,-1.16007,-1.46763
60kt,sfc_rotor,7320.07,1151.88,9651.89,172.477,70.5843,26.8603,324.002,298.197,524.995,524.996,300.001,101.269,0.471524,0.0433793,0.0549691,0.0390714,-1.16068,-1.46776
60kt,sfc_rotor,7380.07,1146.92,9646.92,172.476,70.6011,26.8408,324.002,298.029,524.699,524.699,300.001,101.269,0.471271,0.0432628,0.0549833,0.0390632,-1.16129,-1.46789
60kt,sfc_rotor,7440.07,1141.95,9641.96,172.474,70.6179,26.8213,324.002,297.861,524.403,524.404,300.001,101.269,0.471019,0.0431464,0.0549976,0.0390551,-1.1619,-1.46802
60kt,sfc_rotor,7500.07,1136.99,9636.99,172.472,70.6347,26.8019,324.002,297.693,524.108,524.108,300.001,101.269,0.470767,0.0430301,0.0550118,0.0390471,-1.16251,-1.46815
60kt,sfc_rotor,7560.07,1132.03,9632.03,172.47,70.6515,26.7824,324.002,297.525,523.812,523.813,300.001,101.269,0.470515,0.0429139,0.055026,0.0390392,-1.16311,-1.46828
60kt,sfc_rotor,7620.07,1127.07,9627.08,172.468,70.6683,26.763,324.002,297.358,523.517,523.518,300.001,101.269,0.470264,0.0427977,0.0550402,0.0390314,-1.16372,-1.46841
60kt,sfc_rotor,7680.07,1122.11,9622.12,172.466,70.6851,26.7437,324.002,297.191,523.223,523.223,300.001,101.269,0.470012,0.0426816,0.0550545,0.0390237,-1.16433,-1.46854
60kt,sfc_rotor,7740.07,1117.16,9617.17,172.465,70.7019,26.7243,324.002,297.023,522.928,522.929,300.001,101.269,0.469761,0.0425656,0.0550687,0.0390161,-1.16494,-1.46867
60kt,sfc_rotor,7800.07,1112.21,9612.22,172.463,70.7188,26.7049,324.002,296.856,522.634,522.635,300.001,101.269,0.46951,0.0424497,0.0550829,0.0390085,-1.16555,-1.4688
60kt,sfc_rotor,7860.07,1107.27,9607.27,172.461,70.7356,26.6856,324.002,296.69,522.341,522.341,300.001,101.269,0.469259,0.0423339,0.0550971,0.0390011,-1.16616,-1.46894
60kt,sfc_rotor,7920.07,1102.32,9602.33,172.459,70.7525,26.6663,324.002,296.523,522.047,522.048,300.001,101.269,0.469008,0.0422181,0.0551112,0.0389938,-1.16676,-1.46907
60kt,sfc_rotor,7980.07,1097.38,9597.39,172.457,70.7693,26.647,324.002,296.356,521.754,521.755,300.001,101.269,0.468757,0.0421024,0.0551254,0.0389866,-1.16737,-1.4692
60kt,sfc_rotor,8040.07,1092.45,9592.45,172.456,70.7862,26.6277,324.002,296.19,521.462,521.462,300.001,101.269,0.468506,0.0419868,0.0551396,0.0389795,-1.16798,-1.46934
60kt,sfc_rotor,8100.07,1087.51,9587.52,172.454,70.8031,26.6085,324.002,296.024,521.169,521.17,300.001,101.269,0.468256,0.0418713,0.0551538,0.0389725,-1.16859,-1.46947
60kt,sfc_rotor,8160.07,1082.58,9582.58,172.452,70.82,26.5893,324.002,295.858,520.877,520.877,300.001,101.269,0.468005,0.0417558,0.0551679,0.0389656,-1.16919,-1.4696
60kt,sfc_rotor,8220.07,1077.65,9577.65,172.45,70.8369,26.5701,324.002,295.692,520.585,520.586,300.001,101.269,0.467755,0.0416404,0.0551821,0.0389588,-1.1698,-1.46974
60kt,sfc_rotor,8280.07,1072.72,9572.73,172.448,70.8538,26.5509,324.002,295.527,520.294,520.294,300.001,101.269,0.467505,0.0415251,0.0551962,0.0389521,-1.17041,-1.46987
60kt,sfc_rotor,8340.07,1067.8,9567.8,172.446,70.8707,26.5317,324.002,295.361,520.003,520.003,300.001,101.269,0.467255,0.0414099,0.0552103,0.0389455,-1.17102,-1.47001
60kt,sfc_rotor,8400.07,1062.88,9562.88,172.445,70.8876,26.5126,324.002,295.196,519.712,519.712,300.001,101.269,0.467005,0.0412947,0.0552245,0.038939,-1.17163,-1.47014
60kt,sfc_rotor,8460.07,1057.96,9557.96,172.443,70.9045,26.4934,324.002,295.031,519.421,519.421,300.001,101.269,0.466756,0.0411797,0.0552386,0.0389326,-1.17223,-1.47028
60kt,sfc_rotor,8520.07,1053.04,9553.05,172.441,70.9214,26.4743,324.002,294.866,519.131,519.131,300.001,101.269,0.466506,0.0410647,0.0552527,0.0389263,-1.17284,-1.47041
60kt,sfc_rotor,8580.07,1048.13,9548.13,172.439,70.9384,26.4553,324.002,294.702,518.841,518.841,300.001,101.269,0.466257,0.0409498,0.0552668,0.0389201,-1.17345,-1.47055
60kt,sfc_rotor,8640.07,1043.22,9543.22,172.437,70.9553,26.4362,324.002,294.537,518.551,518.552,300.001,101.269,0.466008,0.0408349,0.0552809,0.038914,-1.17406,-1.47069
60kt,sfc_rotor,8700.07,1038.31,9538.32,172.435,70.9723,26.4172,324.002,294.373,518.262,518.262,300.001,101.269,0.465758,0.0407202,0.055295,0.0389079,-1.17466,-1.47082
60kt,sfc_rotor,8760.07,1033.41,9533.41,172.434,70.9892,26.3981,324.002,294.209,517.973,517.973,300.001,101.269,0.46551,0.0406055,0.0553091,0.038902,-1.17527,-1.47096
60kt,sfc_rotor,8820.07,1028.5,9528.51,172.432,71.0062,26.3791,324.002,294.045,517.684,517.685,300.001,101.269,0.465261,0.0404909,0.0553232,0.0388962,-1.17588,-1.4711
60kt,sfc_rotor,8880.07,1023.6,9523.61,172.43,71.0232,26.3601,324.002,293.881,517.396,517.396,300.001,101.269,0.465012,0.0403763,0.0553373,0.0388905,-1.17649,-1.47124
60kt,sfc_rotor,8940.07,1018.71,9518.71,172.428,71.0402,26.3412,324.002,293.717,517.108,517.108,300.001,101.269,0.464764,0.0402619,0.0553513,0.0388849,-1.17709,-1.47137
60kt,sfc_rotor,9000.07,1013.81,9513.82,172.426,71.0572,26.3222,324.002,293.554,516.82,516.82,300.001,101.269,0.464515,0.0401475,0.0553654,0.0388793,-1.1777,-1.47151
60kt,sfc_rotor,9060.07,1008.92,9508.93,172.424,71.0742,26.3033,324.002,293.39,516.532,516.533,300.001,101.269,0.464267,0.0400332,0.0553795,0.0388739,-1.17831,-1.47165
60kt,sfc_rotor,9120.07,1004.03,9504.04,172.423,71.0912,26.2844,324.002,293.227,516.245,516.246,300.001,101.269,0.464019,0.0399189,0.0553935,0.0388686,-1.17892,-1.47179
60kt,sfc_rotor,9180.07,999.148,9499.15,172.421,71.1082,26.2655,324.002,293.064,515.958,515.959,300.001,101.269,0.463771,0.0398048,0.0554075,0.0388634,-1.17952,-1.47193
60kt,sfc_rotor,9240.07,994.265,9494.27,172.419,71.1252,26.2467,324.002,292.902,515.672,515.672,300.001,101.269,0.463523,0.0396907,0.0554216,0.0388582,-1.18013,-1.47207
60kt,sfc_rotor,9300.07,989.385,9489.39,172.417,71.1423,26.2278,324.002,292.739,515.386,515.386,300.001,101.269,0.463276,0.0395767,0.0554356,0.0388532,-1.18074,-1.47221
60kt,sfc_rotor,9360.07,984.507,9484.51,172.415,71.1593,26.209,324.002,292.577,515.1,515.1,300.001,101.269,0.463028,0.0394628,0.0554496,0.0388483,-1.18135,-1.47235
60kt,sfc_rotor,9420.07,979.632,9479.64,172.413,71.1764,26.1902,324.002,292.414,514.814,514.814,300.001,101.269,0.462781,0.0393489,0.0554636,0.0388434,-1.18195,-1.47249
60kt,sfc_rotor,9480.07,974.76,9474.77,172.412,71.1934,26.1714,324.002,292.252,514.529,514.529,300.001,101.269,0.462534,0.0392352,0.0554777,0.0388387,-1.18256,-1.47263
60kt,sfc_rotor,9540.07,969.891,9469.9,172.41,71.2105,26.1526,324.002,292.09,514.244,514.244,300.001,101.269,0.462287,0.0391215,0.0554917,0.038834,-1.18317,-1.47277
60kt,sfc_rotor,9600.07,965.024,9465.03,172.408,71.2276,26.1339,324.002,291.929,513.959,513.959,300.001,101.269,0.46204,0.0390078,0.0555057,0.0388295,-1.18377,-1.47292
60kt,sfc_rotor,9660,960.166,9460.17,172.406,71.2446,26.1152,324.002,291.767,513.675,513.675,300.001,101.269,0.461793,0.0388944,0.0555196,0.038825,-1.18438,-1.47306
60kt,sfc_rotor,9720,955.304,9455.31,172.404,71.2617,26.0965,324.002,291.606,513.391,513.391,300.001,101.269,0.461546,0.038781,0.0555336,0.0388206,-1.18499,-1.4732
60kt,sfc_rotor,9780,950.445,9450.45,172.402,71.2788,26.0778,324.002,291.445,513.107,513.107,300.001,101.269,0.4613,0.0386676,0.0555476,0.0388164,-1.1856,-1.47334
60kt,sfc_rotor,9840,945.589,9445.6,172.4,71.2959,26.0591,324.002,291.284,512.823,512.824,300.001,101.269,0.461054,0.0385542,0.0555616,0.0388122,-1.1862,-1.47349
60kt,sfc_rotor,9900,940.736,9440.74,172.399,71.3131,26.0405,324.002,291.123,512.54,512.54,300.001,101.269,0.460807,0.038441,0.0555755,0.0388081,-1.18681,-1.47363
60kt,sfc_rotor,9960,935.885,9435.89,172.397,71.3302,26.0218,324.002,290.962,512.257,512.257,300.001,101.269,0.460561,0.0383278,0.0555895,0.0388041,-1.18742,-1.47377
60kt,sfc_rotor,10020,931.037,9431.04,172.395,71.3473,26.0032,324.002,290.801,511.974,511.975,300.001,101.269,0.460315,0.0382147,0.0556034,0.0388003,-1.18802,-1.47392
60kt,sfc_rotor,10080,926.192,9426.2,172.393,71.3645,25.9846,324.002,290.641,511.692,511.692,300.001,101.269,0.46007,0.0381017,0.0556174,0.0387965,-1.18863,-1.47406
60kt,sfc_rotor,10140,921.349,9421.36,172.391,71.3816,25.9661,324.002,290.481,511.41,511.41,300.001,101.269,0.459824,0.0379887,0.0556313,0.0387928,-1.18924,-1.47421
60kt,sfc_rotor,10200,916.509,9416.52,172.389,71.3988,25.9475,324.002,290.321,511.128,511.129,300.001,101.269,0.459578,0.0378759,0.0556453,0.0387892,-1.18984,-1.47435
60kt,sfc_rotor,10260,911.672,9411.68,172.387,71.4159,25.929,324.002,290.161,510.847,510.847,300.001,101.269,0.459333,0.0377631,0.0556592,0.0387857,-1.19045,-1.4745
60kt,sfc_rotor,10320,906.837,9406.84,172.386,71.4331,25.9105,324.002,290.001,510.566,510.566,300.001,101.269,0.459088,0.0376504,0.0556731,0.0387822,-1.19106,-1.47464
60kt,sfc_rotor,10380,902.005,9402.01,172.384,71.4503,25.892,324.002,289.842,510.285,510.285,300.001,101.269,0.458843,0.0375377,0.055687,0.0387789,-1.19166,-1.47479
60kt,sfc_rotor,10440,897.176,9397.18,172.382,71.4675,25.8735,324.002,289.682,510.004,510.005,300.001,101.269,0.458598,0.0374251,0.0557009,0.0387757,-1.19227,-1.47494
60kt,sfc_rotor,10500,892.349,9392.36,172.38,71.4847,25.8551,324.002,289.523,509.724,509.725,300.001,101.269,0.458353,0.0373126,0.0557148,0.0387726,-1.19288,-1.47508
60kt,sfc_rotor,10560,887.525,9387.53,172.378,71.5019,25.8366,324.002,289.364,509.444,509.445,300.001,101.269,0.458108,0.0372002,0.0557287,0.0387695,-1.19348,-1.47523
60kt,sfc_rotor,10620,882.704,9382.71,172.376,71.5191,25.8182,324.002,289.205,509.165,509.165,300.001,101.269,0.457864,0.0370878,0.0557426,0.0387666,-1.19409,-1.47538
60kt,sfc_rotor,10680,877.885,9377.89,172.374,71.5363,25.7998,324.002,289.047,508.885,508.886,300.001,101.269,0.457619,0.0369756,0.0557565,0.0387637,-1.1947,-1.47553
60kt,sfc_rotor,10740,873.069,9373.07,172.373,71.5536,25.7814,324.002,288.888,508.606,508.606,300.001,101.269,0.457375,0.0368634,0.0557704,0.038761,-1.1953,-1.47567
60kt,sfc_rotor,10800,868.255,9368.26,172.371,71.5708,25.7631,324.002,288.73,508.327,508.328,300.001,101.269,0.457131,0.0367512,0.0557842,0.0387583,-1.19591,-1.47582
60kt,sfc_rotor,10860,863.444,9363.45,172.369,71.588,25.7447,324.002,288.572,508.049,508.049,300.001,101.269,0.456887,0.0366392,0.0557981,0.0387557,-1.19652,-1.47597
60kt,sfc_rotor,10920,858.636,9358.64,172.367,71.6053,25.7264,324.002,288.414,507.771,507.771,300.001,101.269,0.456643,0.0365272,0.055812,0.0387532,-1.19712,-1.47612
60kt,sfc_rotor,10980,853.831,9353.84,172.365,71.6226,25.7081,324.002,288.256,507.493,507.493,300.001,101.269,0.456399,0.0364153,0.0558258,0.0387508,-1.19773,-1.47627
60kt,sfc_rotor,11040,849.028,9349.03,172.363,71.6398,25.6898,324.002,288.098,507.215,507.216,300.001,101.269,0.456156,0.0363034,0.0558397,0.0387485,-1.19834,-1.47642
60kt,sfc_rotor,11100,844.227,9344.23,172.361,71.6571,25.6716,324.002,287.941,506.938,506.938,300.001,101.269,0.455912,0.0361917,0.0558535,0.0387463,-1.19894,-1.47657
60kt,sfc_rotor,11160,839.43,9339.44,172.36,71.6744,25.6533,324.002,287.783,506.661,506.661,300.001,101.269,0.455669,0.03608,0.0558673,0.0387442,-1.19955,-1.47672
60kt,sfc_rotor,11220,834.635,9334.64,172.358,71.6917,25.6351,324.002,287.626,506.384,506.385,300.001,101.269,0.455426,0.0359684,0.0558812,0.0387422,-1.20016,-1.47687
60kt,sfc_rotor,11280,829.842,9329.85,172.356,71.709,25.6169,324.002,287.469,506.108,506.108,300.001,101.269,0.455183,0.0358568,0.055895,0.0387403,-1.20076,-1.47702
60kt,sfc_rotor,11340,825.052,9325.06,172.354,71.7263,25.5987,324.002,287.312,505.832,505.832,300.001,101.269,0.45494,0.0357453,0.0559088,0.0387384,-1.20137,-1.47717
60kt,sfc_rotor,11400,820.265,9320.27,172.352,71.7437,25.5806,324.002,287.156,505.556,505.556,300.001,101.269,0.454697,0.0356339,0.0559226,0.0387367,-1.20198,-1.47733
60kt,sfc_rotor,11460,815.48,9315.49,172.35,71.761,25.5624,324.002,286.999,505.28,505.281,300.001,101.269,0.454454,0.0355226,0.0559364,0.038735,-1.20258,-1.47748
60kt,sfc_rotor,11520,810.698,9310.7,172.348,71.7783,25.5443,324.002,286.843,505.005,505.005,300.001,101.269,0.454212,0.0354114,0.0559502,0.0387335,-1.20319,-1.47763
60kt,sfc_rotor,11580,805.919,9305.92,172.346,71.7957,25.5262,324.002,286.687,504.73,504.73,300.001,101.269,0.45397,0.0353002,0.055964,0.038732,-1.2038,-1.47778
60kt,sfc_rotor,11640,801.142,9301.15,172.345,71.813,25.5081,324.002,286.531,504.455,504.456,300.001,101.269,0.453727,0.0351891,0.0559778,0.0387306,-1.2044,-1.47794
60kt,sfc_rotor,11700,796.368,9296.37,172.343,71.8304,25.49,324.002,286.375,504.181,504.181,300.001,101.269,0.453485,0.0350781,0.0559916,0.0387293,-1.20501,-1.47809
60kt,sfc_rotor,11760,791.596,9291.6,172.341,71.8478,25.4719,324.002,286.219,503.907,503.907,300.001,101.269,0.453243,0.0349671,0.0560054,0.0387281,-1.20562,-1.47824
60kt,sfc_rotor,11820,786.827,9286.83,172.339,71.8652,25.4539,324.002,286.064,503.633,503.633,300.001,101.269,0.453002,0.0348562,0.0560192,0.038727,-1.20622,-1.4784
60kt,sfc_rotor,11880,782.061,9282.07,172.337,71.8825,25.4359,324.002,285.908,503.359,503.36,300.001,101.269,0.45276,0.0347454,0.0560329,0.038726,-1.20683,-1.47855
60kt,sfc_rotor,11940,777.297,9277.3,172.335,71.8999,25.4179,324.002,285.753,503.086,503.087,300.001,101.269,0.452518,0.0346346,0.0560467,0.0387251,-1.20743,-1.47871
60kt,sfc_rotor,12000,772.536,9272.54,172.333,71.9173,25.3999,324.002,285.598,502.813,502.814,300.001,101.269,0.452277,0.034524,0.0560604,0.0387242,-1.20804,-1.47886
60kt,sfc_rotor,12060,767.777,9267.78,172.331,71.9348,25.382,324.002,285.443,502.541,502.541,300.001,101.269,0.452036,0.0344134,0.0560742,0.0387235,-1.20865,-1.47902
60kt,sfc_rotor,12120,763.021,9263.03,172.329,71.9522,25.364,324.002,285.288,502.268,502.269,300.001,101.269,0.451795,0.0343028,0.0560879,0.0387228,-1.20925,-1.47917
60kt,sfc_rotor,12180,758.267,9258.27,172.328,71.9696,25.3461,324.002,285.134,501.996,501.996,300.001,101.269,0.451554,0.0341924,0.0561017,0.0387222,-1.20986,-1.47933
60kt,sfc_rotor,12240,753.516,9253.52,172.326,71.9871,25.3282,324.002,284.979,501.724,501.725,300.001,101.269,0.451313,0.034082,0.0561154,0.0387217,-1.21047,-1.47949
60kt,sfc_rotor,12300,748.768,9248.77,172.324,72.0045,25.3103,324.002,284.825,501.453,501.453,300.001,101.269,0.451072,0.0339717,0.0561291,0.0387214,-1.21107,-1.47964
60kt,sfc_rotor,12360,744.022,9244.03,172.322,72.022,25.2924,324.002,284.671,501.182,501.182,300.001,101.269,0.450832,0.0338615,0.0561428,0.038721,-1.21168,-1.4798
60kt,sfc_rotor,12420,739.279,9239.28,172.32,72.0394,25.2746,324.002,284.517,500.911,500.911,300.001,101.269,0.450591,0.0337513,0.0561566,0.0387208,-1.21229,-1.47996
60kt,sfc_rotor,12480,734.538,9234.54,172.318,72.0569,25.2568,324.002,284.363,500.64,500.64,300.001,101.269,0.450351,0.0336412,0.0561703,0.0387207,-1.21289,-1.48011
60kt,sfc_rotor,12540,729.8,9229.81,172.316,72.0744,25.2389,324.002,284.21,500.37,500.37,300.001,101.269,0.450111,0.0335312,0.056184,0.0387207,-1.2135,-1.48027
60kt,sfc_rotor,12600,725.065,9225.07,172.314,72.0919,25.2211,324.002,284.056,500.099,500.1,300.001,101.269,0.449871,0.0334212,0.0561977,0.0387207,-1.2141,-1.48043
60kt,sfc_rotor,12660,720.332,9220.34,172.312,72.1094,25.2034,324.002,283.903,499.83,499.83,300.001,101.269,0.449631,0.0333113,0.0562114,0.0387209,-1.21471,-1.48059
60kt,sfc_rotor,12720,715.601,9215.61,172.311,72.1269,25.1856,324.002,283.75,499.56,499.56,300.001,101.269,0.449391,0.0332015,0.056225,0.0387211,-1.21532,-1.48075
60kt,sfc_rotor,12780,710.873,9210.88,172.309,72.1444,25.1679,324.002,283.597,499.291,499.291,300.001,101.269,0.449151,0.0330918,0.0562387,0.0387214,-1.21592,-1.48091
60kt,sfc_rotor,12840,706.148,9206.15,172.307,72.1619,25.1502,324.002,283.444,499.022,499.022,300.001,101.269,0.448912,0.0329821,0.0562524,0.0387218,-1.21653,-1.48107
60kt,sfc_rotor,12900,701.425,9201.43,172.305,72.1795,25.1325,324.002,283.292,498.753,498.753,300.001,101.269,0.448673,0.0328725,0.0562661,0.0387223,-1.21714,-1.48123
60kt,sfc_rotor,12960,696.705,9196.71,172.303,72.197,25.1148,324.002,283.139,498.485,498.485,300.001,101.269,0.448433,0.032763,0.0562797,0.0387229,-1.21774,-1.48139
60kt,sfc_rotor,13020,691.987,9191.99,172.301,72.2146,25.0971,324.002,282.987,498.217,498.217,300.001,101.269,0.448194,0.0326535,0.0562934,0.0387235,-1.21835,-1.48155
60kt,sfc_rotor,13080,687.272,9187.28,172.299,72.2321,25.0795,324.002,282.835,497.949,497.949,300.001,101.269,0.447955,0.0325442,0.0563071,0.0387243,-1.21895,-1.48171
60kt,sfc_rotor,13140,682.559,9182.57,172.297,72.2497,25.0618,324.002,282.683,497.681,497.682,300.001,101.269,0.447716,0.0324348,0.0563207,0.0387251,-1.21956,-1.48187
60kt,sfc_rotor,13200,677.849,9177.86,172.295,72.2673,25.0442,324.002,282.531,497.414,497.414,300.001,101.269,0.447478,0.0323256,0.0563344,0.038726,-1.22017,-1.48203
60kt,sfc_rotor,13260,673.142,9173.15,172.294,72.2849,25.0266,324.002,282.379,497.147,497.147,300.001,101.269,0.447239,0.0322164,0.056348,0.038727,-1.22077,-1.4822
60kt,sfc_rotor,13320,668.437,9168.44,172.292,72.3024,25.0091,324.002,282.228,496.88,496.88,300.001,101.269,0.447001,0.0321073,0.0563616,0.0387281,-1.22138,-1.48236
60kt,sfc_rotor,13380,663.734,9163.74,172.29,72.32,24.9915,324.002,282.077,496.614,496.614,300.001,101.269,0.446762,0.0319983,0.0563753,0.0387293,-1.22199,-1.48252
60kt,sfc_rotor,13440,659.034,9159.04,172.288,72.3377,24.974,324.002,281.925,496.347,496.348,300.001,101.269,0.446524,0.0318893,0.0563889,0.0387306,-1.22259,-1.48268
60kt,sfc_rotor,13500,654.337,9154.34,172.286,72.3553,24.9564,324.002,281.774,496.082,496.082,300.001,101.269,0.446286,0.0317805,0.0564025,0.038732,-1.2232,-1.48285
60kt,sfc_rotor,13560,649.642,9149.65,172.284,72.3729,24.9389,324.002,281.623,495.816,495.816,300.001,101.269,0.446048,0.0316716,0.0564161,0.0387334,-1.2238,-1.48301
60kt,sfc_rotor,13620,644.949,9144.95,172.282,72.3905,24.9215,324.002,281.473,495.551,495.551,300.001,101.269,0.445811,0.0315629,0.0564297,0.0387349,-1.22441,-1.48318
60kt,sfc_rotor,13680,640.259,9140.27,172.28,72.4082,24.904,324.002,281.322,495.286,495.286,300.001,101.269,0.445573,0.0314542,0.0564433,0.0387365,-1.22502,-1.48334
60kt,sfc_rotor,13740,635.572,9135.58,172.278,72.4258,24.8865,324.002,281.172,495.021,495.021,300.001,101.269,0.445335,0.0313456,0.0564569,0.0387382,-1.22562,-1.48351
60kt,sfc_rotor,13800,630.887,9130.89,172.276,72.4435,24.8691,324.002,281.022,494.756,494.757,300.001,101.269,0.445098,0.0312371,0.0564705,0.03874,-1.22623,-1.48367
60kt,sfc_rotor,13860,626.204,9126.21,172.274,72.4612,24.8517,324.002,280.871,494.492,494.492,300.001,101.269,0.444861,0.0311286,0.0564841,0.0387419,-1.22684,-1.48384
60kt,sfc_rotor,13920,621.524,9121.53,172.273,72.4789,24.8343,324.002,280.722,494.228,494.228,300.001,101.269,0.444624,0.0310202,0.0564977,0.0387439,-1.22744,-1.484
60kt,sfc_rotor,13980,616.847,9116.85,172.271,72.4966,24.8169,324.002,280.572,493.964,493.965,300.001,101.269,0.444387,0.0309119,0.0565113,0.0387459,-1.22805,-1.48417
60kt,sfc_rotor,14040,612.172,9112.18,172.269,72.5143,24.7996,324.002,280.422,493.701,493.701,300.001,101.269,0.44415,0.0308036,0.0565248,0.038748,-1.22865,-1.48433
60kt,sfc_rotor,14100,607.5,9107.51,172.267,72.532,24.7822,324.002,280.273,493.438,493.438,300.001,101.269,0.443913,0.0306954,0.0565384,0.0387502,-1.22926,-1.4845
60kt,sfc_rotor,14160,602.83,9102.84,172.265,72.5497,24.7649,324.002,280.123,493.175,493.175,300.001,101.269,0.443677,0.0305873,0.056552,0.0387525,-1.22987,-1.48467
60kt,sfc_rotor,14220,598.162,9098.17,172.263,72.5674,24.7476,324.002,279.974,492.912,492.913,300.001,101.269,0.44344,0.0304793,0.0565655,0.0387549,-1.23047,-1.48484
60kt,sfc_rotor,14280,593.497,9093.5,172.261,72.5851,24.7303,324.002,279.825,492.65,492.65,300.001,101.269,0.443204,0.0303713,0.0565791,0.0387574,-1.23108,-1.485
60kt,sfc_rotor,14340,588.835,9088.84,172.259,72.6029,24.713,324.002,279.676,492.388,492.388,300.001,101.269,0.442968,0.0302634,0.0565926,0.0387599,-1.23169,-1.48517
60kt,sfc_rotor,14400,584.175,9084.18,172.257,72.6206,24.6958,324.002,279.528,492.126,492.127,300.001,101.269,0.442732,0.0301555,0.0566062,0.0387626,-1.23229,-1.48534
60kt,sfc_rotor,14460,579.517,9079.52,172.255,72.6384,24.6786,324.002,279.379,491.865,491.865,300.001,101.269,0.442496,0.0300478,0.0566197,0.0387653,-1.2329,-1.48551
60kt,sfc_rotor,14520,574.862,9074.87,172.253,72.6562,24.6613,324.002,279.231,491.603,491.604,300.001,101.269,0.44226,0.0299401,0.0566332,0.0387681,-1.2335,-1.48568
60kt,sfc_rotor,14580,570.209,9070.22,172.251,72.6739,24.6441,324.002,279.083,491.342,491.343,300.001,101.269,0.442024,0.0298324,0.0566468,0.038771,-1.23411,-1.48585
60kt,sfc_rotor,14640,565.559,9065.56,172.25,72.6917,24.627,324.002,278.934,491.082,491.082,300.001,101.269,0.441789,0.0297249,0.0566603,0.0387739,-1.23472,-1.48602
60kt,sfc_rotor,14700,560.911,9060.92,172.248,72.7095,24.6098,324.002,278.787,490.821,490.822,300.001,101.269,0.441553,0.0296174,0.0566738,0.038777,-1.23532,-1.48619
60kt,sfc_rotor,14760,556.266,9056.27,172.246,72.7273,24.5927,324.002,278.639,490.561,490.562,300.001,101.269,0.441318,0.0295099,0.0566873,0.0387801,-1.23593,-1.48636
60kt,sfc_rotor,14820,551.624,9051.63,172.244,72.7451,24.5755,324.002,278.491,490.301,490.302,300.001,101.269,0.441083,0.0294026,0.0567008,0.0387834,-1.23654,-1.48653
60kt,sfc_rotor,14880,546.983,9046.99,172.242,72.7629,24.5584,324.002,278.344,490.042,490.042,300.001,101.269,0.440848,0.0292953,0.0567143,0.0387867,-1.23714,-1.4867
60kt,sfc_rotor,14940,542.345,9042.35,172.24,72.7808,24.5413,324.002,278.196,489.782,489.783,300.001,101.269,0.440613,0.0291881,0.0567278,0.03879,-1.23775,-1.48687
60kt,sfc_rotor,15000,537.71,9037.72,172.238,72.7986,24.5243,324.002,278.049,489.523,489.524,300.001,101.269,0.440378,0.0290809,0.0567413,0.0387935,-1.23836,-1.48705
60kt,sfc_rotor,15060,533.077,9033.08,172.236,72.8165,24.5072,324.002,277.902,489.265,489.265,300.001,101.269,0.440143,0.0289738,0.0567548,0.0387971,-1.23896,-1.48722
60kt,sfc_rotor,15120,528.447,9028.45,172.234,72.8343,24.4902,324.002,277.755,489.006,489.006,300.001,101.269,0.439909,0.0288668,0.0567683,0.0388007,-1.23957,-1.48739
60kt,sfc_rotor,15180,523.819,9023.82,172.232,72.8522,24.4731,324.002,277.609,488.748,488.748,300.001,101.269,0.439675,0.0287599,0.0567818,0.0388044,-1.24017,-1.48756
60kt,sfc_rotor,15240,519.193,9019.2,172.23,72.8701,24.4561,324.002,277.462,488.49,488.49,300.001,101.269,0.43944,0.028653,0.0567953,0.0388082,-1.24078,-1.48774
60kt,sfc_rotor,15300,514.57,9014.58,172.228,72.8879,24.4391,324.002,277.316,488.232,488.232,300.001,101.269,0.439206,0.0285462,0.0568087,0.0388121,-1.24139,-1.48791
60kt,sfc_rotor,15360,509.949,9009.95,172.226,72.9058,24.4222,324.002,277.17,487.975,487.975,300.001,101.269,0.438972,0.0284394,0.0568222,0.038816,-1.24199,-1.48808
60kt,sfc_rotor,15420,505.331,9005.34,172.224,72.9237,24.4052,324.002,277.023,487.717,487.718,300.001,101.269,0.438738,0.0283328,0.0568357,0.0388201,-1.2426,-1.48826
60kt,sfc_rotor,15480,500.715,9000.72,172.223,72.9416,24.3883,324.002,276.878,487.46,487.461,300.001,101.269,0.438505,0.0282262,0.0568491,0.0388242,-1.24321,-1.48843
60kt,sfc_rotor,15540,496.102,8996.11,172.221,72.9596,24.3714,324.002,276.732,487.204,487.204,300.001,101.269,0.438271,0.0281196,0.0568626,0.0388284,-1.24381,-1.48861
60kt,sfc_rotor,15600,491.491,8991.5,172.219,72.9775,24.3545,324.002,276.586,486.947,486.948,300.001,101.269,0.438038,0.0280132,0.056876,0.0388327,-1.24442,-1.48878
60kt,sfc_rotor,15660,486.882,8986.89,172.217,72.9954,24.3376,324.002,276.441,486.691,486.692,300.001,101.269,0.437804,0.0279068,0.0568895,0.0388371,-1.24503,-1.48896
60kt,sfc_rotor,15720,482.276,8982.28,172.215,73.0134,24.3207,324.002,276.295,486.435,486.436,300.001,101.269,0.437571,0.0278004,0.0569029,0.0388415,-1.24563,-1.48914
60kt,sfc_rotor,15780,477.672,8977.68,172.213,73.0313,24.3039,324.002,276.15,486.18,486.18,300.001,101.269,0.437338,0.0276942,0.0569163,0.0388461,-1.24624,-1.48931
60kt,sfc_rotor,15840,473.071,8973.08,172.211,73.0493,24.287,324.002,276.005,485.924,485.925,300.001,101.269,0.437105,0.027588,0.0569298,0.0388507,-1.24685,-1.48949
60kt,sfc_rotor,15900,468.472,8968.48,172.209,73.0673,24.2702,324.002,275.86,485.669,485.67,300.001,101.269,0.436872,0.0274818,0.0569432,0.0388554,-1.24745,-1.48967
60kt,sfc_rotor,15960,463.876,8963.88,172.207,73.0852,24.2534,324.002,275.715,485.414,485.415,300.001,101.269,0.436639,0.0273758,0.0569566,0.0388601,-1.24806,-1.48984
60kt,sfc_rotor,16020,459.281,8959.29,172.205,73.1032,24.2366,324.002,275.571,485.16,485.16,300.001,101.269,0.436407,0.0272698,0.05697,0.038865,-1.24867,-1.49002
60kt,sfc_rotor,16080,454.69,8954.7,172.203,73.1212,24.2199,324.002,275.426,484.906,484.906,300.001,101.269,0.436174,0.0271638,0.0569835,0.0388699,-1.24927,-1.4902
60kt,sfc_rotor,16140,450.101,8950.11,172.201,73.1392,24.2031,324.002,275.282,484.652,484.652,300.001,101.269,0.435942,0.027058,0.0569969,0.0388749,-1.24988,-1.49038
60kt,sfc_rotor,16200,445.514,8945.52,172.199,73.1573,24.1864,324.002,275.138,484.398,484.398,300.001,101.269,0.43571,0.0269522,0.0570103,0.03888,-1.25049,-1.49056
60kt,sfc_rotor,16260,440.929,8940.94,172.197,73.1753,24.1697,324.002,274.994,484.144,484.145,300.001,101.269,0.435478,0.0268465,0.0570237,0.0388852,-1.25109,-1.49074
60kt,sfc_rotor,16320,436.347,8936.35,172.195,73.1933,24.153,324.002,274.85,483.891,483.891,300.001,101.269,0.435246,0.0267408,0.0570371,0.0388905,-1.2517,-1.49091
60kt,sfc_rotor,16380,431.768,8931.77,172.193,73.2114,24.1363,324.002,274.706,483.638,483.638,300.001,101.269,0.435014,0.0266352,0.0570505,0.0388958,-1.25231,-1.49109
60kt,sfc_rotor,16440,427.19,8927.2,172.191,73.2294,24.1196,324.002,274.563,483.385,483.386,300.001,101.269,0.434782,0.0265297,0.0570638,0.0389012,-1.25291,-1.49127
60kt,sfc_rotor,16500,422.616,8922.62,172.189,73.2475,24.103,324.002,274.42,483.133,483.133,300.001,101.269,0.434551,0.0264242,0.0570772,0.0389067,-1.25352,-1.49146
60kt,sfc_rotor,16560,418.043,8918.05,172.188,73.2656,24.0864,324.002,274.276,482.881,482.881,300.001,101.269,0.434319,0.0263188,0.0570906,0.0389123,-1.25413,-1.49164
60kt,sfc_rotor,16620,413.473,8913.48,172.186,73.2836,24.0698,324.002,274.133,482.629,482.629,300.001,101.269,0.434088,0.0262135,0.057104,0.0389179,-1.25473,-1.49182
60kt,sfc_rotor,16680,408.905,8908.91,172.184,73.3017,24.0532,324.002,273.99,482.377,482.377,300.001,101.269,0.433857,0.0261083,0.0571173,0.0389236,-1.25534,-1.492
60kt,sfc_rotor,16740,404.34,8904.35,172.182,73.3198,24.0366,324.002,273.847,482.126,482.126,300.001,101.269,0.433626,0.0260031,0.0571307,0.0389295,-1.25595,-1.49218
60kt,sfc_rotor,16800,399.777,8899.78,172.18,73.3379,24.02,324.002,273.705,481.875,481.875,300.001,101.269,0.433395,0.0258979,0.0571441,0.0389353,-1.25655,-1.49236
60kt,sfc_rotor,16860,395.217,8895.22,172.178,73.3561,24.0035,324.002,273.562,481.624,481.624,300.001,101.269,0.433164,0.0257929,0.0571574,0.0389413,-1.25716,-1.49255
60kt,sfc_rotor,16920,390.658,8890.66,172.176,73.3742,23.987,324.002,273.42,481.373,481.373,300.001,101.269,0.432933,0.0256879,0.0571708,0.0389473,-1.25777,-1.49273
60kt,sfc_rotor,16980,386.103,8886.11,172.174,73.3923,23.9705,324.002,273.278,481.123,481.123,300.001,101.269,0.432703,0.025583,0.0571841,0.0389535,-1.25837,-1.49291
60kt,sfc_rotor,17040,381.549,8881.55,172.172,73.4105,23.954,324.002,273.136,480.872,480.873,300.001,101.269,0.432472,0.0254781,0.0571975,0.0389597,-1.25898,-1.4931
60kt,sfc_rotor,17100,376.998,8877,172.17,73.4286,23.9375,324.002,272.994,480.623,480.623,300.001,101.269,0.432242,0.0253733,0.0572108,0.038966,-1.25959,-1.49328
60kt,sfc_rotor,17160,372.449,8872.45,172.168,73.4468,23.921,324.002,272.852,480.373,480.373,300.001,101.269,0.432012,0.0252686,0.0572242,0.0389723,-1.2602,-1.49346
60kt,sfc_rotor,17220,367.903,8867.91,172.166,73.465,23.9046,324.002,272.71,480.124,480.124,300.001,101.269,0.431782,0.0251639,0.0572375,0.0389787,-1.2608,-1.49365
60kt,sfc_rotor,17280,363.359,8863.36,172.164,73.4831,23.8882,324.002,272.569,479.874,479.875,300.001,101.269,0.431552,0.0250593,0.0572508,0.0389853,-1.26141,-1.49383
60kt,sfc_rotor,17340,358.817,8858.82,172.162,73.5013,23.8717,324.002,272.427,479.626,479.626,300.001,101.269,0.431322,0.0249548,0.0572641,0.0389918,-1.26202,-1.49402
60kt,sfc_rotor,17400,354.278,8854.28,172.16,73.5195,23.8554,324.002,272.286,479.377,479.377,300.001,101.269,0.431092,0.0248503,0.0572775,0.0389985,-1.26262,-1.4942
60kt,sfc_rotor,17460,349.741,8849.75,172.158,73.5377,23.839,324.002,272.145,479.129,479.129,300.001,101.269,0.430863,0.0247459,0.0572908,0.0390053,-1.26323,-1.49439
60kt,sfc_rotor,17520,345.207,8845.21,172.156,73.556,23.8226,324.002,272.004,478.881,478.881,300.001,101.269,0.430633,0.0246416,0.0573041,0.0390121,-1.26384,-1.49458
60kt,sfc_rotor,17580,340.674,8840.68,172.154,73.5742,23.8063,324.002,271.863,478.633,478.633,300.001,101.269,0.430404,0.0245373,0.0573174,0.039019,-1.26444,-1.49476
60kt,sfc_rotor,17640,336.144,8836.15,172.152,73.5924,23.79,324.002,271.723,478.385,478.386,300.001,101.269,0.430175,0.0244331,0.0573307,0.039026,-1.26505,-1.49495
60kt,sfc_rotor,17700,331.617,8831.62,172.15,73.6107,23.7736,324.002,271.582,478.138,478.138,300.001,101.269,0.429946,0.024329,0.057344,0.039033,-1.26566,-1.49514
60kt,sfc_rotor,17760,327.092,8827.1,172.148,73.6289,23.7574,324.002,271.442,477.891,477.891,300.001,101.269,0.429717,0.0242249,0.0573573,0.0390401,-1.26627,-1.49533
60kt,sfc_rotor,17820,322.569,8822.57,172.146,73.6472,23.7411,324.002,271.302,477.644,477.644,300.001,101.269,0.429488,0.0241209,0.0573706,0.0390473,-1.26687,-1.49551
60kt,sfc_rotor,17880,318.048,8818.05,172.144,73.6655,23.7248,324.002,271.162,477.397,477.398,300.001,101.269,0.429259,0.024017,0.0573839,0.0390546,-1.26748,-1.4957
60kt,sfc_rotor,17940,313.53,8813.54,172.142,73.6837,23.7086,324.002,271.022,477.151,477.151,300.001,101.269,0.429031,0.0239131,0.0573972,0.039062,-1.26809,-1.49589
60kt,sfc_rotor,18000,309.014,8809.02,172.14,73.702,23.6923,324.002,270.882,476.905,476.905,300.001,101.269,0.428802,0.0238093,0.0574105,0.0390694,-1.2687,-1.49608
60kt,sfc_rotor,18060,304.501,8804.51,172.138,73.7203,23.6761,324.002,270.742,476.659,476.66,300.001,101.269,0.428574,0.0237055,0.0574237,0.0390769,-1.2693,-1.49627
60kt,sfc_rotor,18120,299.989,8800,172.136,73.7387,23.6599,324.002,270.603,476.414,476.414,300.001,101.269,0.428346,0.0236019,0.057437,0.0390845,-1.26991,-1.49646
60kt,sfc_rotor,18180,295.481,8795.49,172.134,73.757,23.6438,324.002,270.464,476.168,476.169,300.001,101.269,0.428118,0.0234982,0.0574503,0.0390922,-1.27052,-1.49665
60kt,sfc_rotor,18240,290.974,8790.98,172.132,73.7753,23.6276,324.002,270.324,475.923,475.924,300.001,101.269,0.42789,0.0233947,0.0574635,0.0390999,-1.27113,-1.49684
60kt,sfc_rotor,18300,286.47,8786.48,172.13,73.7936,23.6115,324.002,270.185,475.679,475.679,300.001,101.269,0.427662,0.0232912,0.0574768,0.0391077,-1.27173,-1.49703
60kt,sfc_rotor,18360,281.968,8781.97,172.128,73.812,23.5953,324.002,270.046,475.434,475.434,300.001,101.269,0.427434,0.0231878,0.0574901,0.0391156,-1.27234,-1.49722
60kt,sfc_rotor,18420,277.468,8777.47,172.126,73.8304,23.5792,324.002,269.908,475.19,475.19,300.001,101.269,0.427207,0.0230844,0.0575033,0.0391236,-1.27295,-1.49741
60kt,sfc_rotor,18480,272.971,8772.98,172.124,73.8487,23.5631,324.002,269.769,474.946,474.946,300.001,101.269,0.426979,0.0229811,0.0575166,0.0391316,-1.27356,-1.49761
60kt,sfc_rotor,18540,268.476,8768.48,172.122,73.8671,23.547,324.002,269.631,474.702,474.702,300.001,101.269,0.426752,0.0228779,0.0575298,0.0391398,-1.27416,-1.4978
60kt,sfc_rotor,18600,263.983,8763.99,172.12,73.8855,23.531,324.002,269.492,474.458,474.459,300.001,101.269,0.426525,0.0227748,0.0575431,0.0391479,-1.27477,-1.49799
60kt,sfc_rotor,18660,259.493,8759.5,172.118,73.9039,23.5149,324.002,269.354,474.215,474.215,300.001,101.269,0.426298,0.0226717,0.0575563,0.0391562,-1.27538,-1.49818
60kt,sfc_rotor,18720,255.005,8755.01,172.117,73.9223,23.4989,324.002,269.216,473.972,473.972,300.001,101.269,0.426071,0.0225686,0.0575695,0.0391646,-1.27599,-1.49838
60kt,sfc_rotor,18780,250.519,8750.52,172.115,73.9407,23.4829,324.002,269.078,473.729,473.729,300.001,101.269,0.425844,0.0224657,0.0575828,0.039173,-1.2766,-1.49857
60kt,sfc_rotor,18840,246.035,8746.04,172.113,73.9591,23.4669,324.002,268.94,473.487,473.487,300.001,101.269,0.425617,0.0223628,0.057596,0.0391815,-1.2772,-1.49876
60kt,sfc_rotor,18900,241.554,8741.56,172.111,73.9776,23.4509,324.002,268.803,473.244,473.244,300.001,101.269,0.425391,0.0222599,0.0576092,0.03919,-1.27781,-1.49896
60kt,sfc_rotor,18960,237.075,8737.08,172.109,73.996,23.4349,324.002,268.665,473.002,473.002,300.001,101.269,0.425164,0.0221571,0.0576225,0.0391987,-1.27842,-1.49915
60kt,sfc_rotor,19020,232.599,8732.6,172.107,74.0145,23.419,324.002,268.528,472.76,472.761,300.001,101.269,0.424938,0.0220544,0.0576357,0.0392074,-1.27903,-1.49935
60kt,sfc_rotor,19080,228.124,8728.13,172.105,74.0329,23.403,324.002,268.391,472.519,472.519,300.001,101.269,0.424711,0.0219518,0.0576489,0.0392162,-1.27964,-1.49954
60kt,sfc_rotor,19140,223.652,8723.66,172.103,74.0514,23.3871,324.002,268.254,472.277,472.278,300.001,101.269,0.424485,0.0218492,0.0576621,0.039225,-1.28024,-1.49974
60kt,sfc_rotor,19200,219.183,8719.19,172.101,74.0699,23.3712,324.002,268.117,472.036,472.037,300.001,101.269,0.424259,0.0217467,0.0576753,0.0392339,-1.28085,-1.49994
60kt,sfc_rotor,19260,214.715,8714.72,172.099,74.0884,23.3553,324.002,267.98,471.795,471.796,300.001,101.269,0.424033,0.0216442,0.0576885,0.039243,-1.28146,-1.50013
60kt,sfc_rotor,19320,210.25,8710.26,172.097,74.1069,23.3395,324.002,267.843,471.555,471.555,300.001,101.269,0.423808,0.0215418,0.0577017,0.039252,-1.28207,-1.50033
60kt,sfc_rotor,19380,205.787,8705.79,172.095,74.1254,23.3236,324.002,267.707,471.315,471.315,300.001,101.269,0.423582,0.0214395,0.0577149,0.0392612,-1.28268,-1.50053
60kt,sfc_rotor,19440,201.326,8701.33,172.093,74.1439,23.3078,324.002,267.57,471.074,471.075,300.001,101.269,0.423357,0.0213372,0.0577281,0.0392704,-1.28328,-1.50072
60kt,sfc_rotor,19500,196.868,8696.87,172.091,74.1624,23.292,324.002,267.434,470.835,470.835,300.001,101.269,0.423131,0.021235,0.0577413,0.0392797,-1.28389,-1.50092
60kt,sfc_rotor,19560,192.412,8692.42,172.089,74.181,23.2761,324.002,267.298,470.595,470.595,300.001,101.269,0.422906,0.0211329,0.0577545,0.0392891,-1.2845,-1.50112
60kt,sfc_rotor,19620,187.958,8687.96,172.087,74.1995,23.2604,324.002,267.162,470.356,470.356,300.001,101.269,0.422681,0.0210308,0.0577677,0.0392985,-1.28511,-1.50132
60kt,sfc_rotor,19680,183.507,8683.51,172.085,74.2181,23.2446,324.002,267.026,470.116,470.117,300.001,101.269,0.422456,0.0209288,0.0577809,0.0393081,-1.28572,-1.50152
60kt,sfc_rotor,19740,179.057,8679.06,172.083,74.2366,23.2288,324.002,266.89,469.878,469.878,300.001,101.269,0.422231,0.0208269,0.0577941,0.0393177,-1.28633,-1.50172
60kt,sfc_rotor,19800,174.61,8674.62,172.081,74.2552,23.2131,324.002,266.755,469.639,469.639,300.001,101.269,0.422006,0.020725,0.0578072,0.0393273,-1.28694,-1.50192
60kt,sfc_rotor,19860,170.165,8670.17,172.079,74.2738,23.1974,324.002,266.619,469.401,469.401,300.001,101.269,0.421781,0.0206231,0.0578204,0.0393371,-1.28754,-1.50212
60kt,sfc_rotor,19920,165.723,8665.73,172.076,74.2924,23.1816,324.002,266.484,469.162,469.163,300.001,101.269,0.421557,0.0205214,0.0578336,0.0393469,-1.28815,-1.50232
60kt,sfc_rotor,19980,161.283,8661.29,172.074,74.311,23.1659,324.002,266.349,468.924,468.925,300.001,101.269,0.421332,0.0204197,0.0578467,0.0393567,-1.28876,-1.50252
60kt,sfc_rotor,20040,156.845,8656.85,172.072,74.3296,23.1503,324.002,266.214,468.687,468.687,300.001,101.269,0.421108,0.0203181,0.0578599,0.0393667,-1.28937,-1.50272
60kt,sfc_rotor,20100,152.409,8652.41,172.07,74.3482,23.1346,324.002,266.079,468.449,468.45,300.001,101.269,0.420884,0.0202165,0.0578731,0.0393767,-1.28998,-1.50292
60kt,sfc_rotor,20160,147.975,8647.98,172.068,74.3669,23.119,324.002,265.944,468.212,468.212,300.001,101.269,0.42066,0.020115,0.0578862,0.0393868,-1.29059,-1.50312
60kt,sfc_rotor,20220,143.544,8643.55,172.066,74.3855,23.1033,324.002,265.81,467.975,467.975,300.001,101.269,0.420436,0.0200135,0.0578994,0.039397,-1.2912,-1.50332
60kt,sfc_rotor,20280,139.115,8639.12,172.064,74.4042,23.0877,324.002,265.675,467.738,467.739,300.001,101.269,0.420212,0.0199122,0.0579125,0.0394072,-1.29181,-1.50353
60kt,sfc_rotor,20340,134.688,8634.69,172.062,74.4228,23.0721,324.002,265.541,467.502,467.502,300.001,101.269,0.419988,0.0198108,0.0579257,0.0394175,-1.29241,-1.50373
60kt,sfc_rotor,20400,130.264,8630.27,172.06,74.4415,23.0565,324.002,265.407,467.266,467.266,300.001,101.269,0.419765,0.0197096,0.0579388,0.0394279,-1.29302,-1.50393
60kt,sfc_rotor,20460,125.841,8625.85,172.058,74.4602,23.0409,324.002,265.273,467.03,467.03,300.001,101.269,0.419541,0.0196084,0.0579519,0.0394384,-1.29363,-1.50413
60kt,sfc_rotor,20520,121.421,8621.43,172.056,74.4789,23.0254,324.002,265.139,466.794,466.794,300.001,101.269,0.419318,0.0195073,0.0579651,0.0394489,-1.29424,-1.50434
60kt,sfc_rotor,20580,117.003,8617.01,172.054,74.4976,23.0099,324.002,265.005,466.558,466.559,300.001,101.269,0.419094,0.0194062,0.0579782,0.0394595,-1.29485,-1.50454
60kt,sfc_rotor,20640,112.588,8612.59,172.052,74.5163,22.9943,324.002,264.872,466.323,466.323,300.001,101.269,0.418871,0.0193052,0.0579914,0.0394702,-1.29546,-1.50475
60kt,sfc_rotor,20700,108.174,8608.18,172.05,74.535,22.9788,324.002,264.738,466.088,466.088,300.001,101.269,0.418648,0.0192042,0.0580045,0.0394809,-1.29607,-1.50495
60kt,sfc_rotor,20760,103.763,8603.77,172.048,74.5537,22.9633,324.002,264.605,465.853,465.854,300.001,101.269,0.418425,0.0191115,0.0580177,0.0394918,-1.29658,-1.50516
60kt,sfc_rotor,20820,99.354,8599.36,172.046,74.5725,22.9478,324.002,264.471,465.619,465.619,300.001,101.269,0.418203,0.0190245,0.0580308,0.0395028,-1.29705,-1.50536
60kt,sfc_rotor,20880,94.9472,8594.95,172.044,74.5912,22.9324,324.002,264.338,465.384,465.385,300.001,101.269,0.41798,0.0189376,0.058044,0.0395137,-1.29752,-1.50557
60kt,sfc_rotor,20940,90.5427,8590.55,172.042,74.61,22.9169,324.002,264.205,465.15,465.15,300.001,101.269,0.417757,0.0188507,0.0580571,0.0395248,-1.29798,-1.50577
60kt,sfc_rotor,21000,86.1404,8586.15,172.04,74.6288,22.9015,324.002,264.072,464.916,464.916,300.001,101.269,0.417535,0.0187639,0.0580702,0.0395359,-1.29845,-1.50598
60kt,sfc_rotor,21060,81.7403,8581.75,172.038,74.6476,22.8861,324.002,263.94,464.682,464.683,300.001,101.269,0.417312,0.0186771,0.0580833,0.0395471,-1.29891,-1.50619
60kt,sfc_rotor,21120,77.3424,8577.35,172.036,74.6663,22.8707,324.002,263.807,464.449,464.449,300.001,101.269,0.41709,0.0185903,0.0580964,0.0395583,-1.29938,-1.50639
60kt,sfc_rotor,21180,72.9467,8572.95,172.034,74.6851,22.8553,324.002,263.674,464.216,464.216,300.001,101.269,0.416868,0.0185036,0.0581095,0.0395697,-1.29984,-1.5066
60kt,sfc_rotor,21240,68.5533,8568.56,172.032,74.704,22.8399,324.002,263.542,463.983,463.983,300.001,101.269,0.416646,0.018417,0.0581226,0.0395811,-1.30031,-1.50681
60kt,sfc_rotor,21300,64.162,8564.17,172.03,74.7228,22.8245,324.002,263.41,463.75,463.75,300.001,101.269,0.416424,0.0183303,0.0581357,0.0395925,-1.30078,-1.50702
60kt,sfc_rotor,21360,59.7729,8559.78,172.028,74.7416,22.8092,324.002,263.278,463.517,463.518,300.001,101.269,0.416202,0.0182438,0.0581488,0.0396041,-1.30124,-1.50723
60kt,sfc_rotor,21420,55.3861,8555.39,172.026,74.7604,22.7939,324.002,263.146,463.285,463.285,300.001,101.269,0.41598,0.0181572,0.0581619,0.0396157,-1.30171,-1.50743
60kt,sfc_rotor,21480,51.0014,8551.01,172.024,74.7793,22.7785,324.002,263.014,463.053,463.053,300.001,101.269,0.415758,0.0180707,0.058175,0.0396273,-1.30218,-1.50764
60kt,sfc_rotor,21540,46.6189,8546.62,172.022,74.7982,22.7632,324.002,262.882,462.821,462.821,300.001,101.269,0.415537,0.0179843,0.0581881,0.0396391,-1.30264,-1.50785
60kt,sfc_rotor,21600,42.2386,8542.24,172.02,74.817,22.748,324.002,262.751,462.589,462.59,300.001,101.269,0.415316,0.0178979,0.0582012,0.0396509,-1.30311,-1.50806
60kt,sfc_rotor,21660,37.8606,8537.87,172.018,74.8359,22.7327,324.002,262.619,462.358,462.358,300.001,101.269,0.415094,0.0178115,0.0582143,0.0396628,-1.30358,-1.50827
60kt,sfc_rotor,21720,33.4847,8533.49,172.016,74.8548,22.7174,324.002,262.488,462.127,462.127,300.001,101.269,0.414873,0.0177252,0.0582274,0.0396747,-1.30405,-1.50848
60kt,sfc_rotor,21780,29.111,8529.12,172.014,74.8737,22.7022,324.002,262.357,461.896,461.896,300.001,101.269,0.414652,0.0176389,0.0582404,0.0396867,-1.30452,-1.5087
60kt,sfc_rotor,21840,24.7394,8524.74,172.012,74.8926,22.687,324.002,262.226,461.665,461.666,300.001,101.269,0.414431,0.0175527,0.0582535,0.0396988,-1.30498,-1.50891
60kt,sfc_rotor,21900,20.3701,8520.38,172.01,74.9115,22.6718,324.002,262.095,461.435,461.435,300.001,101.269,0.414211,0.0174665,0.0582666,0.039711,-1.30545,-1.50912
60kt,sfc_rotor,21960,16.0029,8516.01,172.008,74.9304,22.6566,324.002,261.964,461.205,461.205,300.001,101.269,0.41399,0.0173804,0.0582797,0.0397232,-1.30592,-1.50933
60kt,sfc_rotor,22020,11.6379,8511.64,172.005,74.9494,22.6414,324.002,261.834,460.975,460.975,300.001,101.269,0.413769,0.0172943,0.0582927,0.0397355,-1.30639,-1.50954
60kt,sfc_rotor,22080,7.27513,8507.28,172.003,74.9683,22.6262,324.002,261.703,460.745,460.745,300.001,101.269,0.413549,0.0172082,0.0583058,0.0397479,-1.30686,-1.50976
60kt,sfc_rotor,22140,2.9145,8502.92,172.001,74.9873,22.6111,324.002,261.573,460.515,460.516,300.001,101.269,0.413329,0.0171222,0.0583189,0.0397603,-1.30733,-1.50997
60kt,sfc_rotor,22180.1,0.00498252,8500.01,172,75,22.601,324.002,261.486,460.362,460.363,300.001,101.269,0.413182,0.0170648,0.0583276,0.0397686,-1.30764,-1.51011
hover,chart,0.075,1780,10280,172.693,68.5934,5.32142,323.122,495.382,556.222,211.309,300,0,0.706641,-0.222867,0.256908,0.412295,-1.11319e-14,-3.85562e-15
hover,chart,60,1766.56,10266.6,172.688,68.6334,57.7874,321.356,808.535,1320.32,1021.54,300.055,0.0401391,0.711947,-0.152107,0.20288,0.490605,-0.419752,-2.89363
hover,chart,120,1753.08,10253.1,172.684,68.6737,57.4856,323.155,808.733,1320.81,1022.21,300.023,0.00289805,0.704717,-0.150277,0.200569,0.484584,-0.357703,-2.83602
hover,chart,180.075,1739.58,10239.6,172.68,68.7141,57.3525,323.735,808.433,1320.07,1021.87,300.008,-1.594e-06,0.702122,-0.15004,0.20031,0.482949,-0.365589,-2.8792
hover,chart,240.075,1726.12,10226.1,172.675,68.7545,57.2278,323.923,807.572,1317.97,1020.44,300.005,-0.000973265,0.700715,-0.149994,0.200139,0.481846,-0.398357,-2.8803
hover,chart,300.075,1712.67,10212.7,172.671,68.795,57.1192,323.984,806.645,1315.71,1018.88,300.004,-0.00100058,0.699774,-0.149999,0.200172,0.481062,-0.361835,-2.89047
hover,chart,360.075,1699.23,10199.2,172.666,68.8356,57.012,324.004,805.668,1313.33,1017.22,300.003,0.00174188,0.698963,-0.150089,0.200028,0.480449,-0.399174,-2.87726
hover,chart,420.075,1685.81,10185.8,172.662,68.8762,56.9078,324.01,804.694,1310.95,1015.56,300.003,0.00148433,0.698207,-0.150081,0.199963,0.479844,-0.386214,-2.87644
hover,chart,480.075,1672.41,10172.4,172.658,68.9169,56.8051,324.012,803.724,1308.58,1013.92,300.003,-0.000947355,0.69747,-0.150058,0.199855,0.47928,-0.369525,-2.87271
hover,chart,540.075,1659.02,10159,172.653,68.9577,56.7013,324.012,802.748,1306.2,1012.25,300.003,-0.000744978,0.696735,-0.150017,0.199854,0.478691,-0.357612,-2.87692
hover,chart,600.075,1645.65,10145.7,172.649,68.9985,56.5977,324.013,801.77,1303.82,1010.59,300.003,-1.52778e-05,0.695999,-0.15004,0.199807,0.47811,-0.357461,-2.8766
hover,chart,660,1632.31,10132.3,172.644,69.0393,56.4944,324.013,800.795,1301.44,1008.93,300.003,2.31307e-06,0.695266,-0.150048,0.199757,0.477533,-0.35757,-2.87633
hover,chart,720,1618.97,10119,172.64,69.0802,56.3912,324.013,799.821,1299.06,1007.27,300.003,3.48178e-08,0.694532,-0.150055,0.199706,0.476956,-0.35765,-2.87605
hover,chart,780,1605.65,10105.7,172.636,69.1212,56.2882,324.013,798.849,1296.69,1005.61,300.003,7.97491e-09,0.693799,-0.150063,0.199656,0.476381,-0.357728,-2.87577
hover,chart,840,1592.34,10092.4,172.631,69.1622,56.1854,324.013,797.878,1294.32,1003.96,300.003,-2.30248e-09,0.693067,-0.15007,0.199605,0.475806,-0.357807,-2.87549
hover,chart,900,1579.05,10079.1,172.627,69.2033,56.0829,324.013,796.909,1291.96,1002.31,300.003,1.34503e-09,0.692336,-0.150078,0.199554,0.475234,-0.357885,-2.87521
hover,chart,960,1565.78,10065.8,172.622,69.2444,55.9805,324.013,795.943,1289.6,1000.67,300.003,5.2328e-09,0.691605,-0.150085,0.199504,0.474662,-0.357964,-2.87493
hover,chart,1020,1552.52,10052.5,172.618,69.2856,55.8783,324.013,794.978,1287.24,999.027,300.003,5.5925e-09,0.690876,-0.150092,0.199453,0.474092,-0.358042,-2.87466
hover,chart,1080,1539.28,10039.3,172.613,69.3269,55.7763,324.013,794.015,1284.89,997.388,300.003,2.23174e-09,0.690146,-0.1501,0.199402,0.473523,-0.358121,-2.87439
hover,chart,1140,1526.05,10026.1,172.609,69.3682,55.6744,324.013,793.053,1282.55,995.753,300.003,5.03563e-09,0.689418,-0.150107,0.199352,0.472955,-0.3582,-2.87411
hover,chart,1200,1512.84,10012.9,172.604,69.4096,55.5728,324.013,792.094,1280.21,994.121,300.003,2.62634e-09,0.68869,-0.150114,0.199301,0.472389,-0.358278,-2.87384
hover,chart,1260,1499.65,9999.67,172.6,69.451,55.4714,324.013,791.137,1277.87,992.492,300.003,-2.68046e-09,0.687964,-0.150122,0.19925,0.471823,-0.358357,-2.87357
hover,chart,1320,1486.47,9986.49,172.595,69.4925,55.3702,324.013,790.181,1275.54,990.866,300.003,1.21786e-09,0.687237,-0.150129,0.199199,0.471259,-0.358436,-2.87331
hover,chart,1380,1473.31,9973.33,172.591,69.5341,55.2692,324.012,789.227,1273.21,989.243,300.003,2.95959e-09,0.686512,-0.150137,0.199148,0.470697,-0.358515,-2.87304
hover,chart,1440,1460.17,9960.18,172.586,69.5757,55.1683,324.012,788.275,1270.89,987.624,300.003,-1.26586e-09,0.685787,-0.150144,0.199098,0.470135,-0.358594,-2.87277
hover,chart,1500,1447.04,9947.05,172.582,69.6174,55.0677,324.012,787.325,1268.57,986.008,300.003,4.8263e-09,0.685063,-0.150151,0.199047,0.469575,-0.358673,-2.87251
hover,chart,1560,1433.92,9933.94,172.577,69.6591,54.9672,324.012,786.376,1266.25,984.395,300.003,1.81579e-09,0.68434,-0.150159,0.198996,0.469016,-0.358751,-2.87225
hover,chart,1620,1420.82,9920.84,172.573,69.7009,54.867,324.012,785.43,1263.95,982.785,300.003,3.00187e-09,0.683617,-0.150166,0.198945,0.468458,-0.358831,-2.87199
hover,chart,1680,1407.74,9907.76,172.568,69.7428,54.7669,324.012,784.485,1261.64,981.178,300.003,-2.27202e-09,0.682895,-0.150174,0.198894,0.467902,-0.35891,-2.87173
hover,chart,1740,1394.67,9894.69,172.564,69.7847,54.667,324.012,783.542,1259.34,979.575,300.003,2.67285e-09,0.682174,-0.150181,0.198843,0.467346,-0.358989,-2.87147
hover,chart,1800,1381.62,9881.64,172.559,69.8267,54.5673,324.012,782.601,1257.04,977.975,300.003,-2.37135e-09,0.681454,-0.150188,0.198793,0.466792,-0.359068,-2.87121
hover,chart,1860,1368.59,9868.6,172.555,69.8687,54.4678,324.012,781.661,1254.75,976.378,300.003,-1.26463e-10,0.680734,-0.150196,0.198742,0.46624,-0.359147,-2.87095
hover,chart,1920,1355.57,9855.58,172.55,69.9108,54.3685,324.012,780.724,1252.46,974.784,300.003,-9.68138e-10,0.680015,-0.150203,0.198691,0.465688,-0.359226,-2.8707
hover,chart,1980,1342.56,9842.58,172.546,69.953,54.2694,324.012,779.788,1250.18,973.193,300.003,3.01906e-10,0.679297,-0.150211,0.19864,0.465138,-0.359306,-2.87044
hover,chart,2040,1329.57,9829.59,172.541,69.9952,54.1705,324.012,778.854,1247.9,971.605,300.003,1.09891e-10,0.678579,-0.150218,0.198589,0.464589,-0.359385,-2.87019
hover,chart,2100,1316.6,9816.62,172.536,70.0375,54.0717,324.012,777.921,1245.63,970.021,300.003,-6.32271e-09,0.677862,-0.150226,0.198538,0.464041,-0.359464,-2.86994
hover,chart,2160,1303.64,9803.66,172.532,70.0799,53.9732,324.012,776.991,1243.35,968.439,300.003,1.83251e-09,0.677146,-0.150233,0.198487,0.463494,-0.359544,-2.86969
hover,chart,2220,1290.7,9790.72,172.527,70.1223,53.8748,324.012,776.062,1241.09,966.861,300.003,-2.51259e-09,0.67643,-0.15024,0.198436,0.462949,-0.359623,-2.86944
hover,chart,2280,1277.77,9777.79,172.523,70.1647,53.7766,324.012,775.135,1238.83,965.286,300.003,1.00595e-09,0.675715,-0.150248,0.198385,0.462404,-0.359703,-2.86919
hover,chart,2340,1264.86,9764.88,172.518,70.2073,53.6786,324.012,774.21,1236.57,963.714,300.003,6.33621e-09,0.675001,-0.150255,0.198334,0.461861,-0.359782,-2.86895
hover,chart,2400,1251.97,9751.98,172.514,70.2498,53.5808,324.012,773.287,1234.32,962.145,300.003,4.78781e-09,0.674288,-0.150263,0.198283,0.46132,-0.359862,-2.8687
hover,chart,2460.07,1239.07,9739.09,172.509,70.2926,53.4831,324.012,772.364,1232.06,960.577,300.003,1.23945e-09,0.673574,-0.15027,0.198232,0.460778,-0.359941,-2.86846
hover,chart,2520.07,1226.21,9726.22,172.504,70.3353,53.3857,324.012,771.444,1229.82,959.014,300.003,2.29093e-09,0.672862,-0.150278,0.198181,0.460239,-0.360021,-2.86822
hover,chart,2580.07,1213.36,9713.37,172.5,70.378,53.2884,324.012,770.526,1227.58,957.454,300.003,-2.7077e-09,0.672151,-0.150285,0.19813,0.459701,-0.360101,-2.86798
hover,chart,2640.07,1200.52,9700.54,172.495,70.4209,53.1913,324.012,769.609,1225.34,955.897,300.003,-1.96385e-09,0.67144,-0.150293,0.198079,0.459164,-0.360181,-2.86774
hover,chart,2700.07,1187.7,9687.72,172.49,70.4638,53.0945,324.012,768.694,1223.11,954.343,300.003,7.04601e-10,0.67073,-0.1503,0.198027,0.458628,-0.36026,-2.8675
hover,chart,2760.07,1174.9,9674.91,172.486,70.5067,52.9978,324.012,767.781,1220.88,952.793,300.003,5.0945e-09,0.670021,-0.150308,0.197976,0.458093,-0.36034,-2.86727
hover,chart,2820.07,1162.11,9662.13,172.481,70.5498,52.9012,324.012,766.87,1218.66,951.245,300.003,5.41657e-10,0.669313,-0.150315,0.197925,0.45756,-0.36042,-2.86703
hover,chart,2880.07,1149.34,9649.35,172.476,70.5929,52.8049,324.012,765.961,1216.44,949.701,300.003,1.91102e-09,0.668605,-0.150323,0.197874,0.457027,-0.3605,-2.8668
hover,chart,2940.07,1136.58,9636.59,172.472,70.636,52.7088,324.012,765.053,1214.23,948.159,300.003,9.59645e-10,0.667898,-0.15033,0.197823,0.456496,-0.36058,-2.86657
hover,chart,3000.07,1123.83,9623.85,172.467,70.6792,52.6128,324.012,764.147,1212.01,946.62,300.003,-2.64137e-10,0.667191,-0.150338,0.197772,0.455966,-0.36066,-2.86633
hover,chart,3060.07,1111.11,9611.12,172.462,70.7225,52.517,324.012,763.242,1209.81,945.085,300.003,3.03377e-09,0.666485,-0.150345,0.197721,0.455438,-0.36074,-2.8661
hover,chart,3120.07,1098.39,9598.41,172.458,70.7658,52.4214,324.012,762.34,1207.61,943.552,300.003,1.15195e-09,0.66578,-0.150353,0.197669,0.45491,-0.36082,-2.86588
hover,chart,3180.07,1085.7,9585.71,172.453,70.8093,52.326,324.012,761.439,1205.41,942.023,300.003,6.85654e-10,0.665076,-0.15036,0.197618,0.454384,-0.3609,-2.86565
hover,chart,3240.07,1073.01,9573.03,172.448,70.8527,52.2307,324.012,760.54,1203.21,940.496,300.003,9.02033e-10,0.664372,-0.150368,0.197567,0.453859,-0.36098,-2.86542
hover,chart,3300.07,1060.34,9560.36,172.444,70.8963,52.1357,324.012,759.642,1201.02,938.973,300.003,3.45314e-09,0.663669,-0.150375,0.197516,0.453335,-0.36106,-2.8652
hover,chart,3360.07,1047.69,9547.71,172.439,70.9398,52.0408,324.012,758.746,1198.84,937.452,300.003,-3.67956e-09,0.662967,-0.150383,0.197464,0.452812,-0.361141,-2.86498
hover,chart,3420.07,1035.05,9535.07,172.434,70.9835,51.9461,324.012,757.852,1196.66,935.934,300.003,1.55424e-09,0.662265,-0.15039,0.197413,0.45229,-0.361221,-2.86476
hover,chart,3480.07,1022.43,9522.44,172.429,71.0272,51.8515,324.012,756.959,1194.48,934.42,300.003,1.25104e-10,0.661564,-0.150398,0.197362,0.451769,-0.361301,-2.86454
hover,chart,3540.07,1009.82,9509.84,172.425,71.071,51.7572,324.012,756.069,1192.3,932.908,300.003,5e-09,0.660863,-0.150405,0.197311,0.45125,-0.361381,-2.86432
hover,chart,3600.07,997.226,9497.24,172.42,71.1149,51.663,324.012,755.18,1190.13,931.399,300.003,2.75702e-09,0.660164,-0.150413,0.197259,0.450732,-0.361462,-2.8641
hover,chart,3660.07,984.648,9484.66,172.415,71.1588,51.569,324.012,754.292,1187.97,929.893,300.003,-2.92526e-10,0.659465,-0.15042,0.197208,0.450215,-0.361542,-2.86388
hover,chart,3720.07,972.083,9472.1,172.411,71.2028,51.4752,324.012,753.406,1185.81,928.39,300.003,-3.59636e-10,0.658766,-0.150428,0.197157,0.449699,-0.361623,-2.86367
hover,chart,3780.07,959.534,9459.55,172.406,71.2468,51.3816,324.012,752.522,1183.65,926.89,300.003,2.48037e-10,0.658069,-0.150435,0.197105,0.449184,-0.361703,-2.86346
hover,chart,3840.07,946.999,9447.01,172.401,71.2909,51.2881,324.012,751.64,1181.5,925.393,300.003,3.99806e-10,0.657372,-0.150443,0.197054,0.44867,-0.361784,-2.86325
hover,chart,3900.07,934.479,9434.49,172.396,71.3351,51.1948,324.012,750.759,1179.35,923.899,300.003,-3.11867e-09,0.656675,-0.150451,0.197003,0.448158,-0.361864,-2.86303
hover,chart,3960.07,921.974,9421.99,172.391,71.3794,51.1017,324.012,749.88,1177.2,922.408,300.003,7.00158e-09,0.655979,-0.150458,0.196951,0.447647,-0.361945,-2.86283
hover,chart,4020.07,909.483,9409.5,172.387,71.4237,51.0087,324.011,749.002,1175.06,920.919,300.003,5.09686e-09,0.655284,-0.150466,0.1969,0.447136,-0.362025,-2.86262
hover,chart,4080.07,897.007,9397.02,172.382,71.468,50.916,324.011,748.126,1172.92,919.434,300.003,-1.8348e-09,0.65459,-0.150473,0.196849,0.446627,-0.362106,-2.86241
hover,chart,4140.07,884.546,9384.56,172.377,71.5125,50.8234,324.011,747.252,1170.79,917.951,300.003,-1.58818e-09,0.653896,-0.150481,0.196797,0.446119,-0.362187,-2.86221
hover,chart,4200.07,872.099,9372.11,172.372,71.557,50.731,324.011,746.38,1168.66,916.471,300.003,2.02305e-09,0.653203,-0.150488,0.196746,0.445612,-0.362268,-2.862
hover,chart,4260.07,859.666,9359.68,172.367,71.6016,50.6387,324.011,745.509,1166.54,914.995,300.003,-9.49627e-10,0.652511,-0.150496,0.196694,0.445107,-0.362348,-2.8618
hover,chart,4320.07,847.248,9347.26,172.363,71.6462,50.5467,324.011,744.64,1164.42,913.521,300.003,1.34389e-09,0.651819,-0.150503,0.196643,0.444602,-0.362429,-2.8616
hover,chart,4380.07,834.845,9334.86,172.358,71.6909,50.4548,324.011,743.772,1162.3,912.049,300.003,1.00075e-09,0.651128,-0.150511,0.196591,0.444099,-0.36251,-2.8614
hover,chart,4440.07,822.456,9322.47,172.353,71.7357,50.363,324.011,742.906,1160.19,910.581,300.003,-1.94845e-09,0.650437,-0.150519,0.19654,0.443596,-0.362591,-2.86121
hover,chart,4500.07,810.081,9310.1,172.348,71.7805,50.2715,324.011,742.041,1158.08,909.116,300.003,-2.69857e-10,0.649748,-0.150526,0.196488,0.443095,-0.362672,-2.86101
hover,chart,4560.07,797.721,9297.74,172.343,71.8254,50.1801,324.011,741.179,1155.97,907.653,300.003,4.23647e-09,0.649059,-0.150534,0.196437,0.442595,-0.362753,-2.86081
hover,chart,4620.07,785.375,9285.39,172.338,71.8704,50.0889,324.011,740.318,1153.87,906.193,300.003,2.60405e-09,0.64837,-0.150541,0.196385,0.442096,-0.362834,-2.86062
hover,chart,4680.07,773.044,9273.06,172.333,71.9155,49.9978,324.011,739.458,1151.77,904.736,300.003,6.01189e-10,0.647682,-0.150549,0.196334,0.441598,-0.362915,-2.86043
hover,chart,4740.07,760.727,9260.74,172.329,71.9606,49.907,324.011,738.6,1149.68,903.282,300.003,-1.36518e-09,0.646995,-0.150557,0.196282,0.441102,-0.362996,-2.86024
hover,chart,4800.07,748.424,9248.44,172.324,72.0057,49.8163,324.011,737.744,1147.59,901.831,300.003,2.4889e-09,0.646308,-0.150564,0.196231,0.440606,-0.363077,-2.86005
hover,chart,4860.07,736.135,9236.15,172.319,72.051,49.7257,324.011,736.889,1145.51,900.382,300.003,5.21874e-10,0.645623,-0.150572,0.196179,0.440111,-0.363158,-2.85986
hover,chart,4920.07,723.861,9223.88,172.314,72.0963,49.6354,324.011,736.036,1143.42,898.936,300.003,7.14875e-10,0.644937,-0.150579,0.196128,0.439618,-0.363239,-2.85968
hover,chart,4980.07,711.601,9211.62,172.309,72.1417,49.5452,324.011,735.184,1141.35,897.493,300.003,2.17366e-09,0.644253,-0.150587,0.196076,0.439126,-0.36332,-2.85949
hover,chart,5040.07,699.355,9199.37,172.304,72.1871,49.4552,324.011,734.334,1139.27,896.053,300.003,3.46012e-09,0.643569,-0.150595,0.196025,0.438634,-0.363401,-2.85931
hover,chart,5100.07,687.123,9187.14,172.299,72.2326,49.3653,324.011,733.486,1137.2,894.616,300.003,3.93855e-09,0.642885,-0.150602,0.195973,0.438144,-0.363483,-2.85913
hover,chart,5160.07,674.905,9174.92,172.294,72.2782,49.2756,324.011,732.639,1135.14,893.181,300.003,2.02051e-09,0.642203,-0.15061,0.195921,0.437655,-0.363564,-2.85895
hover,chart,5220.07,662.702,9162.72,172.289,72.3239,49.1861,324.011,731.794,1133.07,891.749,300.003,8.10452e-10,0.641521,-0.150618,0.19587,0.437167,-0.363645,-2.85877
hover,chart,5280.07,650.512,9150.53,172.284,72.3696,49.0967,324.011,730.95,1131.01,890.32,300.003,3.7837e-09,0.640839,-0.150625,0.195818,0.43668,-0.363726,-2.85859
hover,chart,5340.07,638.337,9138.35,172.279,72.4154,49.0076,324.011,730.108,1128.96,888.894,300.003,3.22353e-09,0.640158,-0.150633,0.195766,0.436195,-0.363808,-2.85841
hover,chart,5400.07,626.175,9126.19,172.274,72.4613,48.9185,324.011,729.268,1126.91,887.47,300.003,1.52981e-09,0.639478,-0.15064,0.195715,0.43571,-0.363889,-2.85824
hover,chart,5460.07,614.028,9114.04,172.269,72.5072,48.8297,324.011,728.429,1124.86,886.049,300.003,7.02336e-09,0.638799,-0.150648,0.195663,0.435226,-0.363971,-2.85807
hover,chart,5520.07,601.894,9101.91,172.265,72.5532,48.741,324.011,727.591,1122.82,884.631,300.003,7.34764e-09,0.63812,-0.150656,0.195611,0.434744,-0.364052,-2.85789
hover,chart,5580.07,589.775,9089.79,172.26,72.5993,48.6525,324.011,726.755,1120.78,883.216,300.003,4.34813e-09,0.637442,-0.150663,0.19556,0.434262,-0.364134,-2.85772
hover,chart,5640.07,577.669,9077.68,172.255,72.6454,48.5641,324.011,725.921,1118.74,881.803,300.003,7.45094e-09,0.636764,-0.150671,0.195508,0.433782,-0.364215,-2.85756
hover,chart,5700.07,565.577,9065.59,172.25,72.6916,48.4759,324.011,725.089,1116.71,880.393,300.003,4.62725e-09,0.636087,-0.150679,0.195456,0.433303,-0.364297,-2.85739
hover,chart,5760.07,553.499,9053.51,172.245,72.7379,48.3879,324.011,724.257,1114.68,878.985,300.003,3.84886e-09,0.635411,-0.150686,0.195405,0.432824,-0.364378,-2.85722
hover,chart,5820.07,541.435,9041.45,172.24,72.7842,48.3,324.011,723.428,1112.66,877.581,300.003,4.99151e-09,0.634735,-0.150694,0.195353,0.432347,-0.36446,-2.85706
hover,chart,5880.07,529.385,9029.4,172.235,72.8307,48.2123,324.011,722.6,1110.64,876.179,300.003,8.78012e-09,0.63406,-0.150702,0.195301,0.431871,-0.364541,-2.8569
hover,chart,5940.07,517.349,9017.36,172.229,72.8772,48.1247,324.011,721.773,1108.62,874.78,300.003,4.40289e-09,0.633385,-0.150709,0.195249,0.431396,-0.364623,-2.85673
hover,chart,6000.07,505.326,9005.34,172.224,72.9237,48.0373,324.011,720.948,1106.61,873.383,300.003,9.55552e-09,0.632711,-0.150717,0.195198,0.430922,-0.364705,-2.85657
hover,chart,6060.07,493.317,8993.33,172.219,72.9704,47.9501,324.011,720.125,1104.6,871.989,300.003,1.13092e-08,0.632038,-0.150725,0.195146,0.430449,-0.364787,-2.85642
hover,chart,6120.07,481.322,8981.34,172.214,73.0171,47.8631,324.011,719.303,1102.59,870.598,300.003,1.35594e-08,0.631365,-0.150732,0.195094,0.429977,-0.364868,-2.85626
hover,chart,6180.07,469.34,8969.36,172.209,73.0638,47.7762,324.011,718.482,1100.59,869.209,300.003,1.51164e-08,0.630693,-0.15074,0.195042,0.429506,-0.36495,-2.8561
hover,chart,6240.07,457.372,8957.39,172.204,73.1107,47.6894,324.011,717.663,1098.59,867.824,300.003,2.03026e-08,0.630022,-0.150748,0.19499,0.429037,-0.365032,-2.85595
hover,chart,6300.07,445.418,8945.43,172.199,73.1576,47.6029,324.011,716.846,1096.6,866.44,300.003,2.21554e-08,0.629351,-0.150755,0.194939,0.428568,-0.365114,-2.8558
hover,chart,6360.07,433.477,8933.49,172.194,73.2046,47.5164,324.011,716.03,1094.61,865.06,300.003,2.91331e-08,0.628681,-0.150763,0.194887,0.4281,-0.365196,-2.85565
hover,chart,6420.07,421.55,8921.57,172.189,73.2517,47.4302,324.011,715.216,1092.62,863.682,300.003,3.12818e-08,0.628011,-0.150771,0.194835,0.427634,-0.365278,-2.8555
hover,chart,6480.07,409.637,8909.65,172.184,73.2988,47.3441,324.011,714.403,1090.64,862.306,300.003,3.72814e-08,0.627342,-0.150778,0.194783,0.427168,-0.365359,-2.85535
hover,chart,6540.07,397.737,8897.75,172.179,73.346,47.2582,324.011,713.591,1088.66,860.934,300.003,3.19784e-08,0.626674,-0.150786,0.194731,0.426703,-0.365441,-2.8552
hover,chart,6600.07,385.85,8885.87,172.174,73.3933,47.1724,324.011,712.781,1086.68,859.564,300.003,2.97048e-08,0.626006,-0.150794,0.194679,0.42624,-0.365523,-2.85506
hover,chart,6660.07,373.977,8873.99,172.169,73.4406,47.0868,324.011,711.973,1084.71,858.196,300.003,2.50093e-08,0.625339,-0.150801,0.194628,0.425777,-0.365605,-2.85492
hover,chart,6720.07,362.118,8862.13,172.163,73.4881,47.0013,324.011,711.166,1082.74,856.831,300.003,3.09617e-08,0.624673,-0.150809,0.194576,0.425316,-0.365687,-2.85477
hover,chart,6780.07,350.272,8850.29,172.158,73.5356,46.916,324.011,710.361,1080.78,855.469,300.003,3.74857e-08,0.624007,-0.150817,0.194524,0.424856,-0.36577,-2.85463
hover,chart,6840.07,338.439,8838.45,172.153,73.5831,46.8308,324.011,709.557,1078.81,854.109,300.003,3.77697e-08,0.623341,-0.150824,0.194472,0.424396,-0.365852,-2.8545
hover,chart,6900.07,326.62,8826.63,172.148,73.6308,46.7459,324.011,708.754,1076.86,852.752,300.003,3.69021e-08,0.622677,-0.150832,0.19442,0.423938,-0.365934,-2.85436
hover,chart,6960.07,314.814,8814.83,172.143,73.6785,46.661,324.01,707.954,1074.9,851.398,300.003,3.88568e-08,0.622013,-0.15084,0.194368,0.423481,-0.366016,-2.85422
hover,chart,7020.07,303.022,8803.04,172.138,73.7263,46.5763,324.01,707.154,1072.95,850.046,300.003,3.30459e-08,0.621349,-0.150848,0.194316,0.423024,-0.366098,-2.85409
hover,chart,7080.07,291.242,8791.26,172.133,73.7742,46.4918,324.01,706.356,1071,848.696,300.003,3.85698e-08,0.620686,-0.150855,0.194264,0.422569,-0.36618,-2.85396
hover,chart,7140.07,279.476,8779.49,172.127,73.8221,46.4075,324.01,705.56,1069.06,847.349,300.003,3.801e-08,0.620024,-0.150863,0.194212,0.422115,-0.366262,-2.85382
hover,chart,7200.07,267.724,8767.74,172.122,73.8701,46.3232,324.01,704.765,1067.12,846.005,300.003,3.97681e-08,0.619362,-0.150871,0.19416,0.421662,-0.366345,-2.8537
hover,chart,7260.07,255.984,8756,172.117,73.9182,46.2392,324.01,703.971,1065.18,844.664,300.003,3.21712e-08,0.618701,-0.150878,0.194108,0.421209,-0.366427,-2.85357
hover,chart,7320.07,244.258,8744.27,172.112,73.9664,46.1553,324.01,703.179,1063.25,843.324,300.003,3.73278e-08,0.61804,-0.150886,0.194056,0.420758,-0.366509,-2.85344
hover,chart,7380.07,232.545,8732.56,172.107,74.0146,46.0715,324.01,702.388,1061.32,841.988,300.003,2.35818e-08,0.61738,-0.150894,0.194004,0.420308,-0.366592,-2.85332
hover,chart,7440.07,220.845,8720.86,172.101,74.063,45.988,324.01,701.599,1059.4,840.654,300.003,3.57509e-08,0.616721,-0.150902,0.193952,0.419859,-0.366674,-2.85319
hover,chart,7500.07,209.158,8709.17,172.096,74.1114,45.9045,324.01,700.811,1057.47,839.322,300.003,3.78722e-08,0.616062,-0.150909,0.1939,0.419411,-0.366756,-2.85307
hover,chart,7560.07,197.484,8697.5,172.091,74.1598,45.8212,324.01,700.025,1055.56,837.993,300.003,3.52925e-08,0.615404,-0.150917,0.193848,0.418963,-0.366839,-2.85295
hover,chart,7620.07,185.824,8685.84,172.086,74.2084,45.7381,324.01,699.24,1053.64,836.667,300.003,3.48665e-08,0.614747,-0.150925,0.193796,0.418517,-0.366921,-2.85283
hover,chart,7680.07,174.176,8674.19,172.08,74.257,45.6551,324.01,698.456,1051.73,835.343,300.003,3.8116e-08,0.61409,-0.150932,0.193744,0.418072,-0.367004,-2.85272
hover,chart,7740.07,162.542,8662.56,172.075,74.3057,45.5723,324.01,697.674,1049.82,834.021,300.003,3.47953e-08,0.613433,-0.15094,0.193692,0.417628,-0.367086,-2.8526
hover,chart,7800.07,150.921,8650.94,172.07,74.3545,45.4896,324.01,696.894,1047.92,832.702,300.003,3.67257e-08,0.612777,-0.150948,0.19364,0.417185,-0.367169,-2.85249
hover,chart,7860.07,139.312,8639.33,172.065,74.4033,45.4071,324.01,696.115,1046.02,831.386,300.003,4.16431e-08,0.612122,-0.150956,0.193588,0.416742,-0.367251,-2.85237
hover,chart,7920.07,127.717,8627.73,172.059,74.4522,45.3247,324.01,695.337,1044.12,830.072,300.003,4.01258e-08,0.611468,-0.150963,0.193536,0.416301,-0.367334,-2.85226
hover,chart,7980.07,116.134,8616.15,172.054,74.5012,45.2425,324.01,694.561,1042.22,828.76,300.003,3.61065e-08,0.610814,-0.150971,0.193484,0.415861,-0.367416,-2.85215
hover,chart,8040.07,104.565,8604.58,172.049,74.5503,45.1604,324.01,693.786,1040.33,827.451,300.003,4.03545e-08,0.61016,-0.150979,0.193432,0.415422,-0.367499,-2.85205
hover,chart,8100.07,93.0081,8593.02,172.043,74.5995,45.0785,324.01,693.012,1038.45,826.145,300.003,3.76871e-08,0.609507,-0.150987,0.19338,0.414984,-0.367581,-2.85194
hover,chart,8160.07,81.4643,8581.48,172.038,74.6487,44.9967,324.01,692.24,1036.56,824.841,300.003,3.53552e-08,0.608855,-0.150994,0.193328,0.414546,-0.367664,-2.85184
hover,chart,8220.07,69.9334,8569.95,172.033,74.698,44.9151,324.01,691.47,1034.68,823.539,300.003,3.83609e-08,0.608203,-0.151002,0.193276,0.41411,-0.367747,-2.85173
hover,chart,8280.07,58.4153,8558.43,172.027,74.7474,44.8336,324.01,690.701,1032.8,822.24,300.003,3.40187e-08,0.607552,-0.15101,0.193224,0.413675,-0.367829,-2.85163
hover,chart,8340.07,46.91,8546.92,172.022,74.7969,44.7523,324.01,689.933,1030.93,820.943,300.003,3.14239e-08,0.606901,-0.151018,0.193172,0.413241,-0.367912,-2.85153
hover,chart,8400.07,35.4175,8535.43,172.017,74.8464,44.6711,324.01,689.166,1029.06,819.649,300.003,3.89769e-08,0.606251,-0.151025,0.193119,0.412807,-0.367995,-2.85144
hover,chart,8460.07,23.9378,8523.95,172.011,74.896,44.5901,324.01,688.401,1027.19,818.357,300.003,3.5323e-08,0.605602,-0.151033,0.193067,0.412375,-0.368078,-2.85134
hover,chart,8520.07,12.4708,8512.49,172.006,74.9457,44.5092,324.01,687.638,1025.33,817.068,300.003,3.78105e-08,0.604953,-0.151041,0.193015,0.411944,-0.36816,-2.85125
hover,chart,8580.07,1.01647,8501.03,172,74.9955,44.4285,324.01,686.876,1023.47,815.781,300.003,3.39767e-08,0.604305,-0.151049,0.192963,0.411513,-0.368243,-2.85115
hover,chart,8585.4,0.000520682,8500.01,172,74.9999,44.4214,324.01,686.808,1023.31,815.667,300.003,4.0011e-08,0.604247,-0.151049,0.192958,0.411475,-0.368251,-2.85114
hover,sfc_gauge,0.075,1780,10280,172.693,68.5934,5.32142,323.122,315.934,556.222,211.309,300,0,0.706641,-0.222867,0.256908,0.412295,-1.11319e-14,-3.85562e-15
hover,sfc_gauge,60,1767.54,10267.6,172.689,68.6305,57.7952,321.355,750.044,1320.5,1021.66,300.055,0.0401398,0.712004,-0.152106,0.202884,0.490651,-0.419746,-2.89366
hover,sfc_gauge,120,1755.03,10255,172.685,68.6678,57.5064,323.154,750.481,1321.27,1022.54,300.023,-0.00268947,0.704862,-0.15004,0.200831,0.484711,-0.357626,-2.842
hover,sfc_gauge,180.075,1742.51,10242.5,172.681,68.7053,57.3749,323.734,750.093,1320.59,1022.23,300.008,-0.00126353,0.702283,-0.150007,0.200333,0.483062,-0.361667,-2.88212
hover,sfc_gauge,240.075,1730.02,10230,172.676,68.7428,57.253,323.923,748.939,1318.55,1020.84,300.006,-0.00120198,0.700894,-0.149975,0.200303,0.481922,-0.383008,-2.89613
hover,sfc_gauge,300.075,1717.54,10217.6,172.672,68.7803,57.1565,323.983,747.813,1316.57,1019.48,300.004,0.000261409,0.700042,-0.150027,0.200089,0.48129,-0.388221,-2.88052
hover,sfc_gauge,360.075,1705.09,10205.1,172.668,68.8179,57.058,324.003,746.571,1314.39,1017.95,300.003,-0.00100389,0.699293,-0.150035,0.200025,0.480704,-0.379518,-2.87719
hover,sfc_gauge,420.075,1692.66,10192.7,172.664,68.8555,56.9618,324.009,745.326,1312.19,1016.43,300.003,-0.000840251,0.698593,-0.150017,0.199993,0.480159,-0.365021,-2.8777
hover,sfc_gauge,480.075,1680.25,10180.3,172.66,68.8931,56.8655,324.011,744.071,1309.98,1014.89,300.003,-4.08443e-05,0.697906,-0.150011,0.199967,0.479622,-0.370556,-2.87692
hover,sfc_gauge,540.075,1667.86,10167.9,172.656,68.9308,56.7688,324.012,742.803,1307.75,1013.34,300.003,-0.0010868,0.697216,-0.149979,0.199955,0.479076,-0.388535,-2.87831
hover,sfc_gauge,600.075,1655.49,10155.5,172.652,68.9684,56.6691,324.012,741.507,1305.47,1011.74,300.003,-0.0095485,0.696514,-0.149672,0.199756,0.478547,-0.388744,-2.88943
hover,sfc_gauge,660,1643.15,10143.2,172.648,69.0061,56.5766,324.012,740.289,1303.33,1010.24,300.003,-0.000627835,0.695852,-0.15005,0.199865,0.477979,-0.387703,-2.88088
hover,sfc_gauge,720,1630.83,10130.8,172.644,69.0438,56.4823,324.012,739.056,1301.16,1008.73,300.003,-0.00244302,0.695183,-0.150042,0.199822,0.477443,-0.357946,-2.88513
hover,sfc_gauge,780,1618.52,10118.5,172.64,69.0816,56.3874,324.012,737.813,1298.97,1007.21,300.003,-0.000736601,0.694507,-0.149989,0.199799,0.476952,-0.388091,-2.87651
hover,sfc_gauge,840,1606.23,10106.2,172.636,69.1194,56.292,324.012,736.565,1296.77,1005.67,300.003,-0.00104142,0.693829,-0.150052,0.199593,0.47642,-0.393982,-2.86973
hover,sfc_gauge,900,1593.97,10094,172.632,69.1572,56.1976,324.012,735.327,1294.59,1004.15,300.003,-0.00140855,0.693153,-0.150028,0.199665,0.475875,-0.383254,-2.87818
hover,sfc_gauge,960,1581.72,10081.7,172.628,69.195,56.1018,324.012,734.078,1292.39,1002.61,300.003,0.00155933,0.692475,-0.150178,0.199559,0.475332,-0.391642,-2.87589
hover,sfc_gauge,1020,1569.5,10069.5,172.623,69.2329,56.0077,324.012,732.851,1290.23,1001.11,300.003,0.000208552,0.691809,-0.150142,0.199526,0.474828,-0.386139,-2.87536
hover,sfc_gauge,1080,1557.29,10057.3,172.619,69.2708,55.9142,324.012,731.624,1288.07,999.603,300.003,0.000311963,0.691138,-0.150155,0.199477,0.4743,-0.375849,-2.87467
hover,sfc_gauge,1140,1545.11,10045.1,172.615,69.3087,55.8208,324.012,730.4,1285.92,998.102,300.003,0.00110741,0.690468,-0.150158,0.199409,0.473772,-0.373366,-2.87362
hover,sfc_gauge,1200,1532.95,10033,172.611,69.3467,55.7264,324.012,729.163,1283.74,996.583,300.003,0.00053211,0.689791,-0.15015,0.19934,0.473242,-0.382322,-2.87494
hover,sfc_gauge,1260,1520.8,10020.8,172.607,69.3847,55.633,324.012,727.944,1281.59,995.078,300.003,-0.00600659,0.689126,-0.149972,0.1995,0.472651,-0.377471,-2.88927
hover,sfc_gauge,1320,1508.68,10008.7,172.603,69.4227,55.538,324.012,726.7,1279.4,993.559,300.003,-0.00100557,0.688444,-0.150081,0.199272,0.4722,-0.420042,-2.87648
hover,sfc_gauge,1380,1496.58,9996.6,172.599,69.4607,55.4465,324.011,725.501,1277.29,992.087,300.002,-0.00108501,0.687787,-0.150086,0.199289,0.471669,-0.397038,-2.87819
hover,sfc_gauge,1440,1484.5,9984.51,172.595,69.4988,55.356,324.011,724.32,1275.21,990.638,300.003,-0.0455399,0.687142,-0.148783,0.198996,0.47117,-0.352564,-2.86486
hover,sfc_gauge,1500,1472.44,9972.45,172.591,69.5369,55.2534,324.012,722.972,1272.84,988.979,300.004,0.00258328,0.686395,-0.150276,0.199249,0.470555,-0.392015,-2.88581
hover,sfc_gauge,1560,1460.4,9960.41,172.586,69.575,55.1684,324.011,721.863,1270.89,987.617,300.003,-0.00114127,0.685791,-0.150117,0.199205,0.470104,-0.374595,-2.88574
hover,sfc_gauge,1620,1448.38,9948.39,172.582,69.6132,55.0756,324.011,720.648,1268.75,986.132,300.003,-0.00100653,0.685122,-0.150136,0.199021,0.469632,-0.417963,-2.87313
hover,sfc_gauge,1680,1436.38,9936.39,172.578,69.6513,54.9803,324.012,719.393,1266.54,984.6,300.003,-0.000577252,0.684424,-0.150158,0.199171,0.469054,-0.392983,-2.88953
hover,sfc_gauge,1740,1424.39,9924.41,172.574,69.6895,54.8933,324.011,718.263,1264.55,983.2,300.004,-0.0016172,0.68381,-0.150196,0.199063,0.468554,-0.378144,-2.88464
hover,sfc_gauge,1800,1412.43,9912.45,172.57,69.7278,54.7976,324.012,717.002,1262.33,981.667,300.003,-0.00117169,0.683108,-0.150144,0.199101,0.468052,-0.409514,-2.88256
hover,sfc_gauge,1860,1400.49,9900.51,172.566,69.766,54.7079,324.011,715.839,1260.28,980.233,300.003,-0.00869603,0.682473,-0.149846,0.198745,0.467596,-0.3789,-2.87837
hover,sfc_gauge,1920,1388.57,9888.59,172.562,69.8043,54.6197,324.011,714.685,1258.25,978.813,300.003,0.00142194,0.681837,-0.150271,0.198825,0.467087,-0.376792,-2.87143
hover,sfc_gauge,1980,1376.67,9876.69,172.558,69.8427,54.5284,324.011,713.491,1256.15,977.349,300.003,0.000593269,0.681178,-0.150253,0.198781,0.466586,-0.382998,-2.87112
hover,sfc_gauge,2040,1364.79,9864.8,172.553,69.881,54.437,324.011,712.294,1254.04,975.879,300.003,0.000839819,0.680515,-0.15027,0.198738,0.466059,-0.396261,-2.8746
hover,sfc_gauge,2100,1352.93,9852.94,172.549,69.9194,54.3473,324.011,711.118,1251.97,974.44,300.001,0.0168056,0.679865,-0.150678,0.1985,0.465591,-0.353396,-2.89993
hover,sfc_gauge,2160,1341.09,9841.1,172.545,69.9578,54.252,324.012,709.882,1249.79,972.909,300.003,0.00303071,0.679181,-0.150234,0.198343,0.46504,-0.376378,-2.86116
hover,sfc_gauge,2220,1329.26,9829.28,172.541,69.9962,54.1572,324.013,708.648,1247.62,971.402,300.007,-0.00704583,0.678496,-0.150023,0.198065,0.464608,-0.363339,-2.81685
hover,sfc_gauge,2280,1317.46,9817.48,172.537,70.0347,54.076,324.011,707.571,1245.72,970.084,300.003,0.00045032,0.677898,-0.150273,0.198541,0.464056,-0.402136,-2.87157
hover,sfc_gauge,2340,1305.68,9805.69,172.533,70.0732,53.9856,324.011,706.386,1243.64,968.635,300.003,-0.000980538,0.677239,-0.150218,0.19848,0.463561,-0.423752,-2.8759
hover,sfc_gauge,2400,1293.91,9793.93,172.528,70.1117,53.8968,324.011,705.228,1241.6,967.202,300.003,-0.00644787,0.676598,-0.150006,0.198581,0.462991,-0.408135,-2.87643
hover,sfc_gauge,2460.07,1282.15,9782.17,172.524,70.1503,53.8078,324.011,704.059,1239.54,965.778,300.003,-0.00132227,0.675945,-0.150229,0.198515,0.462538,-0.380358,-2.88433
hover,sfc_gauge,2520.07,1270.43,9770.45,172.52,70.1889,53.7166,324.011,702.867,1237.44,964.318,300.003,-0.000986704,0.675281,-0.150219,0.198392,0.462056,-0.43486,-2.88333
hover,sfc_gauge,2580.07,1258.73,9758.74,172.516,70.2275,53.6291,324.011,701.728,1235.44,962.919,300.002,0.0120566,0.67465,-0.150687,0.198537,0.461575,-0.402057,-2.86386
hover,sfc_gauge,2640.07,1247.04,9747.05,172.512,70.2662,53.5424,324.011,700.588,1233.43,961.522,300.003,-0.000317834,0.674013,-0.15028,0.198311,0.461096,-0.374889,-2.87396
hover,sfc_gauge,2700.07,1235.37,9735.39,172.508,70.3048,53.4503,324.011,699.369,1231.28,960.045,300.003,0.00144679,0.673323,-0.150326,0.198348,0.460565,-0.390088,-2.87551
hover,sfc_gauge,2760.07,1223.73,9723.74,172.503,70.3435,53.3644,324.011,698.26,1229.33,958.665,300.003,-0.000277633,0.672713,-0.150311,0.198292,0.460087,-0.380423,-2.88478
hover,sfc_gauge,2820.07,1212.1,9712.11,172.499,70.3822,53.278,324.011,697.127,1227.34,957.287,300.003,-0.00123332,0.672079,-0.150256,0.198021,0.459667,-0.397181,-2.85962
hover,sfc_gauge,2880.07,1200.49,9700.5,172.495,70.421,53.1902,324.011,695.977,1225.31,955.877,300.003,0.000665784,0.671435,-0.150404,0.198086,0.459171,-0.390345,-2.86448
hover,sfc_gauge,2940.07,1188.9,9688.91,172.491,70.4598,53.1027,324.011,694.832,1223.3,954.47,300.002,-0.000956439,0.670794,-0.150325,0.198088,0.458643,-0.393561,-2.87482
hover,sfc_gauge,3000.07,1177.33,9677.34,172.487,70.4986,53.0156,324.01,693.691,1221.29,953.074,300.002,0.00157107,0.670154,-0.150516,0.198091,0.45823,-0.400275,-2.87492
hover,sfc_gauge,3060.07,1165.78,9665.79,172.482,70.5374,52.9276,324.011,692.541,1219.26,951.662,300.003,0.000204671,0.669511,-0.150372,0.197952,0.45771,-0.391096,-2.86805
hover,sfc_gauge,3120.07,1154.24,9654.26,172.478,70.5763,52.8389,324.011,691.375,1217.21,950.241,300.003,-0.00107154,0.66885,-0.150323,0.198036,0.457208,-0.401373,-2.87408
hover,sfc_gauge,3180.07,1142.73,9642.74,172.474,70.6152,52.7526,324.011,690.252,1215.23,948.858,300.003,-0.00101624,0.668224,-0.150305,0.197891,0.456722,-0.414127,-2.87058
hover,sfc_gauge,3240.07,1131.23,9631.25,172.47,70.6541,52.6672,324.011,689.134,1213.26,947.485,300.003,-0.00141705,0.667595,-0.150288,0.197903,0.456237,-0.371874,-2.87851
hover,sfc_gauge,3300.07,1119.76,9619.77,172.466,70.6931,52.578,324.011,687.968,1211.21,946.058,300.003,-0.000978894,0.666938,-0.150306,0.197815,0.455748,-0.432416,-2.88359
hover,sfc_gauge,3360.07,1108.3,9608.32,172.461,70.7321,52.465,324.012,686.439,1208.52,944.231,300.003,-0.00188741,0.666043,-0.15007,0.198155,0.455211,-0.33944,-2.89672
hover,sfc_gauge,3420.07,1096.86,9596.88,172.457,70.7711,52.4096,324.011,685.763,1207.33,943.361,300.003,0.000853573,0.665697,-0.150397,0.197637,0.454853,-0.375102,-2.86367
hover,sfc_gauge,3480.07,1085.44,9585.46,172.453,70.8101,52.3228,324.011,684.626,1205.33,941.969,300.003,0.00074687,0.665054,-0.150429,0.197577,0.454364,-0.395078,-2.86526
hover,sfc_gauge,3540.07,1074.04,9574.06,172.449,70.8492,52.2382,324.011,683.52,1203.38,940.613,300.003,0.00069629,0.664431,-0.150403,0.197575,0.453904,-0.373275,-2.86529
hover,sfc_gauge,3600.07,1062.66,9562.67,172.445,70.8883,52.1533,324.01,682.412,1201.43,939.257,300.002,-4.93188e-05,0.663806,-0.150342,0.197739,0.453447,-0.385898,-2.86183
hover,sfc_gauge,3660.07,1051.29,9551.31,172.44,70.9274,52.0665,324.011,681.276,1199.43,937.858,300.003,-0.000376498,0.663163,-0.150421,0.197546,0.452929,-0.3781,-2.87525
hover,sfc_gauge,3720.07,1039.95,9539.96,172.436,70.9666,51.9843,324.01,680.198,1197.53,936.543,300.002,-0.00823906,0.662554,-0.150153,0.19777,0.45253,-0.393007,-2.88867
hover,sfc_gauge,3780.07,1028.62,9528.64,172.432,71.0058,51.8908,324.011,678.976,1195.38,935.043,300.004,-0.00188507,0.661856,-0.150376,0.197559,0.451933,-0.390941,-2.8804
hover,sfc_gauge,3840.07,1017.31,9517.33,172.428,71.045,51.8117,324.01,677.942,1193.56,933.775,300.003,-6.67871e-05,0.661274,-0.150437,0.197398,0.451535,-0.385332,-2.87123
hover,sfc_gauge,3900.07,1006.03,9506.04,172.423,71.0842,51.7275,324.01,676.837,1191.62,932.426,300.002,-0.00110886,0.660646,-0.150389,0.197415,0.451052,-0.394031,-2.87684
hover,sfc_gauge,3960.07,994.754,9494.77,172.419,71.1235,51.6444,324.01,675.751,1189.7,931.097,300.003,-0.000527905,0.66003,-0.150443,0.197254,0.450633,-0.366436,-2.86409
hover,sfc_gauge,4020.07,983.5,9483.51,172.415,71.1628,51.5605,324.01,674.653,1187.77,929.754,300.003,0.000174751,0.659405,-0.150428,0.197205,0.45017,-0.361665,-2.86384
hover,sfc_gauge,4080.07,972.265,9472.28,172.411,71.2021,51.4766,324.01,673.555,1185.84,928.41,300.003,-8.01187e-06,0.658781,-0.150428,0.197158,0.449709,-0.361638,-2.86368
hover,sfc_gauge,4140.07,961.049,9461.06,172.406,71.2415,51.3929,324.01,672.46,1183.91,927.069,300.003,-9.18352e-07,0.658157,-0.150435,0.197112,0.449249,-0.361696,-2.86348
hover,sfc_gauge,4200.07,949.85,9449.86,172.402,71.2809,51.3094,324.01,671.367,1181.98,925.731,300.003,5.2564e-09,0.657534,-0.150442,0.197066,0.44879,-0.361768,-2.8633
hover,sfc_gauge,4260.07,938.67,9438.68,172.398,71.3203,51.2261,324.01,670.277,1180.06,924.397,300.003,-9.72955e-09,0.656912,-0.150448,0.197021,0.448332,-0.36184,-2.86311
hover,sfc_gauge,4320.07,927.507,9427.52,172.394,71.3598,51.143,324.01,669.189,1178.15,923.065,300.003,-7.39545e-09,0.656291,-0.150455,0.196975,0.447876,-0.361912,-2.86292
hover,sfc_gauge,4380.07,916.363,9416.38,172.389,71.3993,51.06,324.01,668.104,1176.24,921.737,300.003,-6.84853e-10,0.655671,-0.150462,0.196929,0.44742,-0.361984,-2.86274
hover,sfc_gauge,4440.07,905.237,9405.25,172.385,71.4388,50.9773,324.01,667.021,1174.33,920.412,300.003,1.79416e-09,0.655052,-0.150469,0.196883,0.446966,-0.362056,-2.86255
hover,sfc_gauge,4500.07,894.129,9394.14,172.381,71.4783,50.8947,324.01,665.94,1172.43,919.089,300.003,3.86298e-09,0.654434,-0.150475,0.196837,0.446513,-0.362128,-2.86237
hover,sfc_gauge,4560.07,883.039,9383.05,172.376,71.5179,50.8123,324.01,664.862,1170.53,917.77,300.003,-3.95531e-09,0.653817,-0.150482,0.196792,0.446061,-0.3622,-2.86219
hover,sfc_gauge,4620.07,871.967,9371.98,172.372,71.5575,50.7301,324.01,663.786,1168.64,916.454,300.003,2.28289e-09,0.6532,-0.150489,0.196746,0.44561,-0.362271,-2.862
hover,sfc_gauge,4680.07,860.913,9360.93,172.368,71.5971,50.6481,324.01,662.713,1166.75,915.14,300.003,-4.79715e-09,0.652584,-0.150495,0.1967,0.44516,-0.362343,-2.86183
hover,sfc_gauge,4740.07,849.877,9349.89,172.364,71.6368,50.5662,324.01,661.642,1164.86,913.83,300.003,-8.92487e-09,0.65197,-0.150502,0.196654,0.444712,-0.362415,-2.86165
hover,sfc_gauge,4800.07,838.858,9338.87,172.359,71.6764,50.4846,324.01,660.574,1162.98,912.523,300.003,-6.1822e-09,0.651356,-0.150509,0.196609,0.444265,-0.362487,-2.86147
hover,sfc_gauge,4860.07,827.858,9327.87,172.355,71.7162,50.4031,324.01,659.508,1161.11,911.219,300.003,1.29716e-09,0.650743,-0.150516,0.196563,0.443818,-0.362559,-2.86129
hover,sfc_gauge,4920.07,816.875,9316.89,172.351,71.7559,50.3218,324.01,658.444,1159.23,909.918,300.003,-1.74256e-09,0.650131,-0.150522,0.196517,0.443373,-0.36263,-2.86112
hover,sfc_gauge,4980.07,805.909,9305.92,172.346,71.7957,50.2407,324.01,657.383,1157.36,908.62,300.003,-1.47454e-09,0.649519,-0.150529,0.196472,0.442929,-0.362702,-2.86095
hover,sfc_gauge,5040.07,794.962,9294.98,172.342,71.8355,50.1598,324.01,656.324,1155.5,907.324,300.003,-2.35326e-10,0.648909,-0.150536,0.196426,0.442487,-0.362774,-2.86077
hover,sfc_gauge,5100.07,784.032,9284.05,172.338,71.8753,50.079,324.01,655.267,1153.64,906.032,300.003,-8.50132e-09,0.648299,-0.150543,0.196381,0.442045,-0.362846,-2.8606
hover,sfc_gauge,5160.07,773.12,9273.13,172.333,71.9152,49.9985,324.01,654.213,1151.78,904.743,300.003,-1.03333e-08,0.647691,-0.150549,0.196335,0.441604,-0.362917,-2.86043
hover,sfc_gauge,5220.07,762.225,9262.24,172.329,71.9551,49.9181,324.01,653.161,1149.93,903.457,300.003,2.16445e-09,0.647083,-0.150556,0.196289,0.441165,-0.362989,-2.86026
hover,sfc_gauge,5280.07,751.347,9251.36,172.325,71.995,49.8379,324.01,652.112,1148.08,902.173,300.003,9.13165e-09,0.646476,-0.150563,0.196244,0.440727,-0.363061,-2.8601
hover,sfc_gauge,5340.07,740.488,9240.5,172.321,72.035,49.7579,324.01,651.065,1146.24,900.893,300.003,2.53796e-09,0.64587,-0.150569,0.196198,0.440289,-0.363132,-2.85993
hover,sfc_gauge,5400.07,729.645,9229.66,172.316,72.0749,49.678,324.01,650.02,1144.4,899.615,300.003,6.03473e-09,0.645265,-0.150576,0.196153,0.439853,-0.363204,-2.85977
hover,sfc_gauge,5460.07,718.82,9218.83,172.312,72.1149,49.5984,324.01,648.978,1142.57,898.341,300.003,4.05775e-11,0.64466,-0.150583,0.196107,0.439418,-0.363275,-2.8596
hover,sfc_gauge,5520.07,708.013,9208.03,172.308,72.155,49.5189,324.01,647.938,1140.74,897.069,300.003,-8.25894e-09,0.644057,-0.15059,0.196062,0.438985,-0.363347,-2.85944
hover,sfc_gauge,5580.07,697.222,9197.24,172.303,72.1951,49.4396,324.01,646.9,1138.91,895.8,300.003,-2.15416e-09,0.643454,-0.150596,0.196016,0.438552,-0.363419,-2.85928
hover,sfc_gauge,5640.07,686.449,9186.46,172.299,72.2352,49.3604,324.01,645.864,1137.09,894.534,300.003,9.16249e-09,0.642852,-0.150603,0.195971,0.43812,-0.36349,-2.85912
hover,sfc_gauge,5700.07,675.693,9175.71,172.295,72.2753,49.2815,324.01,644.831,1135.27,893.271,300.003,7.27621e-09,0.642251,-0.15061,0.195925,0.43769,-0.363562,-2.85896
hover,sfc_gauge,5760.07,664.955,9164.97,172.29,72.3154,49.2027,324.01,643.8,1133.45,892.011,300.002,-3.76052e-09,0.641651,-0.150616,0.19588,0.43726,-0.363633,-2.8588
hover,sfc_gauge,5820.07,654.233,9154.25,172.286,72.3556,49.1241,324.01,642.772,1131.64,890.754,300.002,-1.07436e-09,0.641052,-0.150623,0.195835,0.436832,-0.363705,-2.85865
hover,sfc_gauge,5880.07,643.529,9143.54,172.282,72.3959,49.0457,324.01,641.745,1129.83,889.5,300.002,-6.69061e-09,0.640453,-0.15063,0.195789,0.436405,-0.363776,-2.85849
hover,sfc_gauge,5940.07,632.842,9132.86,172.277,72.4361,48.9674,324.01,640.721,1128.03,888.248,300.002,-3.9436e-09,0.639855,-0.150637,0.195744,0.435979,-0.363848,-2.85834
hover,sfc_gauge,6000.07,622.172,9122.18,172.273,72.4764,48.8893,324.01,639.7,1126.23,886.999,300.002,4.86233e-09,0.639259,-0.150643,0.195699,0.435553,-0.363919,-2.85818
hover,sfc_gauge,6060.07,611.518,9111.53,172.268,72.5167,48.8114,324.01,638.68,1124.44,885.753,300.002,-2.92269e-09,0.638663,-0.15065,0.195653,0.435129,-0.363991,-2.85803
hover,sfc_gauge,6120.07,600.882,9100.9,172.264,72.557,48.7337,324.01,637.663,1122.65,884.51,300.002,-1.24793e-08,0.638068,-0.150657,0.195608,0.434706,-0.364062,-2.85788
hover,sfc_gauge,6180.07,590.263,9090.28,172.26,72.5974,48.6561,324.01,636.648,1120.86,883.27,300.002,-6.09895e-09,0.637473,-0.150663,0.195563,0.434285,-0.364134,-2.85773
hover,sfc_gauge,6240.07,579.661,9079.67,172.255,72.6378,48.5787,324.01,635.635,1119.08,882.033,300.002,-3.46739e-09,0.63688,-0.15067,0.195517,0.433864,-0.364205,-2.85759
hover,sfc_gauge,6300.07,569.075,9069.09,172.251,72.6782,48.5015,324.01,634.625,1117.3,880.798,300.002,-9.43119e-09,0.636287,-0.150677,0.195472,0.433444,-0.364276,-2.85744
hover,sfc_gauge,6360.07,558.506,9058.52,172.247,72.7187,48.4244,324.01,633.616,1115.52,879.566,300.002,-9.28801e-10,0.635695,-0.150683,0.195427,0.433025,-0.364348,-2.85729
hover,sfc_gauge,6420.07,547.955,9047.97,172.242,72.7592,48.3475,324.01,632.61,1113.75,878.337,300.002,-5.32703e-09,0.635104,-0.15069,0.195382,0.432608,-0.364419,-2.85715
hover,sfc_gauge,6480.07,537.419,9037.43,172.238,72.7997,48.2708,324.009,631.607,1111.98,877.111,300.002,-3.8343e-09,0.634514,-0.150697,0.195336,0.432191,-0.36449,-2.85701
hover,sfc_gauge,6540.07,526.901,9026.91,172.233,72.8403,48.1943,324.009,630.605,1110.22,875.888,300.002,-7.48785e-09,0.633925,-0.150703,0.195291,0.431776,-0.364562,-2.85686
hover,sfc_gauge,6600.07,516.399,9016.41,172.229,72.8808,48.1179,324.009,629.606,1108.46,874.667,300.002,-1.27104e-08,0.633336,-0.15071,0.195246,0.431361,-0.364633,-2.85672
hover,sfc_gauge,6660.07,505.914,9005.93,172.225,72.9214,48.0417,324.009,628.608,1106.7,873.449,300.002,-1.00998e-08,0.632749,-0.150717,0.195201,0.430948,-0.364704,-2.85658
hover,sfc_gauge,6720.07,495.446,8995.46,172.22,72.9621,47.9657,324.009,627.613,1104.95,872.234,300.002,-5.08478e-09,0.632162,-0.150724,0.195156,0.430536,-0.364775,-2.85645
hover,sfc_gauge,6780.07,484.994,8985.01,172.216,73.0028,47.8898,324.009,626.621,1103.21,871.021,300.002,-6.47409e-09,0.631576,-0.15073,0.195111,0.430125,-0.364847,-2.85631
hover,sfc_gauge,6840.07,474.558,8974.57,172.212,73.0435,47.8141,324.009,625.63,1101.46,869.812,300.002,-5.86127e-10,0.63099,-0.150737,0.195066,0.429714,-0.364918,-2.85617
hover,sfc_gauge,6900.07,464.139,8964.15,172.207,73.0842,47.7385,324.009,624.642,1099.72,868.605,300.002,-8.40602e-09,0.630406,-0.150744,0.195021,0.429305,-0.364989,-2.85604
hover,sfc_gauge,6960.07,453.737,8953.75,172.203,73.1249,47.6632,324.009,623.655,1097.98,867.4,300.002,-8.60152e-09,0.629822,-0.15075,0.194976,0.428897,-0.36506,-2.85591
hover,sfc_gauge,7020.07,443.351,8943.36,172.198,73.1657,47.588,324.009,622.671,1096.25,866.199,300.002,-7.54421e-09,0.62924,-0.150757,0.194931,0.42849,-0.365131,-2.85577
hover,sfc_gauge,7080.07,432.981,8932.99,172.194,73.2066,47.5129,324.009,621.689,1094.52,865,300.002,-7.26513e-09,0.628657,-0.150764,0.194885,0.428084,-0.365202,-2.85564
hover,sfc_gauge,7140.07,422.628,8922.64,172.189,73.2474,47.438,324.009,620.71,1092.8,863.804,300.002,3.73857e-09,0.628076,-0.15077,0.194841,0.427679,-0.365274,-2.85551
hover,sfc_gauge,7200.07,412.291,8912.3,172.185,73.2883,47.3633,324.009,619.732,1091.08,862.61,300.002,-7.42923e-09,0.627496,-0.150777,0.194796,0.427275,-0.365345,-2.85539
hover,sfc_gauge,7260.07,401.97,8901.98,172.181,73.3292,47.2888,324.009,618.756,1089.36,861.419,300.002,-6.99032e-09,0.626916,-0.150784,0.194751,0.426872,-0.365416,-2.85526
hover,sfc_gauge,7320.07,391.665,8891.68,172.176,73.3702,47.2144,324.009,617.783,1087.65,860.231,300.002,-3.78021e-09,0.626337,-0.15079,0.194706,0.42647,-0.365487,-2.85513
hover,sfc_gauge,7380.07,381.377,8881.39,172.172,73.4111,47.1402,324.009,616.812,1085.94,859.046,300.002,-1.27424e-08,0.625759,-0.150797,0.194661,0.426069,-0.365558,-2.85501
hover,sfc_gauge,7440.07,371.105,8871.12,172.167,73.4521,47.0661,324.009,615.843,1084.23,857.863,300.002,-3.71329e-09,0.625182,-0.150804,0.194616,0.425669,-0.365629,-2.85488
hover,sfc_gauge,7500.07,360.849,8860.86,172.163,73.4932,46.9922,324.009,614.876,1082.53,856.683,300.002,-8.17664e-09,0.624606,-0.15081,0.194571,0.42527,-0.3657,-2.85476
hover,sfc_gauge,7560.07,350.609,8850.62,172.158,73.5342,46.9185,324.009,613.911,1080.83,855.505,300.002,-8.01076e-09,0.62403,-0.150817,0.194526,0.424872,-0.365771,-2.85464
hover,sfc_gauge,7620.07,340.385,8840.4,172.154,73.5753,46.8449,324.009,612.948,1079.13,854.33,300.002,-2.4174e-09,0.623455,-0.150824,0.194481,0.424475,-0.365842,-2.85452
hover,sfc_gauge,7680.07,330.178,8830.19,172.15,73.6164,46.7715,324.009,611.988,1077.44,853.158,300.002,-6.7586e-09,0.622881,-0.15083,0.194436,0.424079,-0.365912,-2.8544
hover,sfc_gauge,7740.07,319.986,8820,172.145,73.6576,46.6982,324.009,611.029,1075.76,851.988,300.002,-4.11113e-09,0.622308,-0.150837,0.194392,0.423684,-0.365983,-2.85428
hover,sfc_gauge,7800.07,309.81,8809.82,172.141,73.6988,46.6251,324.009,610.073,1074.07,850.821,300.002,-3.00521e-09,0.621735,-0.150843,0.194347,0.42329,-0.366054,-2.85417
hover,sfc_gauge,7860.07,299.65,8799.66,172.136,73.74,46.5522,324.009,609.118,1072.39,849.657,300.002,6.78384e-09,0.621164,-0.15085,0.194302,0.422897,-0.366125,-2.85405
hover,sfc_gauge,7920.07,289.506,8789.52,172.132,73.7813,46.4794,324.009,608.166,1070.71,848.495,300.002,-8.6246e-10,0.620593,-0.150857,0.194257,0.422505,-0.366196,-2.85394
hover,sfc_gauge,7980.07,279.378,8779.39,172.127,73.8225,46.4068,324.009,607.216,1069.04,847.336,300.002,-9.07441e-09,0.620023,-0.150863,0.194213,0.422114,-0.366267,-2.85383
hover,sfc_gauge,8040.07,269.265,8769.28,172.123,73.8638,46.3344,324.009,606.268,1067.37,846.179,300.002,-4.83427e-09,0.619453,-0.15087,0.194168,0.421724,-0.366337,-2.85371
hover,sfc_gauge,8100.07,259.169,8759.18,172.118,73.9052,46.2621,324.009,605.321,1065.71,845.025,300.002,-7.25463e-09,0.618885,-0.150877,0.194123,0.421335,-0.366408,-2.8536
hover,sfc_gauge,8160.07,249.088,8749.1,172.114,73.9466,46.1899,324.009,604.377,1064.04,843.873,300.002,-1.06157e-08,0.618317,-0.150883,0.194079,0.420947,-0.366479,-2.8535
hover,sfc_gauge,8220.07,239.023,8739.04,172.109,73.988,46.1179,324.009,603.435,1062.39,842.724,300.002,-3.50976e-09,0.61775,-0.15089,0.194034,0.42056,-0.36655,-2.85339
hover,sfc_gauge,8280.07,228.973,8728.99,172.105,74.0294,46.0461,324.009,602.496,1060.73,841.578,300.002,-1.18415e-08,0.617184,-0.150897,0.193989,0.420174,-0.36662,-2.85328
hover,sfc_gauge,8340.07,218.94,8718.95,172.1,74.0708,45.9744,324.009,601.558,1059.08,840.434,300.002,-1.40152e-08,0.616618,-0.150903,0.193945,0.419789,-0.366691,-2.85318
hover,sfc_gauge,8400.07,208.921,8708.93,172.096,74.1123,45.9029,324.009,600.622,1057.43,839.293,300.002,1.23665e-09,0.616054,-0.15091,0.1939,0.419404,-0.366762,-2.85307
hover,sfc_gauge,8460.07,198.919,8698.93,172.091,74.1539,45.8315,324.009,599.688,1055.79,838.154,300.002,-4.28174e-09,0.61549,-0.150916,0.193856,0.419021,-0.366832,-2.85297
hover,sfc_gauge,8520.07,188.932,8688.94,172.087,74.1954,45.7603,324.009,598.756,1054.15,837.017,300.002,-6.77416e-09,0.614927,-0.150923,0.193811,0.418639,-0.366903,-2.85287
hover,sfc_gauge,8580.07,178.96,8678.97,172.082,74.237,45.6893,324.009,597.826,1052.51,835.884,300.002,-9.48091e-09,0.614364,-0.15093,0.193767,0.418258,-0.366973,-2.85277
hover,sfc_gauge,8640.07,169.004,8669.02,172.078,74.2786,45.6184,324.009,596.899,1050.88,834.752,300.002,-8.50786e-09,0.613802,-0.150936,0.193722,0.417877,-0.367044,-2.85267
hover,sfc_gauge,8700.07,159.064,8659.08,172.073,74.3203,45.5476,324.009,595.973,1049.25,833.624,300.002,-8.69837e-11,0.613242,-0.150943,0.193678,0.417498,-0.367114,-2.85257
hover,sfc_gauge,8760.07,149.138,8649.15,172.069,74.362,45.477,324.009,595.049,1047.62,832.497,300.002,-1.04743e-08,0.612681,-0.15095,0.193633,0.41712,-0.367185,-2.85247
hover,sfc_gauge,8820.07,139.229,8639.24,172.064,74.4037,45.4066,324.009,594.127,1046,831.374,300.002,-4.11747e-09,0.612122,-0.150956,0.193589,0.416742,-0.367255,-2.85238
hover,sfc_gauge,8880.07,129.334,8629.35,172.06,74.4454,45.3363,324.009,593.207,1044.38,830.252,300.002,6.07851e-09,0.611564,-0.150963,0.193544,0.416366,-0.367326,-2.85228
hover,sfc_gauge,8940.07,119.455,8619.47,172.055,74.4872,45.2661,324.009,592.29,1042.76,829.134,300.002,-1.16471e-08,0.611006,-0.150969,0.1935,0.41599,-0.367396,-2.85219
hover,sfc_gauge,9000.07,109.591,8609.6,172.051,74.529,45.1961,324.009,591.374,1041.15,828.017,300.002,-1.26772e-09,0.610449,-0.150976,0.193456,0.415616,-0.367467,-2.8521
hover,sfc_gauge,9060.07,99.7425,8599.75,172.046,74.5708,45.1263,324.009,590.46,1039.54,826.903,300.002,-5.67279e-09,0.609892,-0.150983,0.193411,0.415242,-0.367537,-2.85201
hover,sfc_gauge,9120.07,89.9091,8589.92,172.042,74.6127,45.0566,324.009,589.548,1037.94,825.792,300.002,-5.43189e-09,0.609337,-0.150989,0.193367,0.414869,-0.367607,-2.85192
hover,sfc_gauge,9180.07,80.0908,8580.1,172.037,74.6546,44.9871,324.009,588.638,1036.33,824.683,300.002,-4.95015e-10,0.608782,-0.150996,0.193322,0.414497,-0.367678,-2.85183
hover,sfc_gauge,9240.07,70.2878,8570.3,172.033,74.6965,44.9177,324.009,587.73,1034.74,823.576,300.002,-8.26716e-09,0.608228,-0.151002,0.193278,0.414126,-0.367748,-2.85174
hover,sfc_gauge,9300.07,60.4998,8560.51,172.028,74.7385,44.8484,324.009,586.824,1033.14,822.472,300.002,-1.02095e-08,0.607674,-0.151009,0.193234,0.413756,-0.367818,-2.85165
hover,sfc_gauge,9360.07,50.7269,8550.74,172.024,74.7804,44.7794,324.009,585.92,1031.55,821.37,300.002,-4.58928e-09,0.607122,-0.151015,0.19319,0.413387,-0.367888,-2.85157
hover,sfc_gauge,9420.07,40.9691,8540.98,172.019,74.8225,44.7104,324.009,585.018,1029.96,820.271,300.002,-1.1896e-08,0.60657,-0.151022,0.193145,0.413019,-0.367959,-2.85149
hover,sfc_gauge,9480.07,31.2263,8531.24,172.015,74.8645,44.6416,324.009,584.118,1028.38,819.174,300.002,-6.35743e-09,0.606019,-0.151029,0.193101,0.412652,-0.368029,-2.8514
hover,sfc_gauge,9540.07,21.4985,8521.51,172.01,74.9066,44.573,324.008,583.22,1026.8,818.08,300.002,-1.26608e-08,0.605469,-0.151035,0.193057,0.412286,-0.368099,-2.85132
hover,sfc_gauge,9600.07,11.7856,8511.8,172.006,74.9487,44.5045,324.008,582.323,1025.22,816.988,300.002,-5.34908e-09,0.604919,-0.151042,0.193013,0.411921,-0.368169,-2.85124
hover,sfc_gauge,9660,2.09978,8502.11,172.001,74.9908,44.4362,324.008,581.43,1023.64,815.9,300.002,-6.92203e-09,0.604371,-0.151048,0.192969,0.411557,-0.368239,-2.85116
hover,sfc_gauge,9672.98,0.00455512,8500.02,172,74.9999,44.4214,324.008,581.237,1023.3,815.664,300.002,-1.15595e-08,0.604252,-0.15105,0.192959,0.411478,-0.368254,-2.85115
hover,sfc_rotor,0.075,1780,10280,172.693,68.5934,5.32142,323.122,306.327,539.308,211.309,300,0,0.706641,-0.222867,0.256908,0.412295,-1.11319e-14,-3.85562e-15
hover,sfc_rotor,60,1770.36,10270.4,172.69,68.6221,57.8175,321.353,580.508,1022.02,1022.01,300.054,0.0401407,0.712167,-0.152105,0.202895,0.490783,-0.419728,-2.89372
hover,sfc_rotor,120,1760.68,10260.7,172.686,68.651,57.5609,323.15,581.301,1023.42,1023.39,300.022,-0.0183152,0.705261,-0.149499,0.202748,0.484897,-0.362477,-2.85501
hover,sfc_rotor,180.075,1750.98,10251,172.683,68.68,57.439,323.732,581.207,1023.25,1023.25,300.007,-0.00102439,0.702741,-0.14999,0.200404,0.483424,-0.419041,-2.8823
hover,sfc_rotor,240.075,1741.29,10241.3,172.68,68.709,57.3475,323.92,580.699,1022.36,1022.36,300.004,-0.00110078,0.701568,-0.149943,0.200148,0.482524,-0.38605,-2.87675
hover,sfc_rotor,300.075,1731.62,10231.6,172.677,68.738,57.2675,323.98,580.072,1021.25,1021.26,300.003,-0.00151615,0.70083,-0.149926,0.200206,0.481933,-0.37233,-2.87793
hover,sfc_rotor,360.075,1721.96,10222,172.674,68.7671,57.1894,324,579.39,1020.05,1020.06,300.002,-0.00192839,0.70022,-0.14991,0.200024,0.481447,-0.386123,-2.87929
hover,sfc_rotor,420.075,1712.31,10212.3,172.671,68.7961,57.1141,324.006,578.719,1018.87,1018.87,300.002,0.000920744,0.699677,-0.150066,0.200006,0.481029,-0.393508,-2.87306
hover,sfc_rotor,480.075,1702.67,10202.7,172.668,68.8252,57.0378,324.008,578.022,1017.64,1017.65,300.001,0.00580403,0.699128,-0.150401,0.199962,0.480637,-0.391376,-2.8692
hover,sfc_rotor,540.075,1693.04,10193.1,172.664,68.8544,56.9644,324.009,577.355,1016.47,1016.47,300.002,0.00128491,0.698611,-0.150104,0.199999,0.480168,-0.375796,-2.87826
hover,sfc_rotor,600.075,1683.42,10183.4,172.661,68.8835,56.8904,324.009,576.675,1015.27,1015.28,300.002,-0.00230885,0.698079,-0.149923,0.200048,0.479754,-0.375339,-2.8769
hover,sfc_rotor,660,1673.83,10173.8,172.658,68.9126,56.817,324.009,575.999,1014.08,1014.1,300.002,-0.00308573,0.697553,-0.14988,0.200135,0.479332,-0.381459,-2.87275
hover,sfc_rotor,720,1664.23,10164.2,172.655,68.9418,56.7381,324.009,575.288,1012.83,1012.83,300.002,-0.000921581,0.697006,-0.150059,0.199958,0.478879,-0.386279,-2.88959
hover,sfc_rotor,780,1654.65,10154.7,172.652,68.971,56.6663,324.009,574.631,1011.67,1011.68,300.002,-0.00224742,0.696498,-0.150022,0.199973,0.47845,-0.377665,-2.89265
hover,sfc_rotor,840,1645.08,10145.1,172.649,69.0002,56.591,324.009,573.946,1010.47,1010.47,300.002,-0.00102975,0.695962,-0.150002,0.199778,0.478087,-0.416187,-2.87749
hover,sfc_rotor,900,1635.52,10135.5,172.645,69.0295,56.5157,324.009,573.265,1009.27,1009.26,300.002,0.00428339,0.695435,-0.150202,0.19999,0.477646,-0.395792,-2.88467
hover,sfc_rotor,960,1625.97,10126,172.642,69.0587,56.4433,324.009,572.594,1008.09,1008.09,300.003,-0.00154443,0.694912,-0.150054,0.199855,0.477205,-0.377344,-2.89407
hover,sfc_rotor,1020,1616.43,10116.4,172.639,69.088,56.3712,324.009,571.94,1006.94,1006.94,300.002,-0.0001394,0.694403,-0.150102,0.199739,0.476846,-0.366432,-2.87865
hover,sfc_rotor,1080,1606.91,10106.9,172.636,69.1173,56.2975,324.009,571.264,1005.75,1005.75,300.002,-0.00167135,0.693873,-0.149984,0.199606,0.476437,-0.369885,-2.87598
hover,sfc_rotor,1140,1597.39,10097.4,172.633,69.1466,56.2229,324.009,570.591,1004.56,1004.56,300.002,-3.40155e-05,0.69335,-0.150093,0.19964,0.476037,-0.388985,-2.87649
hover,sfc_rotor,1200,1587.89,10087.9,172.63,69.176,56.1503,324.009,569.924,1003.39,1003.39,300.002,-0.0010202,0.692827,-0.150059,0.199519,0.475633,-0.393966,-2.87106
hover,sfc_rotor,1260,1578.39,10078.4,172.626,69.2053,56.0765,324.009,569.25,1002.2,1002.2,300.002,-0.000264907,0.692303,-0.1501,0.199535,0.475199,-0.384175,-2.87615
hover,sfc_rotor,1320,1568.91,10068.9,172.623,69.2347,56.005,324.009,568.598,1001.05,1001.05,300.003,-0.00187607,0.691792,-0.150073,0.199465,0.474817,-0.37057,-2.86855
hover,sfc_rotor,1380,1559.44,10059.5,172.62,69.2641,55.9306,324.009,567.918,999.855,999.859,300.002,0.00149613,0.69126,-0.150174,0.199475,0.474392,-0.386919,-2.87454
hover,sfc_rotor,1440,1549.98,10050,172.617,69.2936,55.8541,324.009,567.221,998.628,998.631,300.001,0.00350171,0.69071,-0.150071,0.199082,0.474005,-0.363522,-2.8406
hover,sfc_rotor,1500,1540.53,10040.5,172.614,69.323,55.782,324.009,566.563,997.469,997.467,300.003,-0.00329138,0.690201,-0.150017,0.199532,0.473513,-0.386564,-2.88462
hover,sfc_rotor,1560,1531.09,10031.1,172.611,69.3525,55.7137,324.009,565.941,996.375,996.376,300.002,-0.00105982,0.68971,-0.150101,0.199234,0.473225,-0.376398,-2.85719
hover,sfc_rotor,1620,1521.67,10021.7,172.607,69.382,55.6384,324.009,565.255,995.167,995.165,300.002,-0.0256054,0.689175,-0.149178,0.199908,0.472841,-0.36064,-2.90535
hover,sfc_rotor,1680,1512.25,10012.3,172.604,69.4115,55.5675,324.009,564.606,994.024,994.022,300.002,-0.000100495,0.688665,-0.150106,0.199341,0.472356,-0.372015,-2.87861
hover,sfc_rotor,1740,1502.85,10002.9,172.601,69.441,55.4939,324.009,563.936,992.846,992.846,300.002,-0.00106483,0.688137,-0.150082,0.1992,0.471958,-0.408651,-2.87155
hover,sfc_rotor,1800,1493.45,9993.47,172.598,69.4706,55.4231,324.009,563.284,991.697,991.702,300.002,-0.00157747,0.687625,-0.150122,0.199317,0.47154,-0.370185,-2.87955
hover,sfc_rotor,1860,1484.07,9984.08,172.595,69.5001,55.3513,324.009,562.632,990.549,990.55,300.002,-0.000899282,0.687112,-0.150103,0.199176,0.47116,-0.369545,-2.8733
hover,sfc_rotor,1920,1474.7,9974.71,172.591,69.5297,55.2779,324.009,561.963,989.372,989.372,300.002,-0.00273608,0.686584,-0.150031,0.199088,0.47076,-0.388264,-2.87455
hover,sfc_rotor,1980,1465.34,9965.35,172.588,69.5593,55.209,324.009,561.337,988.27,988.27,300.002,-0.00394402,0.686091,-0.150072,0.199005,0.470401,-0.387181,-2.86367
hover,sfc_rotor,2040,1455.99,9956,172.585,69.589,55.1354,324.009,560.662,987.082,987.083,300,0.0346592,0.685561,-0.15135,0.198879,0.469923,-0.367024,-2.88706
hover,sfc_rotor,2100,1446.65,9946.66,172.582,69.6186,55.0648,324.009,560.018,985.948,985.951,300.002,0.000429773,0.685052,-0.150175,0.19903,0.469573,-0.371497,-2.86998
hover,sfc_rotor,2160,1437.32,9937.33,172.579,69.6483,54.991,324.009,559.348,984.767,984.765,300.002,0.00165229,0.684523,-0.150237,0.199017,0.469145,-0.397184,-2.87495
hover,sfc_rotor,2220,1428.01,9928.02,172.575,69.678,54.9228,324.009,558.728,983.676,983.672,300.001,0.0202768,0.684035,-0.150894,0.199381,0.468746,-0.392804,-2.86305
hover,sfc_rotor,2280,1418.7,9918.71,172.572,69.7077,54.8491,324.009,558.054,982.49,982.487,300.002,0.00160327,0.683502,-0.150258,0.198986,0.468365,-0.399013,-2.87191
hover,sfc_rotor,2340,1409.4,9909.42,172.569,69.7375,54.7806,324.008,557.428,981.388,981.385,300.001,0.0510525,0.683009,-0.152034,0.199182,0.467933,-0.363355,-2.86813
hover,sfc_rotor,2400,1400.12,9900.13,172.566,69.7673,54.7068,324.009,556.754,980.2,980.201,300.002,0.00175712,0.682472,-0.150265,0.198837,0.46756,-0.402236,-2.87204
hover,sfc_rotor,2460.07,1390.83,9890.85,172.562,69.7971,54.6353,324.009,556.106,979.06,979.057,300.002,0.00206377,0.681958,-0.150275,0.198922,0.467177,-0.416806,-2.87059
hover,sfc_rotor,2520.07,1381.57,9881.58,172.559,69.8269,54.5662,324.009,555.47,977.94,977.945,300.002,0.000939429,0.681454,-0.150262,0.198801,0.466792,-0.384933,-2.87129
hover,sfc_rotor,2580.07,1372.32,9872.33,172.556,69.8567,54.4955,324.009,554.826,976.807,976.815,300.002,-0.00178948,0.680942,-0.150127,0.198886,0.466397,-0.394281,-2.86973
hover,sfc_rotor,2640.07,1363.08,9863.09,172.553,69.8866,54.4244,324.009,554.173,975.656,975.667,300.002,-0.00354703,0.680423,-0.150055,0.198757,0.465983,-0.39005,-2.86907
hover,sfc_rotor,2700.07,1353.85,9853.86,172.55,69.9164,54.355,324.009,553.547,974.554,974.554,300.003,-0.00131939,0.679929,-0.150243,0.19872,0.465603,-0.36477,-2.87341
hover,sfc_rotor,2760.07,1344.63,9844.64,172.546,69.9463,54.2848,324.009,552.906,973.427,973.43,300.002,0.0013585,0.679418,-0.150254,0.198637,0.465228,-0.375692,-2.87028
hover,sfc_rotor,2820.07,1335.42,9835.43,172.543,69.9762,54.2161,324.008,552.282,972.328,972.326,299.999,0.0486347,0.678923,-0.15186,0.198708,0.464785,-0.367277,-2.87549
hover,sfc_rotor,2880.07,1326.22,9826.23,172.54,70.0062,54.1433,324.009,551.619,971.16,971.158,300.002,0.000466158,0.678394,-0.150249,0.19859,0.464437,-0.393161,-2.87323
hover,sfc_rotor,2940.07,1317.03,9817.04,172.537,70.0361,54.0734,324.009,550.981,970.037,970.036,300.002,0.000819469,0.677886,-0.150275,0.198546,0.464033,-0.39018,-2.87571
hover,sfc_rotor,3000.07,1307.85,9807.86,172.533,70.0661,54.0042,324.008,550.349,968.925,968.926,300.002,-0.00106256,0.677382,-0.150249,0.198527,0.46366,-0.39459,-2.87017
hover,sfc_rotor,3060.07,1298.68,9798.69,172.53,70.0961,53.9345,324.009,549.72,967.817,967.811,300.002,-0.000182025,0.676881,-0.150282,0.198492,0.463303,-0.385858,-2.87115
hover,sfc_rotor,3120.07,1289.53,9789.54,172.527,70.1261,53.8653,324.009,549.085,966.699,966.699,300.002,0.0030932,0.676372,-0.150406,0.198452,0.462906,-0.383877,-2.86959
hover,sfc_rotor,3180.07,1280.38,9780.39,172.524,70.1562,53.7954,324.009,548.447,965.576,965.579,300.002,0.00157181,0.675863,-0.150356,0.198404,0.46252,-0.389551,-2.86912
hover,sfc_rotor,3240.07,1271.25,9771.26,172.52,70.1862,53.7262,324.009,547.816,964.465,964.468,300.002,-0.000241018,0.675357,-0.150312,0.198306,0.462152,-0.391174,-2.86253
hover,sfc_rotor,3300.07,1262.12,9762.13,172.517,70.2163,53.6552,324.009,547.174,963.334,963.33,300.002,0.00284088,0.674847,-0.150426,0.198566,0.461719,-0.397019,-2.87684
hover,sfc_rotor,3360.07,1253.01,9753.02,172.514,70.2464,53.5876,324.008,546.553,962.241,962.242,300.002,0.00973035,0.674348,-0.150679,0.198276,0.461341,-0.382531,-2.86879
hover,sfc_rotor,3420.07,1243.9,9743.91,172.511,70.2766,53.5196,324.009,545.932,961.148,961.154,300.002,-0.00158321,0.673847,-0.150188,0.198144,0.461003,-0.381714,-2.86186
hover,sfc_rotor,3480.07,1234.81,9734.82,172.507,70.3067,53.4472,324.009,545.271,959.985,959.987,300.002,-0.00099216,0.673321,-0.150276,0.198309,0.460548,-0.418819,-2.888
hover,sfc_rotor,3540.07,1225.73,9725.74,172.504,70.3369,53.3824,324.008,544.683,958.949,958.95,300.002,-0.0044113,0.672849,-0.150207,0.198185,0.460225,-0.359104,-2.86843
hover,sfc_rotor,3600.07,1216.65,9716.66,172.501,70.3671,53.3136,324.008,544.057,957.847,957.848,300.002,7.35115e-05,0.672346,-0.150285,0.198145,0.459847,-0.359923,-2.86803
hover,sfc_rotor,3660.07,1207.59,9707.6,172.498,70.3973,53.245,324.008,543.432,956.747,956.748,300.002,1.26982e-05,0.671844,-0.15029,0.198109,0.459468,-0.360147,-2.86788
hover,sfc_rotor,3720.07,1198.54,9698.55,172.494,70.4275,53.1766,324.008,542.809,955.649,955.651,300.002,-4.86511e-08,0.671343,-0.150295,0.198073,0.459089,-0.360202,-2.86771
hover,sfc_rotor,3780.07,1189.5,9689.51,172.491,70.4578,53.1083,324.008,542.186,954.553,954.555,300.002,4.78712e-09,0.670842,-0.1503,0.198037,0.458711,-0.360258,-2.86754
hover,sfc_rotor,3840.07,1180.47,9680.48,172.488,70.4881,53.04,324.008,541.565,953.459,953.461,300.002,1.06579e-08,0.670342,-0.150305,0.198001,0.458334,-0.360314,-2.86738
hover,sfc_rotor,3900.07,1171.44,9671.46,172.485,70.5184,52.9719,324.008,540.945,952.367,952.369,300.002,1.86805e-08,0.669842,-0.15031,0.197965,0.457957,-0.36037,-2.86721
hover,sfc_rotor,3960.07,1162.43,9662.44,172.481,70.5487,52.9039,324.008,540.325,951.277,951.278,300.002,1.29769e-08,0.669343,-0.150316,0.197928,0.457582,-0.360426,-2.86704
hover,sfc_rotor,4020.07,1153.43,9653.44,172.478,70.579,52.836,324.008,539.707,950.188,950.19,300.002,1.30864e-08,0.668844,-0.150321,0.197892,0.457207,-0.360483,-2.86688
hover,sfc_rotor,4080.07,1144.44,9644.45,172.475,70.6094,52.7683,324.008,539.09,949.102,949.103,300.002,1.31793e-08,0.668346,-0.150326,0.197856,0.456832,-0.360539,-2.86672
hover,sfc_rotor,4140.07,1135.46,9635.47,172.471,70.6398,52.7006,324.008,538.474,948.017,948.018,300.002,2.20636e-08,0.667848,-0.150332,0.19782,0.456458,-0.360595,-2.86655
hover,sfc_rotor,4200.07,1126.49,9626.51,172.468,70.6702,52.6331,324.008,537.859,946.934,946.935,300.002,2.36966e-08,0.66735,-0.150337,0.197784,0.456085,-0.360652,-2.86639
hover,sfc_rotor,4260.07,1117.54,9617.55,172.465,70.7006,52.5656,324.008,537.244,945.853,945.854,300.002,2.05244e-08,0.666854,-0.150342,0.197748,0.455713,-0.360708,-2.86623
hover,sfc_rotor,4320.07,1108.59,9608.6,172.462,70.7311,52.4983,324.008,536.631,944.774,944.775,300.002,1.56831e-08,0.666357,-0.150347,0.197712,0.455341,-0.360764,-2.86607
hover,sfc_rotor,4380.07,1099.65,9599.66,172.458,70.7616,52.4311,324.008,536.019,943.696,943.697,300.002,1.89333e-08,0.665862,-0.150353,0.197676,0.454971,-0.36082,-2.86591
hover,sfc_rotor,4440.07,1090.72,9590.73,172.455,70.7921,52.364,324.008,535.408,942.62,942.622,300.002,1.22536e-08,0.665366,-0.150358,0.19764,0.4546,-0.360877,-2.86575
hover,sfc_rotor,4500.07,1081.8,9581.81,172.452,70.8226,52.297,324.008,534.798,941.547,941.548,300.002,1.54046e-08,0.664871,-0.150363,0.197604,0.454231,-0.360933,-2.86559
hover,sfc_rotor,4560.07,1072.89,9572.9,172.448,70.8531,52.2301,324.008,534.189,940.474,940.476,300.002,1.05832e-08,0.664377,-0.150369,0.197568,0.453862,-0.360989,-2.86543
hover,sfc_rotor,4620.07,1063.99,9564.01,172.445,70.8837,52.1633,324.008,533.582,939.404,939.405,300.002,1.40421e-08,0.663883,-0.150374,0.197532,0.453494,-0.361046,-2.86527
hover,sfc_rotor,4680.07,1055.11,9555.12,172.442,70.9143,52.0966,324.008,532.975,938.336,938.337,300.002,1.09857e-08,0.66339,-0.150379,0.197496,0.453126,-0.361102,-2.86511
hover,sfc_rotor,4740.07,1046.23,9546.24,172.438,70.9449,52.03,324.008,532.369,937.269,937.27,300.002,8.19681e-09,0.662897,-0.150384,0.197461,0.45276,-0.361158,-2.86496
hover,sfc_rotor,4800.07,1037.36,9537.37,172.435,70.9755,51.9636,324.008,531.764,936.204,936.205,300.002,7.75982e-09,0.662405,-0.15039,0.197425,0.452393,-0.361215,-2.8648
hover,sfc_rotor,4860.07,1028.5,9528.51,172.432,71.0062,51.8972,324.008,531.16,935.141,935.142,300.002,2.09326e-08,0.661913,-0.150395,0.197389,0.452028,-0.361271,-2.86465
hover,sfc_rotor,4920.07,1019.66,9519.67,172.428,71.0369,51.831,324.008,530.557,934.08,934.081,300.002,2.26702e-08,0.661421,-0.1504,0.197353,0.451663,-0.361327,-2.86449
hover,sfc_rotor,4980.07,1010.82,9510.83,172.425,71.0676,51.7649,324.008,529.955,933.02,933.021,300.002,2.02519e-08,0.66093,-0.150405,0.197317,0.451299,-0.361383,-2.86434
hover,sfc_rotor,5040.07,1001.99,9502,172.422,71.0983,51.6989,324.008,529.355,931.962,931.964,300.002,2.12818e-08,0.66044,-0.150411,0.197281,0.450936,-0.36144,-2.86419
hover,sfc_rotor,5100.07,993.172,9493.18,172.418,71.129,51.6329,324.008,528.755,930.906,930.908,300.002,2.23601e-08,0.65995,-0.150416,0.197245,0.450573,-0.361496,-2.86404
hover,sfc_rotor,5160.07,984.365,9484.38,172.415,71.1598,51.5671,324.008,528.156,929.852,929.853,300.002,2.11173e-08,0.659461,-0.150421,0.197209,0.450211,-0.361552,-2.86389
hover,sfc_rotor,5220.07,975.567,9475.58,172.412,71.1906,51.5014,324.008,527.558,928.8,928.801,300.002,1.55093e-08,0.658971,-0.150427,0.197173,0.44985,-0.361609,-2.86374
hover,sfc_rotor,5280.07,966.779,9466.79,172.408,71.2214,51.4358,324.008,526.961,927.749,927.75,300.002,1.91702e-08,0.658483,-0.150432,0.197137,0.449489,-0.361665,-2.86359
hover,sfc_rotor,5340.07,958.002,9458.01,172.405,71.2522,51.3704,324.008,526.366,926.7,926.701,300.002,1.69971e-08,0.657995,-0.150437,0.197101,0.449129,-0.361721,-2.86344
hover,sfc_rotor,5400.07,949.234,9449.24,172.402,71.2831,51.305,324.008,525.771,925.653,925.654,300.002,1.56613e-08,0.657507,-0.150442,0.197065,0.44877,-0.361778,-2.86329
hover,sfc_rotor,5460.07,940.476,9440.49,172.398,71.314,51.2397,324.008,525.177,924.607,924.609,300.002,2.26634e-08,0.65702,-0.150448,0.197029,0.448411,-0.361834,-2.86314
hover,sfc_rotor,5520.07,931.728,9431.74,172.395,71.3449,51.1745,324.008,524.584,923.564,923.565,300.002,1.7546e-08,0.656534,-0.150453,0.196993,0.448053,-0.36189,-2.863
hover,sfc_rotor,5580.07,922.99,9423,172.392,71.3758,51.1095,324.008,523.992,922.522,922.523,300.002,1.74632e-08,0.656047,-0.150458,0.196957,0.447696,-0.361947,-2.86285
hover,sfc_rotor,5640.07,914.262,9414.27,172.388,71.4067,51.0445,324.008,523.401,921.481,921.483,300.002,2.32641e-08,0.655562,-0.150464,0.196922,0.447339,-0.362003,-2.8627
hover,sfc_rotor,5700.07,905.543,9405.55,172.385,71.4377,50.9797,324.008,522.811,920.443,920.444,300.002,2.27947e-08,0.655077,-0.150469,0.196886,0.446983,-0.362059,-2.86256
hover,sfc_rotor,5760.07,896.835,9396.85,172.382,71.4687,50.9149,324.008,522.223,919.406,919.407,300.002,1.97307e-08,0.654592,-0.150474,0.19685,0.446628,-0.362116,-2.86242
hover,sfc_rotor,5820.07,888.136,9388.15,172.378,71.4997,50.8503,324.008,521.635,918.371,918.372,300.002,1.00417e-08,0.654108,-0.150479,0.196814,0.446274,-0.362172,-2.86227
hover,sfc_rotor,5880.07,879.447,9379.46,172.375,71.5307,50.7857,324.008,521.048,917.338,917.339,300.002,1.03838e-08,0.653624,-0.150485,0.196778,0.44592,-0.362228,-2.86213
hover,sfc_rotor,5940.07,870.767,9370.78,172.372,71.5618,50.7213,324.008,520.462,916.306,916.307,300.002,1.4533e-08,0.65314,-0.15049,0.196742,0.445566,-0.362284,-2.86199
hover,sfc_rotor,6000.07,862.098,9362.11,172.368,71.5929,50.657,324.008,519.877,915.276,915.277,300.002,1.74794e-08,0.652658,-0.150495,0.196706,0.445214,-0.362341,-2.86185
hover,sfc_rotor,6060.07,853.438,9353.45,172.365,71.624,50.5928,324.008,519.293,914.248,914.249,300.002,1.86062e-08,0.652175,-0.150501,0.19667,0.444862,-0.362397,-2.86171
hover,sfc_rotor,6120.07,844.788,9344.8,172.362,71.6551,50.5286,324.008,518.71,913.221,913.223,300.002,4.71475e-09,0.651693,-0.150506,0.196635,0.44451,-0.362453,-2.86157
hover,sfc_rotor,6180.07,836.148,9336.16,172.358,71.6862,50.4646,324.008,518.128,912.197,912.198,300.002,1.03862e-08,0.651212,-0.150511,0.196599,0.444159,-0.36251,-2.86143
hover,sfc_rotor,6240.07,827.517,9327.53,172.355,71.7174,50.4007,324.008,517.547,911.174,911.175,300.002,1.16484e-08,0.650731,-0.150516,0.196563,0.443809,-0.362566,-2.86129
hover,sfc_rotor,6300.07,818.896,9318.91,172.352,71.7486,50.3369,324.008,516.966,910.152,910.153,300.002,6.62389e-09,0.65025,-0.150522,0.196527,0.44346,-0.362622,-2.86116
hover,sfc_rotor,6360.07,810.285,9310.3,172.348,71.7798,50.2732,324.008,516.387,909.132,909.134,300.002,7.63736e-09,0.64977,-0.150527,0.196491,0.443111,-0.362679,-2.86102
hover,sfc_rotor,6420.07,801.683,9301.69,172.345,71.811,50.2096,324.008,515.809,908.114,908.116,300.002,6.70423e-09,0.649291,-0.150532,0.196455,0.442763,-0.362735,-2.86088
hover,sfc_rotor,6480.07,793.091,9293.1,172.341,71.8423,50.1461,324.008,515.232,907.098,907.099,300.002,1.59008e-08,0.648812,-0.150537,0.19642,0.442416,-0.362791,-2.86075
hover,sfc_rotor,6540.07,784.509,9284.52,172.338,71.8736,50.0827,324.008,514.655,906.084,906.085,300.002,2.03357e-08,0.648333,-0.150543,0.196384,0.442069,-0.362848,-2.86061
hover,sfc_rotor,6600.07,775.936,9275.95,172.335,71.9049,50.0194,324.008,514.08,905.071,905.072,300.002,1.87507e-08,0.647855,-0.150548,0.196348,0.441723,-0.362904,-2.86048
hover,sfc_rotor,6660.07,767.373,9267.38,172.331,71.9362,49.9562,324.008,513.506,904.059,904.061,300.002,1.13416e-08,0.647377,-0.150553,0.196312,0.441377,-0.36296,-2.86035
hover,sfc_rotor,6720.07,758.819,9258.83,172.328,71.9676,49.8931,324.008,512.932,903.05,903.051,300.002,1.67629e-08,0.6469,-0.150559,0.196276,0.441032,-0.363016,-2.86022
hover,sfc_rotor,6780.07,750.275,9250.29,172.324,71.9989,49.8301,324.008,512.36,902.042,902.043,300.002,1.96753e-08,0.646423,-0.150564,0.196241,0.440688,-0.363073,-2.86008
hover,sfc_rotor,6840.07,741.741,9241.75,172.321,72.0303,49.7672,324.008,511.788,901.035,901.037,300.002,1.74228e-08,0.645947,-0.150569,0.196205,0.440345,-0.363129,-2.85995
hover,sfc_rotor,6900.07,733.216,9233.23,172.318,72.0618,49.7044,324.008,511.218,900.031,900.032,300.002,2.32049e-08,0.645471,-0.150574,0.196169,0.440002,-0.363185,-2.85982
hover,sfc_rotor,6960.07,724.7,9224.71,172.314,72.0932,49.6418,324.008,510.648,899.028,899.029,300.002,1.62395e-08,0.644995,-0.15058,0.196133,0.439659,-0.363242,-2.8597
hover,sfc_rotor,7020.07,716.194,9216.2,172.311,72.1247,49.5792,324.008,510.079,898.027,898.028,300.002,1.10384e-08,0.64452,-0.150585,0.196097,0.439318,-0.363298,-2.85957
hover,sfc_rotor,7080.07,707.697,9207.71,172.307,72.1562,49.5167,324.008,509.511,897.027,897.028,300.002,1.85244e-08,0.644046,-0.15059,0.196062,0.438977,-0.363354,-2.85944
hover,sfc_rotor,7140.07,699.21,9199.22,172.304,72.1877,49.4543,324.008,508.944,896.029,896.03,300.002,1.85048e-08,0.643572,-0.150596,0.196026,0.438636,-0.363411,-2.85931
hover,sfc_rotor,7200.07,690.733,9190.74,172.301,72.2192,49.392,324.008,508.379,895.033,895.034,300.002,1.16464e-08,0.643098,-0.150601,0.19599,0.438296,-0.363467,-2.85919
hover,sfc_rotor,7260.07,682.264,9182.27,172.297,72.2508,49.3298,324.008,507.814,894.038,894.039,300.002,9.4691e-09,0.642625,-0.150606,0.195954,0.437957,-0.363523,-2.85906
hover,sfc_rotor,7320.07,673.805,9173.82,172.294,72.2824,49.2677,324.008,507.249,893.045,893.046,300.002,1.60768e-08,0.642152,-0.150611,0.195919,0.437619,-0.363579,-2.85894
hover,sfc_rotor,7380.07,665.356,9165.37,172.29,72.314,49.2058,324.008,506.686,892.053,892.055,300.002,1.59794e-09,0.64168,-0.150617,0.195883,0.437281,-0.363636,-2.85881
hover,sfc_rotor,7440.07,656.916,9156.93,172.287,72.3456,49.1439,324.008,506.124,891.064,891.065,300.002,1.30449e-08,0.641208,-0.150622,0.195847,0.436944,-0.363692,-2.85869
hover,sfc_rotor,7500.07,648.485,9148.5,172.284,72.3772,49.0821,324.008,505.563,890.075,890.077,300.002,1.90076e-08,0.640737,-0.150627,0.195811,0.436607,-0.363748,-2.85857
hover,sfc_rotor,7560.07,640.064,9140.07,172.28,72.4089,49.0204,324.008,505.002,889.089,889.09,300.002,1.19072e-08,0.640266,-0.150632,0.195776,0.436271,-0.363804,-2.85844
hover,sfc_rotor,7620.07,631.652,9131.66,172.277,72.4406,48.9588,324.008,504.443,888.104,888.105,300.002,2.15713e-08,0.639796,-0.150638,0.19574,0.435936,-0.363861,-2.85832
hover,sfc_rotor,7680.07,623.249,9123.26,172.273,72.4723,48.8973,324.008,503.884,887.12,887.122,300.002,8.57836e-09,0.639326,-0.150643,0.195704,0.435601,-0.363917,-2.8582
hover,sfc_rotor,7740.07,614.855,9114.87,172.27,72.5041,48.8359,324.008,503.327,886.139,886.14,300.002,7.89304e-09,0.638856,-0.150648,0.195669,0.435267,-0.363973,-2.85808
hover,sfc_rotor,7800.07,606.471,9106.48,172.266,72.5358,48.7746,324.008,502.77,885.159,885.16,300.002,7.81237e-09,0.638387,-0.150654,0.195633,0.434933,-0.36403,-2.85797
hover,sfc_rotor,7860.07,598.096,9098.11,172.263,72.5676,48.7134,324.008,502.214,884.18,884.181,300.002,2.30756e-08,0.637918,-0.150659,0.195597,0.4346,-0.364086,-2.85785
hover,sfc_rotor,7920.07,589.731,9089.74,172.26,72.5994,48.6523,324.008,501.659,883.203,883.204,300.002,1.76018e-08,0.63745,-0.150664,0.195561,0.434268,-0.364142,-2.85773
hover,sfc_rotor,7980.07,581.374,9081.38,172.256,72.6313,48.5913,324.008,501.105,882.228,882.229,300.002,1.55937e-08,0.636982,-0.150669,0.195526,0.433936,-0.364198,-2.85761
hover,sfc_rotor,8040.07,573.027,9073.04,172.253,72.6631,48.5304,324.008,500.552,881.254,881.255,300.002,2.12666e-08,0.636515,-0.150675,0.19549,0.433605,-0.364255,-2.8575
hover,sfc_rotor,8100.07,564.689,9064.7,172.249,72.695,48.4696,324.008,500,880.282,880.283,300.002,7.41974e-09,0.636048,-0.15068,0.195454,0.433275,-0.364311,-2.85738
hover,sfc_rotor,8160.07,556.361,9056.37,172.246,72.7269,48.4089,324.008,499.449,879.312,879.313,300.002,1.44199e-08,0.635582,-0.150685,0.195419,0.432945,-0.364367,-2.85727
hover,sfc_rotor,8220.07,548.041,9048.05,172.242,72.7589,48.3483,324.007,498.899,878.343,878.344,300.002,1.62925e-08,0.635116,-0.150691,0.195383,0.432616,-0.364423,-2.85715
hover,sfc_rotor,8280.07,539.731,9039.74,172.239,72.7908,48.2878,324.007,498.349,877.375,877.376,300.002,1.39286e-08,0.63465,-0.150696,0.195347,0.432287,-0.36448,-2.85704
hover,sfc_rotor,8340.07,531.429,9031.44,172.235,72.8228,48.2273,324.007,497.801,876.41,876.411,300.002,1.04337e-08,0.634185,-0.150701,0.195312,0.431959,-0.364536,-2.85693
hover,sfc_rotor,8400.07,523.137,9023.15,172.232,72.8548,48.167,324.007,497.253,875.445,875.447,300.002,2.186e-08,0.63372,-0.150706,0.195276,0.431632,-0.364592,-2.85682
hover,sfc_rotor,8460.07,514.854,9014.86,172.228,72.8868,48.1068,324.007,496.706,874.483,874.484,300.002,1.29445e-08,0.633256,-0.150712,0.195241,0.431305,-0.364648,-2.85671
hover,sfc_rotor,8520.07,506.58,9006.59,172.225,72.9189,48.0466,324.007,496.16,873.522,873.523,300.002,1.10187e-08,0.632792,-0.150717,0.195205,0.430979,-0.364704,-2.8566
hover,sfc_rotor,8580.07,498.316,8998.33,172.222,72.9509,47.9866,324.007,495.615,872.562,872.563,300.002,1.74933e-08,0.632329,-0.150722,0.195169,0.430653,-0.364761,-2.85649
hover,sfc_rotor,8640.07,490.06,8990.07,172.218,72.983,47.9267,324.007,495.071,871.604,871.605,300.002,1.13574e-08,0.631866,-0.150727,0.195134,0.430328,-0.364817,-2.85638
hover,sfc_rotor,8700.07,481.813,8981.82,172.215,73.0152,47.8668,324.007,494.528,870.648,870.649,300.002,1.41842e-08,0.631404,-0.150733,0.195098,0.430004,-0.364873,-2.85627
hover,sfc_rotor,8760.07,473.576,8973.59,172.211,73.0473,47.8071,324.007,493.986,869.693,869.694,300.002,2.45671e-08,0.630942,-0.150738,0.195063,0.42968,-0.364929,-2.85616
hover,sfc_rotor,8820.07,465.347,8965.36,172.208,73.0795,47.7474,324.007,493.444,868.74,868.741,300.002,1.52921e-08,0.63048,-0.150743,0.195027,0.429357,-0.364986,-2.85606
hover,sfc_rotor,8880.07,457.127,8957.14,172.204,73.1117,47.6878,324.007,492.904,867.788,867.789,300.002,2.1903e-08,0.630019,-0.150749,0.194991,0.429034,-0.365042,-2.85595
hover,sfc_rotor,8940.07,448.917,8948.93,172.201,73.1439,47.6284,324.007,492.364,866.838,866.839,300.002,1.56384e-08,0.629558,-0.150754,0.194956,0.428712,-0.365098,-2.85585
hover,sfc_rotor,9000.07,440.715,8940.73,172.197,73.1761,47.569,324.007,491.825,865.889,865.89,300.002,2.09933e-08,0.629098,-0.150759,0.19492,0.428391,-0.365154,-2.85574
hover,sfc_rotor,9060.07,432.523,8932.53,172.194,73.2084,47.5097,324.007,491.287,864.942,864.943,300.002,1.46553e-08,0.628638,-0.150764,0.194885,0.42807,-0.36521,-2.85564
hover,sfc_rotor,9120.07,424.339,8924.35,172.19,73.2407,47.4505,324.007,490.75,863.997,863.998,300.002,1.6301e-08,0.628179,-0.15077,0.194849,0.42775,-0.365267,-2.85554
hover,sfc_rotor,9180.07,416.164,8916.17,172.187,73.273,47.3914,324.007,490.214,863.053,863.054,300.002,2.10902e-08,0.62772,-0.150775,0.194813,0.42743,-0.365323,-2.85544
hover,sfc_rotor,9240.07,407.999,8908.01,172.183,73.3053,47.3324,324.007,489.679,862.11,862.111,300.002,1.22472e-08,0.627261,-0.15078,0.194778,0.427111,-0.365379,-2.85534
hover,sfc_rotor,9300.07,399.842,8899.85,172.18,73.3377,47.2735,324.007,489.144,861.169,861.17,300.002,6.19869e-09,0.626803,-0.150785,0.194742,0.426792,-0.365435,-2.85524
hover,sfc_rotor,9360.07,391.694,8891.7,172.176,73.37,47.2147,324.007,488.611,860.23,860.231,300.002,1.99609e-08,0.626345,-0.150791,0.194707,0.426475,-0.365491,-2.85514
hover,sfc_rotor,9420.07,383.555,8883.56,172.173,73.4025,47.156,324.007,488.078,859.292,859.293,300.002,1.86082e-08,0.625888,-0.150796,0.194671,0.426157,-0.365547,-2.85504
hover,sfc_rotor,9480.07,375.424,8875.43,172.169,73.4349,47.0974,324.007,487.546,858.356,858.357,300.002,1.2712e-08,0.625431,-0.150801,0.194636,0.425841,-0.365604,-2.85494
hover,sfc_rotor,9540.07,367.303,8867.31,172.166,73.4673,47.0388,324.007,487.015,857.421,857.422,300.002,1.50077e-08,0.624975,-0.150806,0.1946,0.425525,-0.36566,-2.85484
hover,sfc_rotor,9600.07,359.191,8859.2,172.162,73.4998,46.9804,324.007,486.485,856.487,856.489,300.002,1.86435e-08,0.624519,-0.150812,0.194565,0.425209,-0.365716,-2.85474
hover,sfc_rotor,9660,351.097,8851.11,172.159,73.5323,46.9221,324.007,485.956,855.557,855.558,300.002,1.49768e-08,0.624064,-0.150817,0.194529,0.424894,-0.365772,-2.85465
hover,sfc_rotor,9720,343.002,8843.01,172.155,73.5648,46.8638,324.007,485.428,854.626,854.627,300.002,1.19664e-08,0.623608,-0.150822,0.194494,0.42458,-0.365828,-2.85455
hover,sfc_rotor,9780,334.916,8834.93,172.152,73.5974,46.8057,324.007,484.9,853.697,853.699,300.002,1.81649e-08,0.623154,-0.150828,0.194458,0.424266,-0.365884,-2.85446
hover,sfc_rotor,9840,326.839,8826.85,172.148,73.6299,46.7476,324.007,484.373,852.77,852.771,300.002,1.19974e-08,0.622699,-0.150833,0.194423,0.423953,-0.36594,-2.85437
hover,sfc_rotor,9900,318.77,8818.78,172.145,73.6625,46.6896,324.007,483.848,851.844,851.845,300.002,1.1279e-08,0.622246,-0.150838,0.194387,0.423641,-0.365996,-2.85427
hover,sfc_rotor,9960,310.711,8810.72,172.141,73.6952,46.6317,324.007,483.323,850.92,850.921,300.002,1.67005e-08,0.621792,-0.150843,0.194352,0.423328,-0.366053,-2.85418
hover,sfc_rotor,10020,302.66,8802.67,172.138,73.7278,46.5739,324.007,482.798,849.997,849.998,300.002,1.27463e-08,0.621339,-0.150849,0.194316,0.423017,-0.366109,-2.85409
hover,sfc_rotor,10080,294.617,8794.63,172.134,73.7605,46.5162,324.007,482.275,849.076,849.077,300.002,1.05428e-08,0.620886,-0.150854,0.194281,0.422706,-0.366165,-2.854
hover,sfc_rotor,10140,286.584,8786.59,172.13,73.7932,46.4586,324.007,481.753,848.156,848.157,300.002,1.05685e-08,0.620434,-0.150859,0.194246,0.422396,-0.366221,-2.85391
hover,sfc_rotor,10200,278.559,8778.57,172.127,73.8259,46.401,324.007,481.231,847.237,847.239,300.002,1.25723e-08,0.619983,-0.150864,0.19421,0.422086,-0.366277,-2.85382
hover,sfc_rotor,10260,270.543,8770.55,172.123,73.8586,46.3436,324.007,480.71,846.321,846.322,300.002,1.66536e-08,0.619531,-0.15087,0.194175,0.421777,-0.366333,-2.85373
hover,sfc_rotor,10320,262.535,8762.55,172.12,73.8914,46.2862,324.007,480.19,845.405,845.406,300.002,1.43763e-08,0.61908,-0.150875,0.194139,0.421468,-0.366389,-2.85364
hover,sfc_rotor,10380,254.536,8754.55,172.116,73.9242,46.229,324.007,479.671,844.491,844.492,300.002,1.33613e-08,0.61863,-0.15088,0.194104,0.42116,-0.366445,-2.85356
hover,sfc_rotor,10440,246.546,8746.56,172.113,73.957,46.1718,324.007,479.153,843.579,843.58,300.002,1.08769e-08,0.61818,-0.150885,0.194068,0.420853,-0.366501,-2.85347
hover,sfc_rotor,10500,238.565,8738.57,172.109,73.9899,46.1147,324.007,478.635,842.668,842.669,300.002,1.19157e-08,0.61773,-0.150891,0.194033,0.420546,-0.366557,-2.85339
hover,sfc_rotor,10560,230.592,8730.6,172.106,74.0227,46.0577,324.007,478.119,841.758,841.759,300.002,7.62762e-09,0.617281,-0.150896,0.193998,0.420239,-0.366613,-2.8533
hover,sfc_rotor,10620,222.627,8722.64,172.102,74.0556,46.0008,324.007,477.603,840.85,840.851,300.002,6.13588e-09,0.616832,-0.150901,0.193962,0.419934,-0.366669,-2.85322
hover,sfc_rotor,10680,214.671,8714.68,172.099,74.0885,45.944,324.007,477.088,839.943,839.944,300.002,1.8673e-08,0.616383,-0.150906,0.193927,0.419628,-0.366726,-2.85313
hover,sfc_rotor,10740,206.724,8706.73,172.095,74.1215,45.8873,324.007,476.574,839.038,839.039,300.002,1.4154e-08,0.615935,-0.150912,0.193891,0.419324,-0.366782,-2.85305
hover,sfc_rotor,10800,198.786,8698.8,172.091,74.1544,45.8307,324.007,476.06,838.134,838.135,300.002,1.17237e-08,0.615488,-0.150917,0.193856,0.41902,-0.366838,-2.85297
hover,sfc_rotor,10860,190.856,8690.87,172.088,74.1874,45.7741,324.007,475.548,837.232,837.233,300.002,1.61075e-08,0.615041,-0.150922,0.193821,0.418716,-0.366894,-2.85289
hover,sfc_rotor,10920,182.934,8682.94,172.084,74.2204,45.7177,324.007,475.036,836.331,836.332,300.002,1.14131e-08,0.614594,-0.150927,0.193785,0.418413,-0.36695,-2.85281
hover,sfc_rotor,10980,175.021,8675.03,172.081,74.2535,45.6613,324.007,474.525,835.432,835.433,300.002,1.83815e-08,0.614148,-0.150933,0.19375,0.418111,-0.367006,-2.85273
hover,sfc_rotor,11040,167.117,8667.13,172.077,74.2865,45.605,324.007,474.015,834.534,834.535,300.002,9.55075e-09,0.613702,-0.150938,0.193715,0.417809,-0.367062,-2.85265
hover,sfc_rotor,11100,159.221,8659.23,172.074,74.3196,45.5488,324.007,473.506,833.637,833.638,300.002,1.73837e-08,0.613256,-0.150943,0.193679,0.417508,-0.367118,-2.85257
hover,sfc_rotor,11160,151.333,8651.34,172.07,74.3527,45.4927,324.007,472.997,832.742,832.743,300.002,7.63367e-09,0.612811,-0.150948,0.193644,0.417207,-0.367174,-2.8525
hover,sfc_rotor,11220,143.454,8643.46,172.066,74.3859,45.4367,324.007,472.49,831.848,831.85,300.002,1.0108e-08,0.612366,-0.150954,0.193609,0.416907,-0.36723,-2.85242
hover,sfc_rotor,11280,135.583,8635.59,172.063,74.419,45.3807,324.007,471.983,830.956,830.957,300.002,8.87039e-09,0.611922,-0.150959,0.193573,0.416607,-0.367286,-2.85234
hover,sfc_rotor,11340,127.721,8627.73,172.059,74.4522,45.3249,324.007,471.477,830.065,830.066,300.002,1.06818e-08,0.611478,-0.150964,0.193538,0.416308,-0.367342,-2.85227
hover,sfc_rotor,11400,119.867,8619.88,172.056,74.4854,45.2691,324.007,470.972,829.176,829.177,300.002,1.32737e-08,0.611034,-0.150969,0.193503,0.416009,-0.367398,-2.85219
hover,sfc_rotor,11460,112.022,8612.03,172.052,74.5187,45.2135,324.007,470.468,828.288,828.289,300.002,1.55517e-08,0.610591,-0.150975,0.193467,0.415711,-0.367454,-2.85212
hover,sfc_rotor,11520,104.185,8604.19,172.048,74.5519,45.1579,324.007,469.964,827.401,827.402,300.002,9.97507e-10,0.610149,-0.15098,0.193432,0.415414,-0.36751,-2.85205
hover,sfc_rotor,11580,96.3566,8596.37,172.045,74.5852,45.1024,324.007,469.461,826.516,826.517,300.002,1.53505e-08,0.609706,-0.150985,0.193397,0.415117,-0.367566,-2.85198
hover,sfc_rotor,11640,88.5364,8588.55,172.041,74.6185,45.047,324.007,468.959,825.632,825.634,300.002,1.28977e-08,0.609265,-0.15099,0.193362,0.414821,-0.367621,-2.85191
hover,sfc_rotor,11700,80.7246,8580.73,172.038,74.6519,44.9916,324.007,468.458,824.75,824.751,300.002,1.21227e-08,0.608823,-0.150996,0.193326,0.414525,-0.367677,-2.85184
hover,sfc_rotor,11760,72.9211,8572.93,172.034,74.6852,44.9364,324.007,467.958,823.869,823.87,300.002,1.41832e-08,0.608382,-0.151001,0.193291,0.414229,-0.367733,-2.85177
hover,sfc_rotor,11820,65.126,8565.14,172.03,74.7186,44.8812,324.007,467.458,822.99,822.991,300.002,4.79058e-09,0.607941,-0.151006,0.193256,0.413935,-0.367789,-2.8517
hover,sfc_rotor,11880,57.3392,8557.35,172.027,74.752,44.8262,324.007,466.959,822.112,822.113,300.002,1.79813e-08,0.607501,-0.151011,0.193221,0.41364,-0.367845,-2.85163
hover,sfc_rotor,11940,49.5607,8549.57,172.023,74.7855,44.7712,324.007,466.461,821.235,821.236,300.002,8.10528e-09,0.607061,-0.151017,0.193185,0.413347,-0.367901,-2.85156
hover,sfc_rotor,12000,41.7904,8541.8,172.02,74.8189,44.7163,324.007,465.964,820.36,820.361,300.002,1.32997e-08,0.606622,-0.151022,0.19315,0.413054,-0.367957,-2.85149
hover,sfc_rotor,12060,34.0285,8534.04,172.016,74.8524,44.6615,324.007,465.468,819.486,819.487,300.002,1.07083e-08,0.606183,-0.151027,0.193115,0.412761,-0.368013,-2.85143
hover,sfc_rotor,12120,26.2748,8526.28,172.012,74.8859,44.6067,324.007,464.972,818.613,818.614,300.002,1.33643e-08,0.605744,-0.151032,0.19308,0.412469,-0.368069,-2.85136
hover,sfc_rotor,12180,18.5294,8518.54,172.009,74.9195,44.5521,324.007,464.477,817.742,817.743,300.002,1.20254e-08,0.605306,-0.151038,0.193045,0.412178,-0.368125,-2.8513
hover,sfc_rotor,12240,10.7922,8510.8,172.005,74.953,44.4975,324.007,463.983,816.872,816.873,300.002,1.03706e-08,0.604868,-0.151043,0.193009,0.411887,-0.368181,-2.85124
hover,sfc_rotor,12300,3.0633,8503.07,172.001,74.9866,44.4431,324.007,463.49,816.004,816.005,300.002,1.54678e-08,0.604431,-0.151048,0.192974,0.411596,-0.368236,-2.85117
hover,sfc_rotor,12323.8,0.00297391,8500.01,172,74.9999,44.4215,324.007,463.295,815.66,815.661,300.002,1.2079e-08,0.604257,-0.15105,0.19296,0.411481,-0.368259,-2.85115
